學校名稱,學系名稱,校系代碼,招生名額,預計甄試人數,原住民外加名額,離島外加名額,願景計畫外加名額,指定項目甄試日期,國文檢定標準,國文篩選倍率,國文學測成績採計方式,英文檢定標準,英文篩選倍率,英文學測成績採計方式,數學A檢定標準,數學A篩選倍率,數學A學測成績採計方式,數學B檢定標準,數學B篩選倍率,數學B學測成績採計方式,社會檢定標準,社會篩選倍率,社會學測成績採計方式,自然檢定標準,自然篩選倍率,自然學測成績採計方式,英聽檢定標準,英聽篩選倍率,英聽學測成績採計方式,其他科目組合名稱,檢定標準,篩選倍率,學測成績採計方式,學測佔甄選總成績比例,第二階段指定項目1,第二階段指定項目2,第二階段指定項目3,第二階段指定項目4,審查資料項目A,審查資料項目B,審查資料項目C,審查資料項目D,審查資料項目E,審查資料項目F,審查資料項目G,審查資料項目H,審查資料項目I,審查資料項目J,審查資料項目K,審查資料項目L,審查資料項目M,審查資料項目N,審查資料項目O,審查資料項目P,審查資料項目Q,審查資料項目R,審查資料項目S,審查資料項目T,甄選總成績同分參酌之順序1,甄選總成績同分參酌之順序2,甄選總成績同分參酌之順序3,甄選總成績同分參酌之順序4
國立臺灣大學,中國文學系,001012,23,69,無,1,無,115.5.15,前標,3,*1.50,均標,6,*1.00,均標,,,均標,,,均標,8,*1.00,,,,,,,,,,,40%,審查資料,語文測驗筆試,寫作筆試,,true,true,true,,,true,,,,true,true,,,true,true,true,true,,,,學科能力測驗成績,語文測驗筆試,寫作筆試,
國立臺灣大學,外國語文學系,001022,43,108,無,無,無,115.5.16,前標,,*1.00,頂標,2.5,*2.00,均標,,,均標,,,前標,,*1.00,,,,A級,,,,,,,20%,審查資料,英文作文筆試,英語口試測驗,,true,true,,,true,,,,,,,true,true,true,true,true,true,,,,指定項目甄試成績,英文作文筆試,學科能力測驗成績,英語口試測驗
國立臺灣大學,歷史學系,001032,23,69,無,無,無,115.5.14,前標,6,*1.00,前標,4,*1.00,均標,,,均標,,,前標,3,*1.00,,,,,,,,,,,40%,審查資料,筆試,,,true,true,,,true,true,,,,true,true,true,,true,true,true,true,,,,筆試,審查資料,學科能力測驗成績,學測社會級分
國立臺灣大學,哲學系,001042,20,60,無,無,無,115.5.23至115.5.24,前標,6,*1.00,前標,3,*1.00,前標,,,前標,,,,,,,,,,,,,,,,40%,審查資料,口試,,,true,,,true,true,true,,,,,,,,true,true,true,true,true,,,學測國英級分總和,學測英文級分,學測國文級分,
國立臺灣大學,人類學系,001052,11,33,2,無,無,115.5.24,,,*1.00,均標,5,*1.00,,,,,,*1.00,均標,,*1.00,,,,,,,國英數B社,,3,,50%,審查資料,口試,,,true,true,true,,true,true,,,,,,,true,true,true,true,true,true,,,學測國英數B社級分總和,口試,學測英文級分,學測社會級分
國立臺灣大學,圖書資訊學系,001062,23,69,無,1,無,115.5.23,前標,5,*1.50,前標,3,*1.50,均標,,,均標,,,均標,,*1.00,,,,,,,國英社,,6,,40%,審查資料,口試,,,true,true,true,,true,true,,,true,,,true,true,true,true,true,true,true,true,true,學測英文級分,學測國英社級分總和,指定項目甄試成績,
國立臺灣大學,日本語文學系,001072,25,75,無,無,無,115.5.17,前標,3,*1.50,前標,3,*1.50,均標,,,均標,,,前標,4,*1.00,,,,,,,國英社,,5,,50%,審查資料,口試,,,true,true,,,true,true,,,,,true,true,true,true,true,true,true,true,,,口試,學科能力測驗成績,審查資料,
國立臺灣大學,戲劇學系,001082,17,51,3,無,無,115.5.23,前標,5,*1.00,前標,3,*1.00,,,,均標,10,*1.00,均標,15,*1.00,,,,,,,國英數B社,,8,,50%,審查資料,口試,,,true,,,,,,,,,true,true,,true,true,true,true,true,,,,指定項目甄試成績,學測英文級分,學測國文級分,
國立臺灣大學,數學系,001092,14,42,無,無,無,115.5.17,,,,,,,,,,,,,,,,,,,,,,,,,,,,,,,true,,,true,,,,,,true,true,,true,true,true,true,,true,true,,數學筆試,審查資料,,
國立臺灣大學,物理學系,001102,27,81,無,無,無,115.5.15,均標,,,均標,,,前標,3,,,,,,,,前標,6,,,,,,,,,0%,審查資料,物理筆試,數學筆試,,true,,,true,,true,,,,,,,true,true,,true,true,,,,物理筆試,數學筆試,審查資料,
國立臺灣大學,化學系,001112,24,72,1,無,無,115.5.23,均標,,*1.00,均標,3,*1.00,均標,5.5,*1.50,,,,,,,均標,4,*1.50,,,,,,,,20%,審查資料,化學筆試,口試,,true,,,true,,true,,,,,,,,true,true,,,true,true,,口試,化學筆試,學科能力測驗成績,審查資料
國立臺灣大學,地質科學系,001122,25,75,2,無,無,115.5.16至115.5.17,均標,,*1.00,均標,,*1.50,均標,4,*1.50,,,,,,,均標,3,*1.50,,,,國英數A自,,6,,35%,審查資料,口試,,,true,true,true,true,,true,,true,,true,,,true,true,true,true,true,,,,口試,學測國英數A自級分總和,審查資料,
國立臺灣大學,心理學系,001132,22,55,無,無,無,115.5.24,均標,,*1.00,均標,2.5,*1.00,均標,2.5,*1.00,,,,,,,均標,2.5,*1.00,,,,,,,,50%,審查資料,口試,,,true,true,true,,,true,,,,,,,,true,true,true,true,,,,口試,學科能力測驗成績,審查資料,
國立臺灣大學,地理環境資源學系,001142,15,45,1,無,無,115.5.23,,,,,,,,,,,,,,,,,,,,,,,,,,,,,,,true,true,true,true,true,true,,,,true,true,,true,true,true,true,true,true,,,口試,學科能力測驗成績,審查資料,學測英文級分
國立臺灣大學,大氣科學系,001152,20,60,1,無,無,115.5.16,均標,,*1.00,均標,,*1.00,均標,3,*1.50,,,,,,,均標,3,*1.50,,,,國英數A自,,6,,50%,審查資料,筆試,,,true,true,true,true,,true,,,,true,,true,true,true,true,true,true,,,,筆試,學測自然級分,學測數學A級分,審查資料
國立臺灣大學,政治學系政治理論組,001162,17,43,無,無,無,115.5.17,前標,5,*1.00,前標,2.5,*1.50,均標,,,前標,,,前標,5,*1.00,,,,,,,,,,,30%,審查資料,口試,,,true,true,,,true,true,,,,true,,true,true,true,true,true,true,,,,口試,審查資料,指定項目甄試成績,學測英文級分
國立臺灣大學,政治學系國際關係組,001172,18,45,無,無,無,115.5.17,前標,5,*1.00,前標,2.5,*1.50,均標,,,前標,,,前標,5,*1.00,,,,,,,,,,,30%,審查資料,口試,,,true,true,,,true,true,,,,true,,true,true,true,true,true,true,,,,口試,審查資料,指定項目甄試成績,學測英文級分
國立臺灣大學,政治學系公共行政組,001182,18,45,無,無,無,115.5.17,前標,5,*1.00,前標,2.5,*1.50,均標,,,前標,,,前標,5,*1.00,,,,,,,,,,,30%,審查資料,口試,,,true,true,,,true,true,,,,true,,true,true,true,true,true,true,,,,口試,審查資料,指定項目甄試成績,學測英文級分
國立臺灣大學,經濟學系A組,001192,20,60,無,無,無,115.5.16,,,,,,,,,,,,,,,,,,,,,,,,,,,,,,,true,true,true,true,true,true,,,,true,,true,true,true,true,true,true,true,,,口試,審查資料,學科能力測驗成績,學測英文級分
國立臺灣大學,經濟學系B組,001202,12,48,無,無,無,115.5.16,,,,,,,,,,,,,,,,,,,,,,,,,,,,,,,true,true,true,true,true,true,,,,true,,true,true,true,true,true,true,true,,,口試,審查資料,學科能力測驗成績,學測英文級分
國立臺灣大學,經濟學系C組,001212,27,81,無,無,無,115.5.16,,,,,,,,,,,,,,,,,,,,,,,,,,,,,,,true,true,true,true,true,true,,,,true,,true,true,true,true,true,true,true,,,口試,審查資料,學科能力測驗成績,學測英文級分
國立臺灣大學,社會學系,001222,22,66,1,無,無,115.5.21,前標,3,*1.00,前標,3,*1.00,均標,5,*1.00,,,,前標,3,*1.00,,,,,,,,,,,20%,審查資料,口試成績,,,true,true,,,true,true,true,,true,,,,true,true,true,true,true,,,,口試成績,審查資料,學測國英數A社級分總和,學測英文級分
國立臺灣大學,社會工作學系,001232,16,48,3,1,無,115.5.17,均標,5,*1.00,均標,3,*1.00,,,,均標,5,*1.00,均標,5,*1.00,,,,,,,,,,,30%,審查資料,口試,,,true,true,,,true,true,true,true,true,,,,,true,true,true,true,,,,口試,審查資料,學測國英數B社級分總和,學測英文級分
國立臺灣大學,醫學系,001242,51,102,無,無,無,115.5.16115.5.23,頂標,6,,,,,頂標,3,,,,,頂標,3,,頂標,3,,,,,國數A社自,,2,,0%,審查資料,生物+化學筆試,口試,生物+化學實作,true,,,true,,true,,,true,,,true,true,true,true,true,true,true,,,,,,
國立臺灣大學,醫學系(公費生),001252,1,2,無,無,無,115.5.16115.5.23,頂標,6,,,,,頂標,3,,,,,頂標,3,,頂標,3,,,,,國數A社自,,2,,0%,審查資料,生物+化學筆試,口試,生物+化學實作,true,,,true,,true,,,true,,,true,true,true,true,true,true,true,,,,,,
國立臺灣大學,牙醫學系,001262,11,28,無,2,無,115.5.16115.5.23,前標,,,頂標,2.5,,頂標,2.5,,,,,,,,頂標,2.5,,,,,國英數A自,,3,,0%,審查資料,口試,小論文,術科,true,true,true,true,,true,,,,,true,true,true,true,true,true,true,,,,術科,口試,小論文,
國立臺灣大學,藥學系,001272,23,58,無,無,無,115.5.16115.5.23,均標,,*1.00,均標,,*1.00,,3,*1.50,,,,,,,,3,*1.50,,,,國英,,2.5,,30%,審查資料,口試,生物,化學,true,,,,,true,,true,true,,,,true,true,true,true,true,true,,,口試,生物,化學,學測數學A級分
國立臺灣大學,醫學檢驗暨生物技術學系,001282,20,60,無,1,無,115.5.22,均標,,*1.00,前標,,*1.00,均標,,*1.00,,,,,,,前標,3,*1.50,,,,,,,,40%,審查資料,口試,,,true,true,,,,true,,,,,,,,true,true,true,true,,,,學測國英數A自級分總和,口試,審查資料,
國立臺灣大學,護理學系,001292,25,75,1,無,無,115.5.23,均標,,*1.00,均標,6,*1.25,均標,,*1.00,,,,,,,均標,3,*1.00,,,,,,,,50%,審查資料,口試,,,true,,,true,,true,,,,,,true,true,true,true,true,true,,,,口試,指定項目甄試成績,審查資料,學測英文級分
國立臺灣大學,物理治療學系,001302,16,48,1,無,無,115.5.16,均標,,*1.00,均標,3,*1.00,均標,3,*1.00,,,,,,,均標,3,*1.00,,,,,,,,50%,審查資料,口試,,,true,true,true,true,,true,,,true,true,,,true,true,true,true,true,true,true,,口試,學科能力測驗成績,審查資料,
國立臺灣大學,職能治療學系,001312,21,63,無,無,無,115.5.21,前標,5,*1.25,前標,6,*1.50,前標,3,*1.00,,,,,,,前標,3,*1.00,,,,,,,,50%,審查資料,口試,職能治療概論,,true,true,true,,,true,true,,true,,,,true,true,true,true,,true,,,口試,學科能力測驗成績,審查資料,
國立臺灣大學,土木工程學系,001322,57,171,2,1,無,115.5.17,均標,3,*1.00,均標,3,*1.00,均標,3,*1.00,,,,,,,均標,3,*1.00,,,,,,,,40%,審查資料,綜合筆試(A),,,true,true,,true,,true,,,,true,,true,true,true,true,true,true,,,,指定項目甄試成績,審查資料,學科能力測驗成績,
國立臺灣大學,機械工程學系,001332,82,246,無,無,無,115.5.17,,,,,,,,,,,,,,,,,,,,,,,,,,,,,,,true,true,,true,,,true,true,,,,true,true,true,,true,,true,,,指定項目甄試成績,審查資料,學測自然級分,學測數學A級分
國立臺灣大學,化學工程學系,001342,63,189,無,2,無,115.5.17,,,,,,,,,,,,,,,,,,,,,,,,,,,,,,,true,true,,true,,true,,,,,,,true,true,true,true,true,true,,,學測英數A自級分總和,學測自然級分,學測數學A級分,
國立臺灣大學,工程科學及海洋工程學系,001352,28,84,無,無,無,115.5.17,,,,,,,,,,,,,,,,,,,,,,,,,,,,,,,true,true,,true,,true,,,,true,,,true,true,true,true,true,,,,綜合筆試(A),審查資料,學測數學A級分,學測自然級分
國立臺灣大學,材料科學與工程學系,001362,33,99,無,1,無,115.5.17,,,*1.00,前標,8,*1.00,前標,5,*1.50,,,,,,,前標,3,*1.50,,,,,,,,30%,審查資料,綜合筆試(B),,,true,true,,true,,true,,,true,true,,,true,true,true,true,true,true,,,指定項目甄試成績,學測數學A級分,學測自然級分,
國立臺灣大學,醫學工程學系,001372,12,48,無,無,無,115.5.17,前標,4,*1.00,前標,4,*1.00,前標,4,*1.00,,,,,,,前標,4,*1.00,,,,,,,,50%,審查資料,綜合筆試(B),,,true,true,,true,,true,true,true,,,,true,,true,,true,true,true,,,,,,
國立臺灣大學,農藝學系,001382,15,45,2,無,無,115.5.16,,,*1.00,均標,3,*1.25,均標,3,*1.50,,,,,,,,5,*1.50,,,,國英數A自,,10,,40%,審查資料,口試,,,true,,,true,,true,true,true,,,,true,,true,,true,true,,,,學測國英數A自級分總和,學測自然級分,學測數學A級分,學測英文級分
國立臺灣大學,生物環境系統工程學系,001392,28,84,1,無,無,115.5.15,均標,,*1.00,均標,,*1.00,均標,6,*1.00,,,,,,,均標,3,*1.00,,,,,,,,30%,審查資料,口試,,,true,true,,true,,true,,,,,,true,true,true,true,true,true,,,,學科能力測驗成績,口試,審查資料,
國立臺灣大學,農業化學系,001402,28,84,無,無,無,115.5.16,均標,,*1.00,均標,,*1.00,均標,5,*1.00,,,,,,,均標,3,*1.50,,,,國英數A自,,10,,50%,審查資料,口試,,,true,true,,true,,true,true,,,,true,true,,true,,true,true,,,,口試,審查資料,學測國英數A自級分總和,學測自然級分
國立臺灣大學,森林環境暨資源學系,001412,42,126,4,無,無,115.5.23,,,,,,,,,,,,,,,,,,,,,,,,,,,,,,,true,true,,true,true,true,,,,true,,,true,true,true,true,true,true,true,,口試,學測英數A自級分總和,審查資料,學測自然級分
國立臺灣大學,動物科學技術學系,001422,17,51,無,無,無,115.5.16,均標,,*1.00,均標,,*1.00,均標,,*1.00,,,,,,,均標,3,*1.50,,,,國英數A自,,6,,20%,審查資料,筆試,,,true,true,true,true,,true,,,,true,true,,true,true,,true,true,,,,筆試,審查資料,學測自然級分,學測數學A級分
國立臺灣大學,農業經濟學系,001432,19,57,1,無,無,115.5.22,前標,,*1.00,前標,4,*1.00,前標,3,*1.00,,,,,,,,,,,,,,,,,40%,審查資料,口試,,,true,true,true,true,true,true,,,,true,true,,true,true,true,true,true,true,,,學科能力測驗成績,口試,學測數學A級分,學測英文級分
國立臺灣大學,園藝暨景觀學系,001442,24,60,3,無,無,115.5.19,均標,,*1.00,均標,5,*1.00,均標,,*1.00,,,,,,,均標,2.5,*1.00,,,,,,,,50%,審查資料,口試,,,true,true,true,true,,true,,,,true,true,,true,true,true,true,true,,,,學測國英數A自級分總和,口試,審查資料,學測英文級分
國立臺灣大學,獸醫學系,001452,29,73,無,2,無,115.5.20至115.5.21,均標,3,*1.00,前標,4,*1.00,均標,3,*1.00,,,,,,,前標,2.5,*1.00,,,,國英數A自,,5,,40%,審查資料,口試,,,true,true,true,true,true,,true,,true,,,,true,true,true,true,true,true,true,,口試,學科能力測驗成績,學測英文級分,學測國文級分
國立臺灣大學,生物產業傳播暨發展學系,001462,20,60,3,無,無,115.5.22,前標,3,*1.25,前標,3,*1.25,均標,3,*1.00,,,,前標,3,*1.00,,,,,,,,,,,50%,審查資料,口試,,,true,true,,,true,true,,,true,,,,true,true,true,true,true,,,,學科能力測驗成績,口試,審查資料,
國立臺灣大學,生物機電工程學系,001472,20,60,無,無,無,115.5.17,,,,,,,,,,,,,,,,,,,,,,,,,,,,,,,true,true,,true,,true,,,,,,,true,true,true,true,true,,,,學科能力測驗成績,口試,學測數學A級分,學測自然級分
國立臺灣大學,昆蟲學系,001482,17,51,1,無,無,115.5.21至115.5.22,均標,,*1.00,均標,,*1.00,均標,,*1.00,,,,,,,均標,3,*2.00,,,,英數A自,,4.5,,30%,審查資料,口試,,,true,,,true,,,,,,,,,true,true,,true,,,,,口試,學科能力測驗成績,學測自然級分,
國立臺灣大學,植物病理與微生物學系,001492,17,51,1,無,無,115.5.16,均標,,*1.00,均標,5,*1.00,均標,,*1.00,,,,,,,均標,3,*2.00,,,,英數A自,,8,,40%,審查資料,口試,,,true,true,,true,,true,,,,true,true,,true,true,,true,true,,,,口試,學科能力測驗成績,審查資料,
國立臺灣大學,工商管理學系企業管理組,001502,28,84,無,無,無,115.5.22,,,*1.00,頂標,,*1.00,前標,3,*1.00,,,,,,*1.00,,,,,,,國英數A社,,4,,40%,審查資料,口試,,,true,true,,,,true,true,,,true,,,true,true,true,true,true,true,true,,學測國英數A社級分總和,口試,審查資料,
國立臺灣大學,工商管理學系科技管理組,001512,24,72,無,無,無,115.5.22,,,*1.00,頂標,,*1.00,前標,3,*1.00,,,,,,,,,*1.00,,,,國英數A自,,4,,40%,審查資料,口試,,,true,true,,,,true,true,,,true,,,true,true,true,true,true,true,true,,學測國英數A自級分總和,口試,審查資料,
國立臺灣大學,會計學系,001522,42,126,無,無,無,115.5.15,頂標,,*1.00,頂標,3,*1.00,頂標,3,*1.50,,,,,,,,,,,,,國英數A,,4,,50%,審查資料,口試,,,true,true,,,,true,true,true,,,,,,true,true,true,true,true,true,,學測國英數A級分總和,口試,審查資料,
國立臺灣大學,財務金融學系,001532,50,100,無,2,無,115.5.22,頂標,,*1.00,頂標,2,*1.00,頂標,3,*1.00,,,,,,,,,,,,,國英數A,,4,,40%,審查資料,口試,,,true,true,,,,true,true,,,,,,,true,true,true,true,true,true,,口試,審查資料,學測國英數A級分總和,學測國文級分
國立臺灣大學,國際企業學系,001542,48,120,無,1,無,115.5.14,,,*1.00,頂標,2.5,*1.00,前標,,*1.00,,,,,,*1.00,,,,,,,國英數A社,,3.5,,40%,審查資料,口試,,,true,true,,,,true,true,,,true,,true,,true,,,true,true,true,,口試,審查資料,學科能力測驗成績,學測數學A級分
國立臺灣大學,資訊管理學系,001552,35,105,無,無,無,115.5.22,,,*1.00,頂標,3,*1.00,頂標,3,*1.00,,,,,,,,,*1.00,,,,國英數A自,,5,,40%,審查資料,口試,,,true,true,,,,true,,,,true,,true,true,true,true,true,true,true,true,true,學科能力測驗成績,口試,審查資料,
國立臺灣大學,公共衛生學系,001562,26,78,1,無,無,115.5.16,,,,,,,,,,,,,,,,,,,,,,,,,,,,,,,true,true,true,true,true,,,,,,,,true,true,,true,true,,,,口試,學測數學A級分,學測英文級分,學測自然級分
國立臺灣大學,電機工程學系,001572,94,235,無,1,無,115.5.17,,,,,,,,,,,,,,,,,,,,,,,,,,,,,,,true,true,,true,,,,,,,,,,,,true,true,true,true,true,審查資料,物理筆試,數學筆試,學科能力測驗成績
國立臺灣大學,資訊工程學系,001582,57,143,無,2,無,115.5.17,,,,,,,,,,,,,,,,,,,,,,,,,,,,,,,true,true,true,true,,true,,,,true,,,true,true,,true,true,true,true,,審查資料,數學筆試,學科能力測驗成績,學測數學A級分
國立臺灣大學,資訊工程學系(APCS組),001592,4,20,無,無,無,115.5.17,,,,,,,,,,,,,,,,,,,,,,,,,,,,,,,true,true,true,true,,true,,,,true,,,true,true,,true,true,true,true,,審查資料,數學筆試,學科能力測驗成績,
國立臺灣大學,法律學系法學組,001602,18,54,1,無,無,115.5.24,頂標,3,*1.00,頂標,3,*1.00,,,,前標,,*1.00,頂標,,*1.00,,,,,,,,,,,40%,審查資料,口試,,,true,true,true,,,true,,,,,,,true,true,true,true,true,true,,,學測英文級分,學測國文級分,學測數學B級分,學測社會級分
國立臺灣大學,法律學系司法組,001612,18,54,1,2,無,115.5.24,頂標,3,*1.00,頂標,3,*1.00,,,,前標,,*1.00,頂標,,*1.00,,,,,,,,,,,40%,審查資料,口試,,,true,true,true,,,true,,,,,,,true,true,true,true,true,true,,,學測英文級分,學測國文級分,學測數學B級分,學測社會級分
國立臺灣大學,法律學系財經法學組,001622,18,54,1,2,無,115.5.24,頂標,3,*1.00,頂標,3,*1.00,,,,前標,,*1.00,頂標,,*1.00,,,,,,,,,,,40%,審查資料,口試,,,true,true,true,,,true,,,,,,,true,true,true,true,true,true,,,學測英文級分,學測國文級分,學測數學B級分,學測社會級分
國立臺灣大學,生命科學系,001632,32,96,無,無,無,115.5.16,前標,,*1.00,,3,*1.00,前標,,*1.00,,,,,,,,3,*1.00,,,,國英數A自,,5,,20%,審查資料,筆試,口試,,true,true,true,true,,true,,,,true,,,true,true,true,true,true,,,,筆試,學測自然級分,學測英文級分,學測國英數A自級分總和
國立臺灣大學,生化科技學系,001642,29,87,2,無,無,115.5.19至115.5.20,均標,,*1.00,均標,6,*1.00,均標,10,*1.00,,,,,,,均標,3,*1.50,,,,,,,,50%,審查資料,口試,,,true,true,,true,,true,,,,true,,true,true,true,true,true,true,true,,,學科能力測驗成績,審查資料,學測自然級分,學測數學A級分
國立臺灣大學,國際體育運動事務學士學位學程,001652,5,25,1,無,無,115.5.21至115.5.22,均標,8,*1.25,均標,5,*2.00,,,,均標,,*1.00,均標,,*1.00,,,,,,,,,,,50%,審查資料,口試,,,true,true,,,true,true,true,true,,true,,,,true,,,true,true,true,,口試,審查資料,學科能力測驗成績,
國立臺灣大學,希望組甲組(文社法),001662,14,49,無,無,無,,前標,3.5,*1.00,前標,3.5,*1.50,,,,均標,,,均標,3.5,*1.00,,,,,,,國英數B社,,6,,50%,審查資料,,,,true,,true,,true,,,,true,,true,true,true,true,true,true,true,true,true,,審查資料,學測國英數B社級分總和,學測英文級分,學測國文級分
國立臺灣大學,希望組乙組(地理及生傳),001672,2,8,無,無,無,,,,,,,,,,,,,,,,,,,,,,,,,,,,,,,,true,,true,,true,,,,true,,true,true,true,true,true,true,true,true,true,,審查資料,學測英數A社級分總和,學測數學A級分,學測英文級分
國立臺灣大學,希望組丙組(理),001682,6,24,無,無,無,,均標,,,均標,4,*1.00,前標,4,*1.50,,,,,,,前標,4,*1.50,,,,國英數A自,,6,,50%,審查資料,,,,true,,true,true,,,,,true,,true,true,true,true,true,true,true,true,true,,審查資料,學測自然級分,學測數學A級分,學測英文級分
國立臺灣大學,希望組丁組(生醫),001692,8,32,無,無,無,,前標,,,前標,4,*1.50,前標,4,*1.00,,,,,,,前標,4,*1.50,,,,國英數A自,,6,,50%,審查資料,,,,true,,true,true,,,,,true,,true,true,true,true,true,true,true,true,true,,學測國英數A自級分總和,學測自然級分,學測英文級分,學測數學A級分
國立臺灣大學,希望組戊組(工電資),001702,14,49,無,無,無,,均標,,,均標,3.5,*1.00,前標,3.5,*1.00,,,,,,,前標,3.5,*1.00,,,,國英數A自,,6,,45%,審查資料,,,,true,,true,true,,,,,true,,true,true,true,true,true,true,true,true,true,,審查資料,學測國英數A自級分總和,學測數學A級分,學測自然級分
國立臺灣大學,希望組己組(經管),001712,5,15,無,無,無,,前標,,*1.00,前標,3,*1.00,前標,3,*1.00,,,,均標,,,,,,,,,國英數A社,,5,,50%,審查資料,,,,true,,true,true,true,,,,true,,true,true,true,true,true,true,true,true,true,true,審查資料,學測國英數A社級分總和,學測數學A級分,學測英文級分
國立臺灣大學,希望組庚組(生農),001722,9,36,無,無,無,,均標,,,均標,4,*1.50,均標,4,*1.00,,,,,,,均標,4,*1.50,,,,國英數A自,,6,,50%,審查資料,,,,true,,true,true,,,,,true,,true,true,true,true,true,true,true,true,true,,審查資料,學測國英數A自級分總和,學測自然級分,學測英文級分
國立臺灣大學,希望組辛組(醫牙),001732,2,4,無,無,無,115.5.23,頂標,6,*1.00,,,,頂標,3,*1.50,,,,頂標,3,*1.50,頂標,3,*2.00,,,,國數A社自,,2,,50%,審查資料,口試,,,true,true,true,true,,,,,true,,true,true,true,true,true,true,true,true,true,,學測國數A社自級分總和,學測自然級分,學測社會級分,學測數學A級分
國立臺灣師範大學,教育學系,002012,26,65,2,3,無,115.5.15至115.5.16,前標,,*1.00,前標,,*1.00,,,,均標,,*1.00,均標,,*1.00,,,,,,,國英數B社,,2.5,,50%,審查資料,口試,,,true,true,,,true,true,true,true,,,,,true,true,,true,true,,,,學測國英數B社級分總和,口試,審查資料,學測英文級分
國立臺灣師範大學,教育心理與輔導學系,002022,16,48,無,3,無,115.5.16,前標,,*1.00,前標,,*1.50,,,,均標,,*1.50,均標,,*1.00,,,,,,,國英數B社,,3,,40%,審查資料,口試,,,true,,,,,true,true,,true,,,,true,true,true,true,true,,,,口試,學科能力測驗成績,審查資料,學測英文級分
國立臺灣師範大學,社會教育學系,002032,24,72,1,無,無,115.5.15至115.5.16,前標,3,*1.00,前標,5,*1.00,,,,均標,5,*1.00,前標,3,*1.00,,,,,,,,,,,50%,審查資料,口試,,,true,true,,,true,true,true,,true,,,,true,true,true,true,true,,,,口試,審查資料,學測社會級分,學測國英數B社級分總和
國立臺灣師範大學,社會教育學系(青年儲蓄帳戶組),002042,1,50,無,無,無,115.5.15至115.5.16,前標,,,前標,,,,,,,,,,,,,,,,,,,,,,0%,審查資料,口試,,,true,true,,,true,true,true,,true,,,,true,true,true,true,true,true,,,口試,審查資料,,
國立臺灣師範大學,健康促進與衛生教育學系,002052,19,48,1,無,無,115.5.18,均標,2.5,*1.00,均標,2.5,*1.50,,,*1.00,,,,,,,,,*1.50,,,,,,,,50%,審查資料,口試,,,true,true,,true,true,true,true,,,true,,,true,true,true,true,true,,,,口試,學科能力測驗成績,審查資料,學測英文級分
國立臺灣師範大學,幼兒與家庭科學學系家庭生活與教育組,002062,14,42,3,無,無,,均標,,*1.25,均標,,*1.50,,,,均標,,*1.50,均標,,*1.00,,,,,,,國英數B社,,3,,45%,審查資料,,,,true,true,true,,,true,true,,true,,,,true,true,true,true,true,,,,指定項目甄試成績,學科能力測驗成績,學測國英數B社級分總和,學測英文級分
國立臺灣師範大學,幼兒與家庭科學學系幼兒發展與教育組,002072,15,45,3,1,無,,均標,,*1.25,均標,3,*1.25,,,,,4,*1.25,,,*1.00,,,,,,,國英數B社,,5,,45%,審查資料,,,,true,true,true,,true,true,true,,true,,,,true,true,true,true,true,,,,指定項目甄試成績,學科能力測驗成績,學測國英數B社級分總和,學測英文級分
國立臺灣師範大學,公民教育與活動領導學系,002082,30,90,2,無,無,,均標,,*1.50,均標,,*1.00,,,,均標,,*1.00,前標,3,*2.00,,,,,,,國英數B社,,4,,40%,審查資料,,,,true,,,,true,true,true,true,true,,,,,true,true,true,true,,,,學科能力測驗成績,審查資料,學測社會級分,學測國文級分
國立臺灣師範大學,公民教育與活動領導學系(公費生A組),002092,1,3,無,無,無,,均標,,*1.50,均標,,*1.00,,,,均標,,*1.00,前標,3,*2.00,,,,,,,國英數B社,,4,,40%,審查資料,,,,true,,,,true,true,true,true,true,,,,,true,true,true,true,,,,學科能力測驗成績,審查資料,學測社會級分,學測國文級分
國立臺灣師範大學,公民教育與活動領導學系(公費生B組),002102,1,3,無,無,無,,均標,,*1.50,均標,,*1.00,,,,均標,,*1.00,前標,3,*2.00,,,,,,,國英數B社,,4,,40%,審查資料,,,,true,,,,true,true,true,true,true,,,,,true,true,true,true,,,,學科能力測驗成績,審查資料,學測社會級分,學測國文級分
國立臺灣師範大學,特殊教育學系,002112,15,45,2,無,無,115.5.15,均標,3,*1.00,均標,4,*1.00,,,,,,,,,,,,,,,,國英,,5,,40%,審查資料,面試,,,true,,,,,true,true,,true,,,,,true,true,true,true,,,,面試,審查資料,學測國英級分總和,學測國文級分
國立臺灣師範大學,特殊教育學系(公費生),002122,1,8,無,無,無,115.5.15,均標,8,*1.00,均標,9,*1.00,,,,,,,,,,,,,,,,國英,,10,,40%,審查資料,面試,,,true,,,,,true,true,,true,,,,,true,true,true,true,,,,面試,審查資料,學科能力測驗成績,學測國文級分
國立臺灣師範大學,學習科學學士學位學程,002132,5,20,無,無,無,115.5.16,均標,8,*1.50,均標,,*1.50,均標,4,*2.00,,,,,,,,,,,,,,,,,50%,審查資料,口試,,,true,,true,,,true,true,true,,,,,true,true,true,true,true,true,,,學測國英數A級分總和,口試,審查資料,學測數學A級分
國立臺灣師範大學,學習科學學士學位學程(青年儲蓄帳戶組),002142,1,50,無,無,無,115.5.16,均標,,,均標,,,,,,,,,,,,,,,,,,,,,,0%,審查資料,口試,,,true,,true,,,true,true,true,,,,,true,true,true,true,true,true,,,指定項目甄試成績,口試,審查資料,
國立臺灣師範大學,教育學院學士班,002152,9,36,1,無,無,115.5.15,均標,,*1.00,前標,4,*1.50,均標,,,均標,,,均標,,,,,,,,,國英,,5,,40%,審查資料,口試,,,true,true,true,,true,true,true,,true,,,,true,true,true,true,true,,,,學測英文級分,學科能力測驗成績,口試,審查資料
國立臺灣師範大學,教育學院學士班(青年儲蓄帳戶組),002162,1,50,無,無,無,115.5.15,均標,,,均標,,,,,,,,,,,,,,,,,,,,,,0%,審查資料,口試,,,true,true,true,,true,true,true,,true,,,,true,true,true,true,true,true,,,口試,審查資料,,
國立臺灣師範大學,國文學系,002172,36,108,無,無,無,,前標,3,*2.00,前標,,*1.50,,,,,,,前標,,*1.00,,,,,,,國英社,,4,,50%,審查資料,,,,true,,,,,true,,,,,,,true,true,,true,true,,,,審查資料,學測國文級分,學測英文級分,學測國英社級分總和
國立臺灣師範大學,國文學系(公費生),002182,1,3,無,無,無,,前標,3,*2.00,前標,,*1.50,,,,,,,前標,,*1.00,,,,,,,國英社,,4,,50%,審查資料,,,,true,,,,,true,,,,,,,true,true,,true,true,,,,審查資料,學測國文級分,學測英文級分,學測國英社級分總和
國立臺灣師範大學,英語學系,002192,40,120,無,3,無,115.5.18至115.5.19,,,*1.50,頂標,3,*2.00,,,,,,*1.00,,,*1.00,,,,,,,,,,,30%,審查資料,口試,,,true,,,,,true,,,,,,true,,true,true,true,true,,,,口試,審查資料,學測英文級分,學測國文級分
國立臺灣師範大學,歷史學系,002202,25,75,無,無,無,,前標,5,*1.00,前標,4,*1.00,,,,,,*1.00,前標,3,*1.00,,,,,,,國英社,,6,,50%,審查資料,,,,true,,,,true,true,true,,true,true,,,,true,true,true,true,,,,審查資料,學科能力測驗成績,學測社會級分,學測國文級分
國立臺灣師範大學,地理學系,002212,35,105,3,無,無,115.5.16,前標,,*1.00,均標,4,*1.00,,,,均標,3,*1.00,均標,5,*1.00,,,,,,,,,,,50%,審查資料,口試,,,true,true,true,true,true,true,,,true,true,,,true,true,true,true,true,,,,口試,審查資料,學測數學B級分,學測社會級分
國立臺灣師範大學,地理學系(青年儲蓄帳戶組),002222,1,50,無,無,無,115.5.16,均標,,,均標,,,,,,,,,,,,,,,,,,,,,,0%,審查資料,口試,,,true,true,true,true,true,true,,,true,true,,,true,true,true,true,true,true,,,口試,審查資料,,
國立臺灣師範大學,臺灣語文學系,002232,8,32,1,無,無,115.5.15,前標,7,*1.00,均標,5,*1.50,,,,,,,前標,4,*1.75,,,,,,,,,,,50%,審查資料,口試,,,true,true,,,,true,,,,,,,,true,,true,true,true,,,學測社會級分,學測英文級分,學測國文級分,指定項目甄試成績
國立臺灣師範大學,數學系,002242,44,132,1,1,無,,,,,,,,,,,,,,,,,,,,,,,,,,,,,,,,true,true,true,,,true,,,,true,,,,true,,true,true,,,,審查資料,學測數學A級分,學測英文級分,學測自然級分
國立臺灣師範大學,物理學系,002252,18,54,2,無,無,115.5.18,,,,,,,,,,,,,,,,,,,,,,,,,,,,,,,true,true,true,true,,true,,,,true,,true,true,true,true,true,true,,,,物理測驗,學測數學A級分,學測自然級分,審查資料
國立臺灣師範大學,物理學系國際組,002262,17,51,無,無,無,115.5.18,,,,,,,,,,,,,,,,,,,,,,,,,,,,,,,true,true,true,true,,true,,,,true,,true,true,true,true,true,true,,,,面試(英語),學測數學A級分,學測自然級分,審查資料
國立臺灣師範大學,物理學系(公費生),002272,1,10,無,無,無,115.5.18,,,,,,,,,,,,,,,,,,,,,,,,,,,,,,,true,true,true,true,,true,,,,true,,true,true,true,true,true,true,,,,物理測驗,學測數學A級分,學測自然級分,審查資料
國立臺灣師範大學,化學系,002282,37,111,無,1,無,115.5.16,,,,,,,,,,,,,,,,,,,,,,,,,,,,,,,true,true,,true,,true,,,,true,,,true,true,,,,,,,化學學科筆試,學測自然級分,學測數學A級分,學測英文級分
國立臺灣師範大學,化學系(公費生),002292,1,5,無,無,無,115.5.16,,,,,,,,,,,,,,,,,,,,,,,,,,,,,,,true,true,,true,,true,,,,true,,,true,true,,,,,,,化學學科筆試,學測自然級分,學測數學A級分,學測英文級分
國立臺灣師範大學,生命科學系,002302,21,63,2,1,無,115.5.15至115.5.16,均標,,,均標,,,均標,,*1.00,,,,,,,,3,*1.00,,,,國英數A自,,10,,40%,審查資料,面試,,,true,,,true,,true,,,,true,true,true,,true,,,,,,,面試,審查資料,學測自然級分,學測數學A級分
國立臺灣師範大學,生命科學系(青年儲蓄帳戶組),002312,1,50,無,無,無,115.5.15至115.5.16,均標,,,均標,,,,,,,,,,,,均標,,,,,,,,,,0%,審查資料,面試,,,true,,,true,,true,,,true,,true,true,,true,,true,true,true,,,面試,審查資料,,
國立臺灣師範大學,地球科學系,002322,13,46,無,1,無,,,,*1.00,,,*1.00,均標,12,*1.50,,,,,,,均標,3.5,*1.50,,,,,,,,40%,審查資料,,,,true,,,true,,true,true,,,true,,,true,true,true,true,true,true,,,學科能力測驗成績,指定項目甄試成績,學測自然級分,學測數學A級分
國立臺灣師範大學,資訊工程學系,002332,23,69,無,1,無,115.5.15至115.5.16,均標,,,均標,8,*1.00,前標,3,*1.00,,,,,,,前標,,*1.00,,,,,,,,50%,審查資料,口試,,,true,true,true,,,true,,,,true,,true,true,true,,true,true,,,,指定項目甄試成績,學測數學A級分,學測英文級分,學測自然級分
國立臺灣師範大學,資訊工程學系(APCS組),002342,5,25,無,無,無,115.5.15,均標,,,均標,10,*1.00,前標,9,*1.00,,,,,,,,,,,,,,,,,20%,審查資料,口試,,,true,true,true,,,true,,,,true,,true,true,true,,true,true,,,,口試,審查資料,學測數學A級分,學測英文級分
國立臺灣師範大學,資訊工程學系(資安組),002352,3,9,無,無,無,115.5.15,均標,,,均標,10,*1.00,前標,3,*1.25,,,,,,,,,,,,,,,,,20%,審查資料,口試,筆試,,true,true,true,,,true,,,,true,,true,true,true,,true,true,,,,口試,審查資料,筆試,學測數學A級分
國立臺灣師範大學,營養科學學士學位學程,002362,13,39,1,無,無,,,,*1.00,均標,,*1.25,,,*1.00,,,,,,,均標,3,*1.25,,,,國英數A自,,10,,50%,審查資料,,,,true,true,,true,,true,,,,,,,,true,true,true,true,,,,學科能力測驗成績,指定項目甄試成績,學測自然級分,學測英文級分
國立臺灣師範大學,科技應用與人力資源發展學系,002372,39,117,1,無,無,115.5.18,,,,,,,,,,,,,,,,,,,,,,,,,,,,,,,true,true,true,true,,true,,,,true,true,true,,true,true,true,true,true,,,面試,學科能力測驗成績,學測數學A級分,學測英文級分
國立臺灣師範大學,圖文傳播學系,002382,10,50,無,無,無,115.5.16,均標,7,*1.00,均標,5,*1.00,均標,8,*1.00,,,,,,,,,,,,,,,,,50%,審查資料,面試,,,true,true,true,,,true,,,,true,,true,true,true,true,true,true,,,,學測英文級分,面試,學測國文級分,審查資料
國立臺灣師範大學,機電工程學系,002392,14,49,3,無,無,115.5.18,均標,,*1.00,均標,10,*1.50,前標,5,*1.50,,,,,,,均標,8,*1.50,,,,國英數A自,,3.5,,50%,審查資料,面試,,,true,true,true,true,,true,,,,true,,true,true,true,true,true,true,,,,學測國英數A自級分總和,學測數學A級分,學測英文級分,學測自然級分
國立臺灣師範大學,電機工程學系,002402,29,87,無,無,無,115.5.16至115.5.17,均標,,,前標,5,*1.00,前標,3,*1.00,,,,,,,前標,5,*1.00,,,,,,,,50%,審查資料,口試,,,true,true,true,true,,,,,,true,true,true,true,true,true,true,true,true,,,口試,學測數學A級分,學測自然級分,學測英文級分
國立臺灣師範大學,光電工程學士學位學程,002412,15,38,無,無,無,115.5.17,均標,,*1.00,前標,8,*1.00,前標,8,*1.50,,,,,,,前標,2.5,*1.50,,,,,,,,50%,審查資料,口試,,,true,true,true,true,,true,,,,true,true,,true,true,true,true,true,,,,學測國英數A自級分總和,學測自然級分,學測數學A級分,學測英文級分
國立臺灣師範大學,光電工程學士學位學程(青年儲蓄帳戶組),002422,1,50,無,無,無,115.5.17,,,,,,,,,,,,,,,,,,,,,,,,,,,,,,,true,true,true,true,,true,,,,true,true,,true,true,true,true,true,true,,,指定項目甄試成績,口試,審查資料,
國立臺灣師範大學,華語文教學系應用華語文學組,002432,18,54,1,無,無,115.5.16至115.5.17,均標,5,*1.00,均標,3,*1.00,,,,,,,,,,,,,,,,,,,,30%,審查資料,口試,,,true,,,,,true,,true,,,,true,true,true,true,true,true,,,,口試,審查資料,學測國英級分總和,學測英文級分
國立臺灣師範大學,東亞學系,002442,20,60,1,無,無,115.5.15至115.5.16,均標,4,*1.00,前標,5,*1.00,,,,均標,3,*1.00,均標,,*1.00,,,,,,,,,,,50%,審查資料,面試,,,true,true,true,,true,true,,,true,true,,true,,true,true,true,true,true,,,學測國英數B社級分總和,學測英文級分,面試,審查資料
國立臺灣師範大學,企業管理學系,002452,17,51,1,無,無,115.5.15115.5.16,均標,5,*1.00,均標,3,*1.00,均標,,,前標,,,,,,,,,,,,,,,,50%,審查資料,口試,,,true,true,true,,true,true,true,,true,true,,,,true,true,true,true,,,,學科能力測驗成績,學測英文級分,學測國文級分,口試
國立臺灣師範大學,設計學系產品設計組,002462,10,50,無,1,無,115.5.16,均標,,*1.00,均標,,*1.00,,,,均標,,*1.00,,,,,,,,,,國英數B,,5,,50%,審查資料,口試,設計素描,,true,,true,,,true,,,,,true,true,true,true,true,true,,true,,,指定項目甄試成績,學測國英數B級分總和,口試,審查資料
國立臺灣師範大學,晨光招生(學習科學學士學位學程),002472,3,15,無,無,無,,後標,8,*1.50,均標,,*1.50,均標,5,*2.00,,,,,,,,,,,,,,,,,25%,審查資料,,,,true,,,,,true,,,true,,,,,true,,true,true,true,,,學測國英數A級分總和,指定項目甄試成績,學測數學A級分,學測國文級分
國立臺灣師範大學,晨光招生(生命科學系),002482,3,21,無,無,無,,均標,,,均標,,*1.00,後標,,,後標,,,,,,,7,*1.00,,,,,,,,25%,審查資料,,,,true,true,true,true,,true,,,true,,,,,true,,true,true,true,,,指定項目甄試成績,學測自然級分,學測英文級分,學測國文級分
國立臺灣師範大學,晨光招生(光電工程學士學位學程),002492,2,20,無,無,無,,後標,,*1.00,後標,,*1.00,均標,20,*1.50,,,,,,,均標,10,*1.50,,,,,,,,25%,審查資料,,,,true,,,,,true,,,true,,,,,true,,true,true,true,,,指定項目甄試成績,學測國英數A自級分總和,學測自然級分,學測數學A級分
國立臺灣師範大學,晨光招生(企業管理學系),002502,2,20,無,無,無,,均標,15,*1.00,均標,10,*1.00,均標,,,前標,,,,,,,,,,,,,,,,25%,審查資料,,,,true,,,,,true,,,true,,,,,true,,true,true,true,,,學測國英級分總和,學測英文級分,學測國文級分,指定項目甄試成績
國立臺灣師範大學,晨光招生(表演藝術學系),002512,2,20,無,無,無,,均標,10,*1.00,底標,,*1.00,,,,,,,,,,,,,,,,,,,,25%,審查資料,,,,true,,,,,true,,,true,,,,,true,,true,true,true,,,指定項目甄試成績,學科能力測驗成績,學測國文級分,學測英文級分
國立臺灣師範大學,體育與運動科學系(青年儲蓄帳戶組),002522,1,50,無,無,無,,均標,,,後標,,,,,,,,,,,,,,,,,,,,,,0%,審查資料,,,,true,true,,,,true,true,,true,,,,true,true,true,true,true,true,,,,,,
國立臺灣師範大學,音樂學系,002532,63,252,1,2,無,,後標,,*1.00,後標,,*1.00,,,,,,,,,,,,,,,,,,,,15%,審查資料,,,,,,true,,,,,,,true,,,,true,,,,true,,,主修術科考試,學測英文級分,學測國文級分,術科考試成績
國立臺灣師範大學,表演藝術學系,002542,6,36,1,無,無,115.5.16,均標,6,*2.00,均標,6,*1.50,,,,,,,,,,,,,,,,,,,,35%,審查資料,演唱、朗讀及肢體呈現,,,true,true,true,,,true,true,,,true,,,true,true,,true,,true,,,演唱、朗讀及肢體呈現,審查資料,學科能力測驗成績,學測國文級分
國立臺灣師範大學,設計學系視覺設計組,002552,10,50,無,無,無,115.5.16,,,*1.00,,,*1.00,,,,,,,,,,,,,,,,國英社,,7,,35%,審查資料,口試,,,true,,true,,,true,,,,,true,true,true,true,true,true,,true,,,指定項目甄試成績,素描術科考試,學測國英社級分總和,術科考試成績
國立臺灣師範大學,美術學系繪畫組,002562,13,52,1,1,無,115.5.16,,,*1.00,後標,,*1.00,,,,,,,,,*1.00,,,,,,,國英社,,6,,40%,審查資料,口試,,,true,true,true,,,true,true,,true,true,,,,true,true,true,true,true,,,口試,審查資料,術科考試成績,學科能力測驗成績
國立臺灣師範大學,美術學系水墨畫組,002572,13,52,1,無,無,115.5.16,,,*1.00,後標,,*1.00,,,,,,,,,*1.00,,,,,,,國英社,,6,,30%,審查資料,口試,,,true,true,true,,,true,true,,true,true,,,,true,true,true,true,true,,,口試,審查資料,術科考試成績,學科能力測驗成績
國立臺灣師範大學,體育與運動科學系,002582,24,72,2,1,無,115.5.15至115.5.16,均標,,*1.00,後標,,*2.00,,,,,,,後標,,*1.00,後標,,*1.00,,,,國英社自,,3,,30%,審查資料,口試,,,true,true,,,,true,true,,true,,,,true,true,true,true,true,,,,口試,術科考試成績,學測英文級分,審查資料
國立中興大學,中國文學系,003012,26,78,2,無,無,115.5.15,均標,3,*1.50,均標,6,*1.25,,,,,,,,,*1.25,,,,,,,,,,,40%,審查資料,國文能力測驗,,,true,true,true,,true,true,true,true,,,,,true,true,true,true,true,true,,,國文能力測驗,學測國文級分,審查資料,學測社會級分
國立中興大學,外國語文學系,003022,20,60,2,1,無,115.5.15,均標,8,*1.50,前標,3,*2.00,,,,,,,均標,,*1.00,,,,,,,,,,,40%,審查資料,英文讀寫能力,,,true,true,true,,true,true,,,true,,,true,true,true,true,true,true,,,,英文讀寫能力,學測英文級分,學測國文級分,審查資料
國立中興大學,歷史學系,003032,23,69,3,無,無,115.5.20,均標,6,*1.25,均標,6,*1.00,,,,,,,前標,3,*1.50,,,,,,,,,,,50%,審查資料,面試,,,true,true,true,,true,true,,,,,true,,true,true,true,true,true,,,,面試,學測社會級分,審查資料,學測英文級分
國立中興大學,台灣人文創新學士學位學程,003042,7,49,1,無,無,115.5.18,均標,7,*2.00,均標,10,*1.00,,,,,,,均標,12,*1.50,,,,,,,,,,,20%,審查資料,面試,,,true,true,true,,true,true,true,true,,,,,true,true,true,true,true,,,,面試,審查資料,學測國文級分,學測社會級分
國立中興大學,財務金融學系,003052,26,78,1,2,無,,均標,,*1.00,前標,3,*2.00,均標,8,*2.00,,,,,,,,,,,,,國英數A社,,10,,50%,審查資料,,,,true,true,,true,true,true,,,true,,,true,true,true,true,true,true,,,,學測英文級分,學測數學A級分,學測國文級分,審查資料
國立中興大學,企業管理學系,003062,21,63,1,無,無,115.5.21,,3,*1.00,前標,8,*2.00,均標,,,前標,,,,3,*1.00,,,,,,,,,,,50%,審查資料,面試,,,true,true,true,,true,,true,true,true,,,true,,true,true,true,true,true,true,,學科能力測驗成績,審查資料,學測英文級分,面試
國立中興大學,資訊管理學系,003072,14,49,1,無,無,,均標,10,*1.00,前標,10,*2.00,前標,3.5,*2.00,,,,,,,均標,10,*1.00,,,,,,,,50%,審查資料,,,,true,true,true,,,,true,,,true,,true,true,true,,true,true,,,,學科能力測驗成績,審查資料,學測國英數A自級分總和,學測數學A級分
國立中興大學,資訊管理學系(APCS組),003082,3,12,無,無,無,,均標,,*1.00,前標,12,*2.00,前標,4,*2.00,,,,,,,均標,12,*1.00,,,,,,,,50%,審查資料,,,,true,true,true,,,,true,,,true,,true,true,true,,true,true,,,,學測數學A級分,學測自然級分,學測英文級分,審查資料
國立中興大學,會計學系,003092,19,57,2,無,無,115.5.21,均標,,,均標,3,*2.00,均標,,*2.00,,,,均標,5,*1.00,,,,,,,國英數A社,,10,,35%,審查資料,面試,,,true,true,true,true,true,true,,,,true,,true,true,true,true,true,true,,,,學科能力測驗成績,學測數學A級分,學測英文級分,審查資料
國立中興大學,行銷學系,003102,22,66,3,1,無,,前標,3,*1.00,前標,5,*1.00,均標,,,前標,,,,,,,,,B級,,,,,,,50%,審查資料,,,,true,true,true,true,true,true,true,true,,,,true,,true,true,true,true,,,,學測國文級分,學測英文級分,學科能力測驗成績,審查資料
國立中興大學,應用經濟學系,003112,18,54,3,無,無,,均標,,*1.00,均標,3,*2.00,均標,7,*1.50,,,,,,,,,,,,,國英數A,,10,,50%,審查資料,,,,true,true,true,,true,,true,true,,,,,true,true,true,true,,,,,學測英文級分,學測數學A級分,審查資料,學測國文級分
國立中興大學,法律學系,003122,16,48,2,2,無,115.5.21,均標,6,*1.00,均標,8,*1.00,,,,均標,,*1.00,前標,3,*1.00,,,,,,,,,,,30%,審查資料,面試,,,true,true,true,,true,true,true,,,,,true,true,true,true,true,,,,,學測英文級分,學測國文級分,面試,審查資料
國立中興大學,化學系,003132,21,63,3,無,無,115.5.15,,,*1.00,均標,10,*1.00,均標,5,*1.00,,,,,,,均標,3,*1.00,,,,,,,,40%,審查資料,化學學科筆試,,,true,true,true,true,,true,,,,true,,,true,true,true,true,true,,,,化學學科筆試,學科能力測驗成績,學測自然級分,學測數學A級分
國立中興大學,物理學系一般物理組,003142,16,48,2,無,無,115.5.15,,,,,,,,,,,,,,,,,,,,,,,,,,,,,,,true,true,true,true,,,,,,true,,true,true,true,true,,,,,,學測數學A級分,學測英文級分,物理筆試,學測自然級分
國立中興大學,物理學系光電物理組,003152,12,48,1,無,無,115.5.15,,,,,,,,,,,,,,,,,,,,,,,,,,,,,,,true,true,true,true,,,,,,true,,true,true,true,true,,,,,,學測數學A級分,學測英文級分,物理筆試,學測自然級分
國立中興大學,應用數學系應用數學組,003162,19,57,2,無,無,,,,*1.00,,3,*1.50,均標,6,*2.00,,,,,,,,5,*1.50,,,,,,,,50%,審查資料,,,,true,true,true,true,,,true,,,true,,,true,true,true,true,true,,,,學測數學A級分,學測英文級分,學測自然級分,審查資料
國立中興大學,應用數學系數據科學與計算組,003172,20,60,2,無,無,,,,*1.00,,3,*1.50,均標,6,*2.00,,,,,,,,5,*1.50,,,,,,,,50%,審查資料,,,,true,true,true,true,,,true,,,true,,,true,true,true,true,true,,,,學測數學A級分,學測英文級分,學測自然級分,審查資料
國立中興大學,應用數學系數據科學與計算組(資安組),003182,3,9,無,無,無,,,,*1.00,,3,*1.50,均標,6,*2.00,,,,,,,,,*1.50,,,,英數A自,,4,,50%,審查資料,,,,true,true,true,true,,,true,,,true,,,true,true,true,true,true,,,,學測數學A級分,學測英文級分,學測自然級分,審查資料
國立中興大學,機械工程學系,003192,45,135,2,無,無,,,,*1.00,均標,6.5,*1.50,均標,3,*2.00,,,,,,,均標,3,*2.00,,,,,,,,50%,審查資料,,,,true,true,true,true,,true,true,,,,true,,true,true,true,true,true,,,,學測數學A級分,學測自然級分,學科能力測驗成績,審查資料
國立中興大學,土木工程學系,003202,45,135,4,無,無,115.5.14,,,,,,,,,,,,,,,,,,,,,,,,,,,,,,,true,true,,,,true,,,,true,,true,true,true,true,true,true,,,,學測自然級分,學測數學A級分,審查資料,學測英數A自級分總和
國立中興大學,環境工程學系,003212,14,42,3,無,無,115.5.16,,,*1.00,均標,9,*1.50,均標,3,*2.00,,,,,,,均標,3,*2.00,,,,,,,,50%,審查資料,面試,,,true,true,true,true,,true,,,true,true,,true,,true,true,true,true,,,,學測自然級分,學測數學A級分,學測英文級分,審查資料
國立中興大學,化學工程學系,003222,9,50,1,無,無,115.5.15,,,*1.00,均標,9,*1.50,均標,5.5,*2.00,,,,,,,均標,5.5,*2.00,,,,,,,,50%,審查資料,筆試,,,true,,,true,,true,,,,true,,true,true,true,true,true,true,,,,學測自然級分,學測數學A級分,學測英文級分,審查資料
國立中興大學,材料科學與工程學系,003232,10,50,2,1,無,115.5.14,,,*1.00,均標,7,*1.50,均標,5,*1.50,,,,,,,均標,5,*1.50,,,,,,,,50%,審查資料,筆試(英文閱讀能力),,,true,true,true,true,,true,true,,,true,,true,,true,true,true,true,true,,,學測自然級分,學測數學A級分,學測英文級分,審查資料
國立中興大學,智慧創意工程學士學位學程,003242,8,48,1,無,無,115.5.15,,,,,,,,,,,,,,,,,,,,,,,,,,,,,,,true,true,true,true,,true,,,,true,true,,true,true,true,true,true,,,,學測數學A級分,學測英文級分,審查資料,筆試
國立中興大學,電機工程學系,003252,25,75,4,無,無,,,,,,,,,,,,,,,,,,,,,,,,,,,,,,,,true,true,true,true,,true,,,,true,,,true,true,true,true,,,,,學測數學A級分,學測自然級分,學測英文級分,審查資料
國立中興大學,資訊工程學系,003262,10,50,1,無,無,115.5.15,均標,,,均標,8,*1.50,均標,5,*2.00,,,,,,,,8,*1.00,,,,英數A自,,10,,50%,審查資料,筆試,,,true,true,true,true,,true,,,,true,,true,true,true,true,true,true,,,,學測數學A級分,學測自然級分,學測英文級分,審查資料
國立中興大學,資訊工程學系(APCS組),003272,3,12,無,無,無,,均標,,*1.00,均標,5,*1.50,均標,8,*2.00,,,,,,,,5,*2.00,,,,英數A自,,4.5,,50%,審查資料,,,,true,true,true,true,,true,,,,true,,true,true,true,true,true,true,,,,學測數學A級分,學測自然級分,學測英文級分,審查資料
國立中興大學,資訊工程學系(資安組),003282,3,15,無,無,無,,均標,,*1.00,均標,10,*1.50,均標,5,*2.00,,,,,,,,10,*2.00,,,,英數A自,,8,,50%,審查資料,,,,true,true,true,true,,true,,,,true,,true,true,true,true,true,true,,,,學測數學A級分,學測自然級分,學測英文級分,審查資料
國立中興大學,電機資訊學院學士班,003292,16,48,1,無,無,,,,,,,,,,,,,,,,,,,,,,,,,,,,,,,,true,true,true,true,,true,,,,true,,true,true,true,true,true,true,,,,學測數學A級分,學測自然級分,學測英文級分,審查資料
國立中興大學,生物產業機電工程學系,003302,21,63,3,無,無,,,,,,,,,,,,,,,,,,,,,,,,,,,,,,,,true,true,,,,true,,,,true,,true,true,true,true,true,true,,,,學測數學A級分,學測自然級分,學測英文級分,審查資料
國立中興大學,水土保持學系,003312,29,87,3,無,無,,,,*1.00,均標,6,*1.25,均標,3,*1.50,,,,,,,均標,5,*1.50,,,,,,,,50%,審查資料,,,,true,,,true,,true,true,,,true,,true,,true,true,true,true,,,,審查資料,學測數學A級分,學測自然級分,學測英文級分
國立中興大學,食品暨應用生物科技學系,003322,23,69,3,無,無,115.5.21,均標,10,*1.00,均標,3,*1.50,均標,,,均標,,,,,,均標,3,*1.50,,,,,,,,40%,審查資料,面試,,,true,true,true,true,,true,,,,true,,true,true,true,true,true,true,,,,面試,學測英文級分,學測自然級分,審查資料
國立中興大學,農藝學系,003332,21,63,3,無,無,115.5.20,均標,6,*1.00,均標,,*2.00,均標,,,均標,,,,,,均標,3,*1.50,,,,國英自,,8,,50%,審查資料,面試,,,true,true,true,true,,true,true,,,true,,true,,true,true,true,true,,,,學科能力測驗成績,審查資料,學測自然級分,學測英文級分
國立中興大學,園藝學系,003342,16,48,2,無,無,115.5.21,均標,,*1.00,均標,6,*1.50,,,,均標,,*1.00,,,,均標,3,*1.50,,,,,,,,40%,審查資料,面試,,,true,true,,true,,true,true,,,true,,,,true,true,true,true,true,true,,學測自然級分,學測英文級分,學測國文級分,面試
國立中興大學,森林學系林學組,003352,14,49,2,無,無,115.5.16,均標,,*1.00,均標,,*1.25,,,,均標,,*1.00,,,,均標,3.5,*1.50,,,,,,,,40%,審查資料,面試,,,true,true,true,true,,true,,,,true,,true,true,true,true,true,true,,,,面試,學測自然級分,學測英文級分,學測數學B級分
國立中興大學,森林學系木材科學組,003362,14,49,2,無,無,115.5.16,均標,,*1.00,均標,,*1.25,,,,均標,,*1.00,,,,均標,3.5,*1.50,,,,,,,,40%,審查資料,面試,,,true,true,true,true,,true,,,,true,,true,true,true,true,true,true,,,,面試,學測自然級分,學測英文級分,學測數學B級分
國立中興大學,植物病理學系,003372,21,63,3,無,無,115.5.20,均標,5,*1.00,均標,3,*1.50,,,*1.00,,,,,,,均標,3,*1.50,,,,,,,,40%,審查資料,面試,,,true,true,true,true,,true,true,,,true,,true,,true,true,true,true,true,,,審查資料,學測自然級分,學測英文級分,學測國文級分
國立中興大學,昆蟲學系,003382,24,72,3,無,無,115.5.21,均標,5,*1.00,均標,4,*1.25,均標,,,均標,,,,,,前標,3,*1.25,,,,,,,,40%,審查資料,面試,,,true,true,true,true,,true,,,true,,true,,true,true,true,true,true,true,,,審查資料,面試,學測自然級分,學測英文級分
國立中興大學,動物科學系,003392,17,51,2,無,無,115.5.21,均標,6,*1.00,均標,6,*1.00,均標,6,*1.00,,,,,,,均標,3,*1.25,B級,,,,,,,35%,審查資料,面試,,,true,true,true,true,,true,,,,,true,true,true,true,true,true,true,,,,學測自然級分,學測英文級分,面試,審查資料
國立中興大學,土壤環境科學系,003402,24,72,3,無,無,115.5.20,,,,,,,,,,,,,,,,,,,,,,,,,,,,,,,true,,,true,,,true,true,,true,,true,,true,true,true,true,,,,學測英文級分,學測自然級分,審查資料,面試
國立中興大學,生物科技學士學位學程,003412,15,45,2,無,無,115.5.16,均標,,*1.00,均標,10,*1.50,均標,,,均標,,,,,,前標,7,*1.50,,,,國英自,,3,,40%,審查資料,面試,,,true,,,true,,true,,,,,true,true,true,true,,true,,true,,,學科能力測驗成績,學測自然級分,學測英文級分,面試
國立中興大學,景觀與遊憩學士學位學程,003422,9,50,1,無,無,115.5.19,均標,10,*1.00,均標,7,*1.50,均標,,,均標,,,,,,,,,,,,國英,,5.5,,10%,審查資料,面試,,,true,true,true,true,,true,,,,,true,true,true,true,true,true,true,true,,,學測英文級分,學測國文級分,面試,審查資料
國立中興大學,國際農企業學士學位學程,003432,5,50,1,無,無,115.5.16,,,,,,,,,,,,,,,,,,,,,,,,,,,,,,,true,true,true,true,,true,,true,,,,true,true,true,true,true,true,true,,,面試,審查資料,學測英文級分,學測自然級分
國立中興大學,生命科學系,003442,46,138,6,無,無,,,,,,,,,,,,,,,,,,,,,,,,,,,,,,,,true,,,true,,true,,,,true,,,true,true,true,true,true,,,,學測英數A自級分總和,學測自然級分,學測英文級分,審查資料
國立中興大學,獸醫學系,003452,36,108,2,3,無,115.5.21,均標,,,前標,10,*1.00,均標,,,,,,,,,均標,,*1.00,B級,,,英數A自,,3,,30%,審查資料,面試,,,true,true,,true,,true,true,,true,,,,true,true,true,true,true,,,,面試,審查資料,學測英文級分,學測自然級分
國立中興大學,興翼招生A組(商學管理),003462,9,50,無,無,無,,均標,5.5,*1.00,均標,5.5,*1.00,均標,,,均標,,,,,,,,,,,,,,,,20%,審查資料,,,,true,true,,,true,true,true,,true,,,,true,true,,,true,,,,審查資料,學測英文級分,學科能力測驗成績,學測國文級分
國立中興大學,興翼招生B組(文史法律),003472,6,48,無,無,無,,均標,8,*1.00,均標,8,*1.00,,,,,,,均標,8,*1.00,,,,,,,,,,,20%,審查資料,,,,true,true,,,true,true,true,,true,,,,true,true,,,true,,,,審查資料,學測國文級分,學測社會級分,學測英文級分
國立中興大學,興翼招生C組(化學數學),003482,4,40,無,無,無,,,,,,,,,,,,,,,,,,,,,,,,,,,,,,,,true,true,,true,,true,,,true,true,,,true,true,,,true,,,,審查資料,學測數學A級分,學測英文級分,學測自然級分
國立中興大學,興翼招生D組(化材電資暨工程),003492,19,57,無,無,無,,,,,,,,,,,,,,,,,,,,,,,,,,,,,,,,true,true,,true,,true,true,,,true,,,true,true,,,true,,,,審查資料,學測數學A級分,學測自然級分,學測英文級分
國立中興大學,興翼招生E組(生物資源暨農業科技),003502,10,50,無,無,無,,,,,,,,,,,,,,,,,,,,,,,,,,,,,,,,true,true,,true,,true,true,,,true,,,true,true,,,true,,,,審查資料,學測自然級分,學測英文級分,學測英自級分總和
國立中興大學,興翼招生F組(生物科技暨獸醫),003512,9,50,無,無,無,,,,,,,,,,,,,,,,,,,,,,,,,,,,,,,,true,true,,true,,true,true,,true,,,,true,true,,,true,,,,審查資料,學測自然級分,學測英文級分,學測數學A級分
國立成功大學,中國文學系,004012,8,48,無,無,無,115.5.15,頂標,6,*1.50,均標,10,*1.00,,,,,,,前標,10,*1.00,,,,,,,,,,,50%,審查資料,語文能力測驗,,,true,true,true,,,true,,,,true,,,true,true,,true,true,,,,語文能力測驗,審查資料,學測國文級分,學科能力測驗成績
國立成功大學,外國語文學系,004022,13,46,無,無,無,115.5.23,前標,5,*1.00,頂標,3.5,*2.00,,,,,,*1.00,均標,6,*1.00,,,,A級,,,國英社,,8,,30%,審查資料,面試,英文寫作能力測驗,,true,true,,,,true,true,,,,,true,true,true,true,true,true,,,,面試,審查資料,英文寫作能力測驗,學測英文級分
國立成功大學,歷史學系,004032,14,49,1,無,無,115.5.23,前標,6,*1.00,前標,5,*1.00,,,,,,*1.00,前標,3.5,*1.00,,,,,,,,,,,40%,審查資料,面試,,,true,true,,,true,true,true,,true,,,true,,true,,true,true,,,,指定項目甄試成績,學測社會級分,學測國文級分,面試
國立成功大學,台灣文學系,004042,17,43,5,無,無,115.5.23,前標,2.5,*1.50,前標,8,*1.50,,,,均標,,*1.00,前標,10,*1.00,,,,,,,,,,,20%,審查資料,面試,,,true,true,true,,true,true,,,,,,,,true,true,true,true,true,,,面試,審查資料,學測國文級分,學測英文級分
國立成功大學,數學系,004052,28,84,1,無,無,115.5.23,,,,,,,,,,,,,,,,,,,,,,,,,,,,,,,true,true,,true,,true,,,,true,true,,,true,true,true,true,true,,,數學筆試(一),數學筆試(二),學測數學A級分,審查資料
國立成功大學,物理學系,004062,22,66,4,無,無,115.5.16,均標,,,均標,6,*1.00,均標,3,*1.50,,,,,,,均標,3,*1.50,,,,,,,,30%,審查資料,面試,,,true,,,true,,true,,,,true,,,true,true,,true,,true,,,學科能力測驗成績,面試,審查資料,
國立成功大學,化學系,004072,28,84,2,無,無,115.5.22,,,,,,,,,,,,,,,,,,,,,,,,,,,,,,,true,true,,,,true,true,,,,,,true,true,true,true,,,,,學測英數A自級分總和,審查資料,化學學科筆試,學測自然級分
國立成功大學,地球科學系,004082,26,78,2,無,無,115.5.16,,,*1.00,均標,,*1.00,均標,3,*2.00,,,,,,,均標,5,*2.00,,,,,,,,40%,審查資料,地球科學筆試,,,true,true,,true,,true,true,,,true,,,true,true,true,true,true,true,,,地球科學筆試,學測自然級分,學測數學A級分,審查資料
國立成功大學,光電科學與工程學系,004092,14,49,1,無,無,115.5.21,均標,,*1.00,均標,,*1.00,前標,3.5,*1.50,,,,,,,前標,3.5,*1.50,,,,國英數A自,,15,,50%,審查資料,面試及認識本系,,,true,true,,true,,true,true,,,,,,true,true,true,true,true,,,,學測自然級分,學測數學A級分,學科能力測驗成績,審查資料
國立成功大學,機械工程學系,004102,69,207,1,1,無,115.5.17,均標,,*1.00,均標,5,*1.50,前標,5,*2.00,,,,,,,前標,5,*1.50,,,,國英數A自,,3,,40%,審查資料,認識本系與筆試,,,true,true,true,true,,true,,,,true,,true,true,true,true,true,true,true,,,認識本系與筆試,審查資料,學測數學A級分,學測自然級分
國立成功大學,機械工程學系(普渡雙聯組),004112,5,15,無,無,無,115.5.16,均標,,*1.00,頂標,5,*1.50,前標,5,*2.00,,,,,,,前標,5,*1.50,A級,,,國英數A自,,3,,50%,審查資料,面試,,,true,true,true,true,,true,,,,true,,true,true,true,true,true,true,true,,,面試,審查資料,學測數學A級分,學測自然級分
國立成功大學,化學工程學系,004122,51,153,無,1,無,115.5.15,,,,,,,,,,,,,,,,,,,,,,,,,,,,,,,true,true,,true,,true,true,,,true,,,true,true,,true,true,,,,審查資料,學測自然級分,學測數學A級分,學測英文級分
國立成功大學,材料科學及工程學系,004132,35,105,無,無,無,115.5.16,,,*1.00,前標,,*1.00,前標,,*1.00,,,,,,,前標,,*1.00,,,,國英數A自,,3,,50%,審查資料,筆試,,,true,true,,true,,true,,,,true,,,true,true,true,true,true,,,,審查資料,筆試,學測數學A級分,學測自然級分
國立成功大學,資源工程學系,004142,24,72,3,無,無,115.5.16,均標,10,*1.00,均標,8,*1.00,均標,4,*1.00,,,,,,,均標,6,*1.00,,,,國英數A自,,3,,50%,審查資料,團體面談與測驗,,,true,true,true,true,,true,true,,,true,,,true,true,,true,true,,,,學科能力測驗成績,指定項目甄試成績,學測數學A級分,
國立成功大學,土木工程學系,004152,43,129,1,2,無,115.5.15,均標,6,*1.00,均標,6,*1.00,均標,5,*1.00,,,,,,,均標,5,*1.00,,,,國英數A自,,3,,50%,審查資料,認識本系與筆試,,,true,true,true,true,,true,true,,true,,,true,,true,true,,,,,,學測自然級分,審查資料,學測數學A級分,學測英文級分
國立成功大學,土木工程學系(普渡雙聯組),004162,2,9,無,無,無,115.5.15,均標,6,*1.00,前標,6,*1.00,均標,5,*1.00,,,,,,,均標,5,*1.00,,,,國英數A自,,4.5,,50%,審查資料,認識本系與筆試,,,true,true,true,true,,true,true,,true,,,true,,true,true,,,,,,學測自然級分,審查資料,學測數學A級分,學測英文級分
國立成功大學,水利及海洋工程學系,004172,24,72,3,1,無,115.5.23,均標,6,*1.25,均標,8,*1.25,前標,3,*1.75,,,,,,,前標,4,*1.50,,,,,,,,50%,審查資料,面試,,,true,true,true,true,,true,,,,,true,true,true,true,true,true,true,,,,學測數學A級分,學測自然級分,審查資料,面試
國立成功大學,水利及海洋工程學系(普渡雙聯組),004182,2,16,無,無,無,115.5.23,均標,,*1.25,前標,8,*1.50,前標,8,*1.75,,,,,,,前標,8,*1.50,,,,,,,,50%,審查資料,面試,,,true,true,true,true,,true,,,,,true,true,true,true,true,true,true,,,,學測數學A級分,學測自然級分,審查資料,面試
國立成功大學,工程科學系,004192,27,81,2,無,無,115.5.15,,,,,,,,,,,,,,,,,,,,,,,,,,,,,,,true,true,,,,true,,,,,,,true,true,true,true,true,,,,學測數學A級分,學測自然級分,學科能力測驗成績,學測國英數A自級分總和
國立成功大學,系統及船舶機電工程學系,004202,29,87,1,無,無,115.5.19,均標,,*1.00,前標,,*1.00,前標,5,*1.00,,,,,,,前標,4,*1.00,,,,國英自,,3,,50%,審查資料,面試,,,true,true,true,true,,true,true,,,true,,,true,true,true,true,true,,,,學測國英數A自級分總和,學測數學A級分,學測自然級分,學測英文級分
國立成功大學,航空太空工程學系,004212,24,72,無,無,無,115.5.16,,,*1.00,均標,10,*1.00,前標,5,*1.00,,,,,,,前標,5,*1.00,,,,國英數A自,,3,,50%,審查資料,筆試,,,true,true,true,true,,true,,,,,true,true,true,true,true,true,true,,,,學科能力測驗成績,學測數學A級分,學測自然級分,學測英文級分
國立成功大學,能源工程國際學士學位學程,004222,14,42,無,無,無,115.5.16,,,*1.00,前標,10,*1.00,前標,5,*1.50,,,,,,,前標,5,*1.50,,,,國英數A自,,3,,50%,審查資料,筆試,,,true,true,true,true,,true,,,,,true,true,true,true,true,true,true,,,,學科能力測驗成績,學測數學A級分,學測自然級分,學測英文級分
國立成功大學,環境工程學系,004232,23,69,4,無,無,115.5.16,均標,,*1.00,前標,3,*1.00,前標,3,*1.50,,,,,,,前標,3,*1.50,,,,國英數A自,,6,,50%,審查資料,面試,,,true,,,true,,true,,,,true,,true,true,true,true,true,true,,,,學測國英數A自級分總和,學測數學A級分,學測英文級分,學測自然級分
國立成功大學,環境工程學系(普渡雙聯組),004242,2,9,無,無,無,115.5.16,均標,,*1.00,頂標,5,*1.50,前標,5,*2.00,,,,,,,前標,5,*1.50,,,,國英數A自,,4.5,,50%,審查資料,面試,,,true,,,true,,true,,,,true,,true,true,true,true,true,true,,,,面試,審查資料,學測數學A級分,學測自然級分
國立成功大學,測量及空間資訊學系,004252,26,78,1,無,無,115.5.15至115.5.16,均標,,*1.00,均標,,*2.00,均標,,*2.00,,,,,,,均標,,*2.00,,,,國英數A自,,3,,50%,審查資料,面試,,,true,true,true,true,,true,,,,,true,,true,true,true,true,true,true,,,學測國英數A自級分總和,面試,學測數學A級分,學測英文級分
國立成功大學,測量及空間資訊學系(普渡雙聯組),004262,2,10,無,無,無,115.5.16,均標,,*1.00,前標,8,*2.00,均標,8,*2.00,,,,,,,均標,8,*2.00,,,,國英數A自,,5,,50%,審查資料,面試,,,true,true,true,true,,true,,,,true,true,,true,true,true,true,true,true,,,面試,審查資料,學測英文級分,學測數學A級分
國立成功大學,生物醫學工程學系,004272,14,49,無,無,無,115.5.16,,,,,,,,,,,,,,,,,,,,,,,,,,,,,,,true,true,true,true,,true,,,,true,,,true,true,true,true,true,,,,指定項目甄試成績,學測自然級分,學測數學A級分,學測英文級分
國立成功大學,工業與資訊管理學系,004282,33,99,1,無,無,115.5.14,前標,,*1.00,前標,8,*1.00,前標,5,*1.00,,,,,,,,,,,,,國英數A,,3,,50%,審查資料,團體座談與即席評量,,,true,true,,true,true,true,,,,true,true,,true,true,true,true,true,,,,學測數學A級分,學測英文級分,學測國文級分,審查資料
國立成功大學,交通管理科學系,004292,24,60,無,1,無,115.5.24,均標,5,*1.00,前標,2.5,*1.50,前標,3,*1.50,,,,,,,均標,5,*1.00,,,,,,,,40%,審查資料,面試,,,true,true,true,true,true,true,true,,true,,,,true,true,true,true,true,,,,面試,審查資料,學科能力測驗成績,學測數學A級分
國立成功大學,統計與資料科學學系,004302,18,54,無,無,無,115.5.22,均標,,*1.00,前標,5,*1.25,前標,3,*1.50,,,,,,,,,,,,,,,,,50%,審查資料,面試,,,true,true,,,,true,,,,true,,,,true,,true,true,true,,,面試,審查資料,學測數學A級分,學測英文級分
國立成功大學,會計學系,004312,19,57,2,1,無,115.5.15,均標,,*1.00,前標,3,*1.00,均標,5,*1.00,,,,均標,,*1.00,,,,,,,國英數A社,,10,,50%,審查資料,面試,,,true,true,,,,,true,,,,true,true,true,true,,true,true,,,,面試,學測國英數A社級分總和,學測英文級分,學測數學A級分
國立成功大學,企業管理學系,004322,15,45,無,2,無,115.5.22,均標,,*1.00,前標,3,*1.00,,,,均標,3,*1.00,,,,,,,,,,,,,,50%,審查資料,面試,,,true,true,,,,true,true,,,,,true,true,true,true,true,true,,,,學測國英數B級分總和,面試,審查資料,學測英文級分
國立成功大學,醫學系,004332,39,117,無,無,無,115.5.16,頂標,6,*1.00,頂標,5,*1.25,頂標,3.5,*1.25,,,,,,,頂標,3.5,*1.25,,,,國英數A自,,3,,10%,審查資料,面談,,,true,true,true,true,,,,,,,,,true,true,true,true,true,true,true,,面談,審查資料,指定項目甄試成績,學測國英數A自級分總和
國立成功大學,醫學系(公費生),004342,4,12,無,無,無,115.5.16,頂標,6,*1.00,頂標,5,*1.25,頂標,3.5,*1.25,,,,,,,頂標,3.5,*1.25,,,,國英數A自,,3,,10%,審查資料,面談,,,true,true,true,true,,,,,,,,,true,true,true,true,true,true,true,,面談,審查資料,指定項目甄試成績,學測國英數A自級分總和
國立成功大學,牙醫學系,004352,9,27,無,2,無,115.5.17,頂標,5,*1.00,頂標,5,*1.00,頂標,4,*1.00,,,,,,,頂標,4,*1.00,,,,國英數A自,,3,,20%,審查資料,面試,術科,,true,true,,true,,true,true,,true,,,,,true,true,true,true,,,,面試,術科,學測自然級分,學測數學A級分
國立成功大學,醫學檢驗生物技術學系,004362,15,45,1,無,無,115.5.22,均標,,,均標,4,*1.25,均標,,*1.00,,,,,,,均標,3,*1.25,,,,國英數A自,,10,,50%,審查資料,面試,,,true,true,,,,,,,,,true,,true,true,true,true,true,true,,,學測國英數A自級分總和,面試,學測英文級分,學測自然級分
國立成功大學,護理學系,004372,20,60,無,無,無,115.5.15,均標,8,*1.00,均標,3,*1.25,,,*1.00,,,,,,,均標,6,*1.00,,,,,,,,40%,審查資料,面試,,,true,true,,true,,true,true,,true,,,true,,true,true,true,true,true,,,面試,審查資料,學科能力測驗成績,
國立成功大學,物理治療學系,004382,13,46,1,1,無,115.5.16,,,*1.00,均標,7,*1.25,,,*1.00,,,,,,,均標,,*1.00,,,,國英數A自,,3.5,,50%,審查資料,面試,,,true,true,,true,,true,true,,true,,,,true,true,true,true,true,true,,,面試,學測國英數A自級分總和,學測英文級分,審查資料
國立成功大學,職能治療學系,004392,13,46,無,1,無,115.5.21,均標,,*1.00,前標,3.5,*1.00,,,*1.00,,,,,,,均標,6,*1.00,,,,國英數A自,,8,,50%,審查資料,面試,,,true,true,true,true,,true,true,,true,,,,,true,true,true,true,,,,學科能力測驗成績,面試,審查資料,
國立成功大學,藥學系,004402,15,45,無,2,無,115.5.23,均標,3,*1.00,均標,,*1.00,均標,,*1.00,,,,,,,均標,4,*1.50,,,,國英數A自,,3.5,,50%,審查資料,面試,,,true,,,,,true,,,,,,,,true,true,true,true,,,,指定項目甄試成績,學測國英數A自級分總和,學測國文級分,學測自然級分
國立成功大學,政治學系,004412,18,54,2,無,無,115.5.22至115.5.23,均標,,*1.00,均標,3,*1.00,均標,,,均標,,,均標,8,*1.00,,,,,,,,,,,20%,審查資料,面試,,,true,true,,,true,true,true,,true,,true,,,true,,true,true,,,,面試,審查資料,學科能力測驗成績,
國立成功大學,經濟學系,004422,21,63,1,無,無,115.5.22至115.5.23,均標,8,*1.00,均標,5,*1.25,均標,3,*1.25,,,,,,,,,,,,,,,,,50%,審查資料,面試,,,true,true,,,true,,,,,,,,true,true,,true,true,,,,面試,學測數學A級分,學測英文級分,學測國文級分
國立成功大學,法律學系,004432,15,45,2,2,無,115.5.22,前標,4,*2.00,前標,5,*2.00,,,,均標,,*1.00,前標,3,*2.00,,,,,,,,,,,50%,審查資料,面試,,,true,true,true,,true,true,,,,,true,true,,true,true,true,true,,,,學測社會級分,學測國文級分,學測英文級分,面試
國立成功大學,法律學系(青年儲蓄帳戶組),004442,2,50,無,無,無,115.5.22,前標,,,前標,,,,,,,,,前標,,,,,,,,,,,,,0%,審查資料,面試,,,true,true,true,,true,true,,,,,true,true,,true,true,true,true,true,,,面試,審查資料,,
國立成功大學,心理學系,004452,21,63,1,無,無,115.5.15,,,*1.00,均標,3,*1.00,均標,3,*1.00,,,,,,,均標,3,*1.00,,,,,,,,50%,審查資料,面試,,,true,true,true,,,true,,,,true,,true,true,true,true,true,true,,,,學科能力測驗成績,學測英文級分,學測數學A級分,
國立成功大學,電機工程學系(甲組),004462,20,60,無,1,無,,,,,,,,,,,,,,,,,,,,,,,,,,,,,,,,true,true,,true,,true,,,,true,,true,true,true,true,true,true,,,,學測英數A自級分總和,學測數學A級分,學測自然級分,審查資料
國立成功大學,電機工程學系(乙組),004472,45,135,無,1,無,,,,,,,,,,,,,,,,,,,,,,,,,,,,,,,,true,true,,true,,true,,,,true,,true,true,true,true,true,true,,,,學測英數A自級分總和,學測數學A級分,學測自然級分,審查資料
國立成功大學,電機工程學系(普渡雙聯組),004482,6,48,無,無,無,115.5.16,,,,,,,,,,,,,,,,,,,,,,,,,,,,,,,true,true,,true,,true,,,,true,,true,true,true,true,true,true,,,,學測英數A自級分總和,學測英文級分,學測數學A級分,審查資料
國立成功大學,資訊工程學系,004492,29,87,2,1,無,115.5.22,,,,,,,,,,,,,,,,,,,,,,,,,,,,,,,true,true,,true,,true,,,,true,,true,true,true,true,true,true,,,,學測英數A自級分總和,學測數學A級分,學測英文級分,學測自然級分
國立成功大學,資訊工程學系(智慧系統組),004502,10,50,無,無,無,115.5.21,,,,,,,,,,,,,,,,,,,,,,,,,,,,,,,true,true,,true,,,true,,,true,,true,true,true,true,true,true,true,,,上機考試,學測英數A級分總和,審查資料,學測英文級分
國立成功大學,資訊工程學系(普渡雙聯組),004512,6,48,無,無,無,115.5.21,,,,,,,,,,,,,,,,,,,,,,,,,,,,,,,true,true,,true,,true,,,,true,,true,true,true,true,true,true,,,,學測英數A自級分總和,學測英文級分,學測數學A級分,審查資料
國立成功大學,建築學系,004522,30,90,2,3,無,115.5.17,均標,,*1.25,均標,,*1.25,均標,,*1.25,,,,,,,,,,,,,國英數A自,,3,,10%,審查資料,面試(含測驗),,,true,true,true,true,,true,true,,,,true,,true,true,true,true,,true,,,面試(含測驗),學測數學A級分,學測英文級分,學測國文級分
國立成功大學,都市計劃學系,004532,27,81,1,無,無,115.5.21,均標,5,*1.00,均標,5,*1.00,前標,3,*1.00,,,,,,,,,,,,,,,,,40%,審查資料,面試,,,true,true,true,true,true,true,true,,true,,,,true,true,true,true,true,true,true,,面試,審查資料,學科能力測驗成績,
國立成功大學,工業設計學系,004542,18,54,無,無,無,115.5.23,均標,,*1.00,均標,,*1.50,均標,,*1.00,,,,,,,均標,,*1.50,,,,國英數A自,,3,,35%,審查資料,設計營,,,true,true,true,,,true,true,,,,true,,,true,true,true,true,,,,設計營,學科能力測驗成績,審查資料,
國立成功大學,生命科學系,004552,23,69,1,無,無,115.5.22,均標,,,均標,5,*1.00,均標,4,*1.00,,,,,,,前標,3,*2.00,,,,,,,,40%,審查資料,面試,,,true,,,true,,true,,,,true,,,true,true,true,true,true,,,,指定項目甄試成績,面試,學測自然級分,
國立成功大學,生物科技與產業科學系,004562,12,48,2,無,無,115.5.22,均標,12,*1.00,均標,8,*1.00,,,,,,,,,,前標,4,*2.00,,,,,,,,40%,審查資料,面試,,,true,true,true,true,true,true,,,,true,,true,true,true,true,true,true,,,,面試,學測自然級分,學測英文級分,審查資料
國立成功大學,生物科技與產業科學系(青年儲蓄帳戶組),004572,2,50,無,無,無,115.5.22,,,,,,,,,,,,,,,,,,,,,,,,,,,,,,,true,true,true,true,true,true,,,,,,,,true,true,true,true,true,,,面試,審查資料,,
國立成功大學,生物科技與產業科學系(APCS組),004582,2,10,無,無,無,115.5.22,均標,12,*1.00,均標,8,*1.00,均標,8,*1.00,,,,,,,前標,5,*2.00,,,,,,,,40%,審查資料,面試,,,true,true,true,true,true,true,,,,true,,true,true,true,true,true,true,,,,面試,學測自然級分,學測數學A級分,審查資料
國立成功大學,全校不分系學士學位學程,004592,11,50,1,無,無,115.5.23,前標,12,*1.00,前標,12,*1.00,頂標,4.5,*1.00,,,,,,,前標,9,*1.00,,,,,,,,30%,審查資料,面試,,,true,true,,true,,true,,,,true,true,,true,true,true,true,true,,,,指定項目甄試成績,學測數學A級分,學測英文級分,學測國文級分
國立成功大學,全校不分系學士學位學程(運動科學組),004602,1,8,無,無,無,115.5.23,均標,12,*1.00,均標,12,*1.00,均標,8,*1.00,,,,,,,均標,9,*1.00,,,,,,,,30%,審查資料,面試,,,true,true,,true,,true,,,,true,true,,true,true,true,true,true,,,,指定項目甄試成績,學測數學A級分,學測英文級分,學測國文級分
國立成功大學,成星招生甲組(文社),004612,12,48,無,無,無,,均標,4,*1.00,均標,6,*1.00,,,,,,,均標,8,*1.00,,,,,,,,,,,50%,審查資料,,,,true,true,,,,true,,,,,,,,true,true,true,true,true,,,指定項目甄試成績,學測國文級分,學測英文級分,學測社會級分
國立成功大學,成星招生乙組(管理),004622,12,48,無,無,無,,均標,,*1.00,均標,8,*1.00,,,,均標,4,*1.00,,,,,,,,,,,,,,50%,審查資料,,,,true,true,,,,true,,,,,,,,true,true,true,true,true,,,指定項目甄試成績,學測數學B級分,學測英文級分,學測國文級分
國立成功大學,成星招生丙組(理),004632,10,50,無,無,無,,,,,,,,,,,,,,,,,,,,,,,,,,,,,,,,true,,,true,,true,,,,,,,,true,true,true,true,true,,,指定項目甄試成績,學測數學A級分,學測自然級分,學測英文級分
國立成功大學,成星招生丁組(工),004642,37,111,無,無,無,,,,,,,,,,,,,,,,,,,,,,,,,,,,,,,,true,,,true,,true,,,,,,,,true,true,true,true,true,,,指定項目甄試成績,學測數學A級分,學測自然級分,學測英文級分
國立成功大學,成星招生戊組(生醫),004652,16,48,無,無,無,,,,,,,,,,,,,,,,,,,,,,,,,,,,,,,,true,,,true,,true,,,,,,,,true,true,true,true,true,,,指定項目甄試成績,學測自然級分,學測數學A級分,學測英文級分
東吳大學,中國文學系,005012,58,174,1,無,無,115.5.16至115.5.17,後標,4,*2.00,,,*1.00,,,,,,,後標,,*1.00,,,,,,,國社,,3,,30%,審查資料,面試,,,true,true,true,,,true,true,true,,,,,true,true,true,true,true,true,,,學測國文級分,面試,審查資料,學測社會級分
東吳大學,歷史學系,005022,27,81,3,無,無,115.5.16至115.5.17,底標,5,*2.00,底標,,*1.50,,,,,,,底標,3,*2.00,,,,,,,,,,,20%,審查資料,面試,,,true,true,,,true,true,,,,,true,,,true,true,true,,true,,,面試,學測社會級分,學測國文級分,學測英文級分
東吳大學,哲學系,005032,36,108,1,無,無,115.5.16至115.5.17,後標,5,*1.00,後標,3,*1.00,,,,,,,,,*1.00,,,,,,,,,,,20%,審查資料,面試,,,true,true,,,,true,,,,,,,,true,true,true,,true,,,面試,審查資料,學測英文級分,學測國文級分
東吳大學,政治學系,005042,69,207,1,無,無,115.5.15至115.5.16,均標,,*1.50,後標,,*1.50,後標,,,後標,,,後標,,*2.00,,,,,,,國英社,,3,,20%,審查資料,面試,,,true,true,true,,true,true,,,,,true,,true,true,true,true,true,true,,,面試,學測英文級分,學測國文級分,審查資料
東吳大學,社會學系,005052,59,177,3,無,無,115.5.16至115.5.17,,,,,,,,,,,,,,,,,,,,,,,,,,,,,,,true,true,,,true,true,true,,true,,,,,true,true,true,true,true,,,面試,學測英文級分,學測社會級分,審查資料
東吳大學,社會工作學系,005062,59,177,5,無,無,115.5.16至115.5.17,,5,*1.00,,,*1.00,,,,,,,後標,,*1.00,,,,,,,國英社,,3,,40%,審查資料,面試,,,true,true,,,true,true,,,true,,,,,true,true,,,true,,,面試,學科能力測驗成績,審查資料,學測國文級分
東吳大學,英文學系,005072,63,189,2,無,無,115.5.16至115.5.17,均標,,*1.25,均標,,*2.00,,,,,,,,,,,,,,,,國英,,3,,40%,審查資料,面試,,,true,true,true,,true,true,,,,,true,true,true,true,true,true,,true,,,學測英文級分,面試,學測國文級分,審查資料
東吳大學,日本語文學系,005082,86,258,2,1,無,115.5.16至115.5.17,均標,,*1.25,,,*1.25,,,,,,,,,*1.00,,,,,,,國英社,,3,,40%,審查資料,面試,,,true,true,,,,true,,true,,,,true,true,true,true,true,true,true,,,面試,學測英文級分,學測國文級分,審查資料
東吳大學,德國文化學系,005092,25,75,2,無,無,115.5.16至115.5.17,,,,,,,,,,,,,,,,,,,,,,,,,,,,,,,true,,,,,true,,,,,,true,,true,true,true,true,true,,,面試,審查資料,學測英文級分,學測國文級分
東吳大學,數學系,005102,25,75,3,無,無,115.5.16至115.5.17,,,*1.00,,,,後標,3,*2.00,,,,,,,,,,,,,,,,,45%,審查資料,面試,,,true,true,true,,,,true,true,true,true,,,,true,true,true,,true,,,學測數學A級分,面試,審查資料,學測國文級分
東吳大學,物理學系,005112,38,114,無,無,無,115.5.16,,,,,,,,,,,,,,,,,,,,,,,,,,,,,,,true,true,true,true,,true,true,true,,,,,true,true,true,true,,true,,,學測數學A級分,物理學科筆試,學科能力測驗成績,審查資料
東吳大學,化學系,005122,34,102,2,無,無,115.5.16至115.5.17,,,,,,,,,,,,,,,,,,,,,,,,,,,,,,,true,,,true,,true,,,,,,,,true,,,true,true,,,面試,審查資料,學測自然級分,學科能力測驗成績
東吳大學,微生物學系,005132,32,96,2,無,無,115.5.16至115.5.17,,,,,,,,,,,,,,,,,,,,,,,,,,,,,,,true,true,,true,,true,true,true,,,,,true,true,true,true,,true,,,面試,學測自然級分,學測英文級分,審查資料
東吳大學,心理學系,005142,33,99,3,1,無,115.5.16至115.5.17,後標,,*1.00,後標,,*1.00,後標,,*1.00,,,,,,,,,,,,,國英數A,,3,,45%,審查資料,團體面試,,,true,true,,,,true,true,,true,,,,true,true,true,true,true,true,,,學測英文級分,學測數學A級分,學科能力測驗成績,指定項目甄試成績
東吳大學,法律學系,005152,131,393,22,1,無,115.5.16,前標,,*1.50,前標,,*2.00,均標,,,均標,,,均標,,,,,,B級,,,國英,,3,,50%,審查資料,面試,,,true,true,true,,true,true,,,true,true,,,true,true,true,true,true,true,,,學測英文級分,學測國文級分,學測社會級分,面試
東吳大學,經濟學系,005162,91,273,1,無,無,115.5.16至115.5.17,,,,,,,,,,,,,,,,,,,,,,,,,,,,,,,true,true,true,,,true,,,,,,true,,true,true,true,true,true,,,學測數學B級分,學測英文級分,面試,審查資料
東吳大學,會計學系,005172,144,432,無,2,無,,均標,,*1.00,均標,,*1.50,,,,均標,,*1.50,,,,,,,,,,國英數B,,3,,50%,審查資料,,,,true,true,,,,true,,,,,,,,true,,true,,true,,,學測數學B級分,學測英文級分,學測國文級分,審查資料
東吳大學,企業管理學系,005182,125,375,無,無,無,115.5.16至115.5.17,,,*1.00,均標,,*1.00,,,,後標,,*1.00,,,,,,,,,,國英數B,,3,,40%,審查資料,面試,,,true,,,,,,true,true,,,,true,true,true,true,true,true,true,,,指定項目甄試成績,學科能力測驗成績,學測英文級分,學測數學B級分
東吳大學,國際經營與貿易學系,005192,60,180,2,無,無,115.5.16至115.5.17,均標,,*1.00,均標,,*1.00,後標,,,後標,,,,,,,,,,,,國英,,3,,20%,審查資料,面試,,,true,,,,,true,,,,true,,true,true,true,,,true,true,,,指定項目甄試成績,學科能力測驗成績,學測英文級分,學測國文級分
東吳大學,財務工程與精算數學系,005202,116,348,無,無,無,,,,*1.00,後標,,*1.00,均標,,,均標,,,,,,,,,,,,國英,,3,,40%,審查資料,,,,true,,,,,true,true,true,,,,true,,true,true,true,,true,,,審查資料,學測英文級分,學測國文級分,
東吳大學,資訊管理學系(資訊管理組),005212,32,96,無,無,無,115.5.16至115.5.17,,,*1.00,後標,,*1.00,後標,,,均標,,,,,,,,,,,,國英,,3,,35%,審查資料,面試,,,true,,,,,true,,,,,,true,true,true,,true,true,true,,,面試,學測英文級分,學測國文級分,審查資料
東吳大學,資訊管理學系(人工智慧組),005222,60,180,無,無,無,115.5.16至115.5.17,後標,,*1.00,,,*1.00,後標,,,均標,,,,,,,,,,,,國英,,3,,35%,審查資料,面試,,,true,,,,,true,,,,,,true,true,true,,true,true,true,,,面試,學測英文級分,學測國文級分,審查資料
東吳大學,資訊管理學系(APCS組),005232,4,20,無,無,無,115.5.17,,,,,,,,,,,,,,,,,,,,,,,,,,,,,,,true,true,true,,,true,,,,,,true,true,true,,true,true,true,,,面試,審查資料,學測數學B級分,學測英文級分
東吳大學,資料科學系,005242,90,270,3,無,無,115.5.16至115.5.17,,,,,,,,,,,,,,,,,,,,,,,,,,,,,,,true,,true,,,true,,,true,true,true,,,true,,true,,true,,,面試,指定項目甄試成績,審查資料,學測英文級分
東吳大學,音樂學系,005252,43,516,無,無,無,,底標,,,底標,,,,,,,,,,,,,,,,,,,,,,0%,審查資料,,,,true,true,,,,true,,,,,,,,true,,,true,true,,,主修術科考試,聽寫術科考試,視唱術科考試,樂理術科考試
國立政治大學,中國文學系,006012,35,105,2,無,無,115.5.23至115.5.24,前標,3,*1.50,前標,5,*1.00,,,,,,,前標,8,*1.00,,,,,,,,,,,40%,審查資料,面試,,,true,true,true,,,true,,,,true,,,true,true,true,true,true,,,,學科能力測驗成績,面試,審查資料,學測英文級分
國立政治大學,歷史學系,006022,19,57,1,無,無,,前標,3,*1.00,前標,3,*1.00,,,,,,,前標,6,*1.00,,,,,,,國英社,,10,,50%,審查資料,,,,true,,,,true,true,,,,,,,,true,true,true,true,,,,指定項目甄試成績,學測社會級分,學測國文級分,學測英文級分
國立政治大學,哲學系,006032,23,69,無,無,無,115.5.22,前標,4,*1.00,前標,3,*1.00,,,,,,,,,,,,,,,,國英社,,5,,30%,審查資料,面試,,,true,,,,true,true,,,,,,,,true,true,true,true,true,,,學測國文級分,學測英文級分,面試,
國立政治大學,教育學系,006042,23,69,1,無,無,115.5.23至115.5.24,均標,,*1.00,前標,,*1.00,,,,,,*1.00,,3,,,,,,,,國英數B,,4,,30%,審查資料,面試,,,true,true,true,,true,true,,,,true,,true,true,true,true,true,true,,,,面試,審查資料,學測英文級分,學測國文級分
國立政治大學,政治學系,006052,18,54,2,無,無,115.5.23,,,,,,,,,,,,,,,,,,,,,,,,,,,,,,,true,true,true,,true,true,,,,,true,,true,true,true,true,true,true,,,面試,審查資料,學測社會級分,
國立政治大學,社會學系,006062,21,63,2,1,無,115.5.21,,,,,,,,,,,,,,,,,,,,,,,,,,,,,,,true,true,true,,true,true,true,,true,true,,,,true,true,true,true,true,,,審查資料,面試,學測英文級分,學測社會級分
國立政治大學,財政學系,006072,31,93,1,無,無,115.5.23,前標,5,*1.00,前標,4,*1.00,前標,3,*1.00,,,,,,,,,,,,,國英數A,,6,,40%,審查資料,面試,,,true,,,,,true,,,,,,true,,true,true,true,true,true,,,面試,審查資料,學測數學A級分,學測英文級分
國立政治大學,公共行政學系,006082,15,45,1,無,無,115.5.22,前標,4,*1.00,前標,3,*1.50,均標,,,前標,,,前標,5,*1.00,,,,,,,,,,,40%,審查資料,面試,,,true,true,,,true,true,true,true,,,,,true,true,true,true,true,,,,面試,審查資料,學測英文級分,學測國文級分
國立政治大學,地政學系土地資源規劃組,006092,20,60,無,無,無,115.5.23,前標,4,*1.00,前標,3.5,*1.00,前標,3.5,*1.00,,,,前標,,,,,,,,,國英數A社,,3,,40%,審查資料,面試,,,true,true,true,,,true,true,true,,true,,,,true,true,true,true,true,,,面試,學科能力測驗成績,學測國文級分,審查資料
國立政治大學,地政學系土地管理組,006102,20,60,無,無,無,115.5.23,前標,4,*1.00,前標,4,*1.00,前標,3.5,*1.00,,,,前標,,,,,,,,,國英數A社,,3,,40%,審查資料,面試,,,true,true,true,,,true,true,true,,true,,,,true,true,true,true,true,,,面試,學科能力測驗成績,學測國文級分,審查資料
國立政治大學,地政學系土地測量與資訊組,006112,17,51,無,無,無,115.5.23,前標,4,*1.00,前標,3.5,*1.25,前標,3.5,*1.50,,,,,,,前標,,,,,,國英數A自,,3,,40%,審查資料,面試,,,true,true,true,,,true,true,true,,true,,,,true,true,true,true,true,,,面試,學科能力測驗成績,學測數學A級分,審查資料
國立政治大學,經濟學系,006122,41,123,無,無,無,115.5.25,,,,,,,,,,,,,,,,,,,,,,,,,,,,,,,true,true,true,true,true,true,,,,true,,true,true,true,true,true,true,,,,面試,學測英數A社級分總和,學測數學A級分,學測英文級分
國立政治大學,民族學系,006132,17,51,3,無,無,115.5.18,前標,6,*1.00,前標,6,*1.00,,,,,,,前標,3,*1.00,,,,,,,國英數B社,,10,,20%,審查資料,面試,小論文,,true,true,,,true,true,true,,,,,true,true,true,true,true,true,,,,面試,小論文,審查資料,學測國文級分
國立政治大學,外交學系,006142,21,63,1,無,無,115.5.21,前標,3,*1.00,前標,,*1.00,後標,,,均標,,,前標,,,,,,,,,,,,,20%,審查資料,中英文口試,,,true,,,,true,true,,,,,,,true,true,true,true,,true,,,中英文口試,審查資料,學測英文級分,學測國文級分
國立政治大學,國際經營與貿易學系,006152,30,90,無,1,無,115.5.23,前標,4,*1.50,前標,4,*2.00,前標,3,*2.00,,,,前標,,*1.00,,,,,,,國英數A社,,6,,40%,審查資料,面試,,,true,true,,,true,true,,true,,true,,,true,true,,true,true,,,,面試,審查資料,學科能力測驗成績,學測數學A級分
國立政治大學,金融學系,006162,26,78,無,1,無,115.5.16,前標,,*1.00,前標,3,*1.50,前標,6,*2.00,,,,,,,,,,,,,,,,,40%,審查資料,筆試,,,true,true,,,,true,true,,,true,,,true,true,true,true,true,,,,筆試,學測數學A級分,學測英文級分,
國立政治大學,會計學系,006172,33,99,2,無,無,115.5.22,前標,,*1.00,前標,5,*1.00,前標,5,*1.00,,,,前標,,*1.00,,,,,,,國英數A社,,3,,50%,審查資料,面試,,,true,true,,,,true,,true,,,true,,true,true,true,true,true,,,,面試,學測數學A級分,學測英文級分,審查資料
國立政治大學,統計學系(甲組),006182,13,46,無,無,無,115.5.16,前標,,*1.00,前標,5,*1.50,前標,6,*2.00,,,,,,*1.00,,,,,,,國英數A社,,3.5,,40%,審查資料,筆試,,,true,true,,,,true,,true,true,true,,,,true,true,true,true,true,,,學測數學A級分,審查資料,學測英文級分,筆試
國立政治大學,統計學系(乙組),006192,6,21,無,無,無,115.5.16,前標,,*1.00,前標,5,*1.50,前標,6,*2.00,,,,,,,,,*1.00,,,,國英數A自,,3.5,,40%,審查資料,筆試,,,true,true,,,,true,,true,true,true,,,,true,true,true,true,true,,,學測數學A級分,審查資料,學測英文級分,筆試
國立政治大學,企業管理學系,006202,35,105,無,1,無,115.5.23,前標,4,*1.00,前標,3,*1.00,前標,,,頂標,,,,4,*1.00,,,,,,,,,,,40%,審查資料,面試,,,true,true,,,,true,true,,,true,,,true,true,true,true,true,,,,面試,學測國英社級分總和,審查資料,學測英文級分
國立政治大學,資訊管理學系,006212,26,78,1,1,無,115.5.22,前標,5,*1.00,前標,4,*1.50,前標,3,*1.50,,,,,,,,,,,,,,,,,40%,審查資料,面試,,,true,true,true,,,true,,,,true,,true,true,true,true,true,true,,,,面試,學科能力測驗成績,審查資料,學測數學A級分
國立政治大學,財務管理學系,006222,22,66,無,1,無,,前標,3,*1.00,前標,4,*1.50,前標,4,*1.50,,,,,,,,,,,,,國英數A,,6,,50%,審查資料,,,,true,true,true,true,true,true,,,,,,,,true,true,true,true,true,,,學科能力測驗成績,審查資料,學測數學A級分,學測英文級分
國立政治大學,風險管理與保險學系,006232,15,45,1,無,無,,前標,3,*1.00,前標,3,*1.50,前標,3,*1.50,,,,,,*1.00,,,,,,,國英數A社,,4,,50%,審查資料,,,,true,true,true,,,true,,,,,,,true,true,,true,true,,,,學科能力測驗成績,指定項目甄試成績,學測英文級分,學測數學A級分
國立政治大學,傳播學院大一大二不分系(社會組),006242,59,177,2,1,無,,前標,4,*1.50,前標,4,*1.50,,,,,,*1.00,,,*1.00,,,,,,,國英數B社,,3,,40%,審查資料,,,,true,true,true,,true,true,true,,true,,,,true,true,true,true,true,,,,審查資料,學測國文級分,學測英文級分,學科能力測驗成績
國立政治大學,傳播學院大一大二不分系(自然組),006252,11,39,無,無,無,,,,*1.00,前標,4,*1.50,前標,4,*1.50,,,,,,,,,*1.00,,,,國英數A自,,3.5,,40%,審查資料,,,,true,true,true,true,,true,true,,true,,,,true,true,true,true,true,,,,審查資料,學測國文級分,學測英文級分,學科能力測驗成績
國立政治大學,英國語文學系,006262,23,69,1,無,無,115.5.21,前標,,*1.50,頂標,3,*2.00,,,,,,*1.00,,,*1.00,,,,A級,,,國英數B社,,8,,50%,審查資料,英文讀寫能力,英語面試,,true,true,,,,true,,,,,,,,true,true,true,true,true,,,英文讀寫能力,英語面試,學科能力測驗成績,學測英文級分
國立政治大學,阿拉伯語文學系,006272,17,51,無,無,無,115.5.22,前標,4,*1.00,頂標,3,*1.00,,,,,,,,5,*1.00,,,,,,,,,,,35%,審查資料,英文筆試,面試,,true,true,,,true,true,,,true,,,,true,true,true,true,true,true,,,學科能力測驗成績,學測英文級分,面試,英文筆試
國立政治大學,斯拉夫語文學系,006282,20,60,1,無,無,115.5.21,前標,4,*2.00,前標,3,*2.00,,,,,,,前標,5,*1.00,,,,,,,,,,,40%,審查資料,面試,,,true,true,true,,true,true,,,,,,true,true,true,true,,,true,true,,面試,學科能力測驗成績,審查資料,學測英文級分
國立政治大學,日本語文學系,006292,12,48,1,無,無,115.5.22,前標,5,*1.25,前標,4,*1.50,,,,,,,前標,5,*1.00,,,,,,,,,,,45%,審查資料,面試,,,true,true,,,,true,true,,,true,,true,,true,true,true,true,true,,,面試,學科能力測驗成績,審查資料,學測英文級分
國立政治大學,韓國語文學系,006302,11,33,1,1,無,115.5.21,前標,3,*2.00,前標,5,*1.50,,,,,,*1.00,前標,5,*1.50,,,,,,,,,,,40%,審查資料,小論文筆試,面試,,true,true,,,true,true,true,true,,,,,,true,true,true,true,,,,面試,小論文筆試,學科能力測驗成績,學測國文級分
國立政治大學,土耳其語文學系,006312,11,39,1,無,無,115.5.22,前標,5,*1.50,前標,3.5,*2.00,,,,,,,均標,6,*1.00,,,,,,,,,,,35%,審查資料,面試,,,true,true,,,true,true,,,,,,,,true,true,true,true,true,,,面試,學測英文級分,學測國文級分,審查資料
國立政治大學,歐洲語文學系法文組,006322,8,40,1,無,無,115.5.21,前標,7,*1.50,前標,5,*1.50,,,,,,*1.00,前標,9,*1.00,,,,,,,,,,,40%,審查資料,面試,,,true,true,,,true,true,true,,,,,,,true,true,true,true,,,,面試,學測英文級分,學測國文級分,審查資料
國立政治大學,歐洲語文學系德文組,006332,8,40,1,無,無,115.5.21,前標,7,*1.50,前標,5,*1.50,,,,,,*1.00,前標,9,*1.00,,,,,,,,,,,40%,審查資料,面試,,,true,true,,,true,true,true,,,,,,,true,true,true,true,,,,面試,學測英文級分,學測國文級分,審查資料
國立政治大學,歐洲語文學系西班牙文組,006342,8,40,1,無,無,115.5.21,前標,7,*1.50,前標,5,*1.50,,,,,,*1.00,前標,9,*1.00,,,,,,,,,,,40%,審查資料,面試,,,true,true,,,true,true,true,,,,,,,true,true,true,true,,,,面試,學測英文級分,學測國文級分,審查資料
國立政治大學,東南亞語文學系越文組,006352,6,30,無,無,無,115.5.20,前標,5,*1.50,前標,5,*1.50,,,,,,,均標,10,*1.00,,,,,,,,,,,30%,審查資料,面試,,,true,true,true,,true,true,,,true,,true,true,,true,true,true,true,true,,,面試,學科能力測驗成績,審查資料,學測英文級分
國立政治大學,東南亞語文學系泰文組,006362,6,30,無,無,無,115.5.20,前標,5,*1.50,前標,5,*1.50,,,,,,,均標,10,*1.00,,,,,,,,,,,30%,審查資料,面試,,,true,true,true,,true,true,,,true,,true,true,,true,true,true,true,true,,,面試,學科能力測驗成績,審查資料,學測英文級分
國立政治大學,東南亞語文學系印尼文組,006372,6,30,無,無,無,115.5.19,前標,5,*1.50,前標,5,*1.50,,,,,,,均標,10,*1.00,,,,,,,,,,,30%,審查資料,面試,,,true,true,true,,true,true,,,true,,true,true,,true,true,true,true,true,,,面試,學科能力測驗成績,審查資料,學測英文級分
國立政治大學,法律學系,006382,63,189,3,2,無,115.5.23,均標,5,*2.00,前標,3.5,*2.00,,,,均標,,*1.00,前標,3.5,*2.00,,,,,,,國英數B社,,3,,40%,審查資料,面試,,,true,true,true,,,true,,,true,,,true,true,true,true,true,true,,,,面試,審查資料,學測英文級分,學測社會級分
國立政治大學,應用數學系,006392,15,45,1,無,無,115.5.16,,,,,,,,,,,,,,,,,,,,,,,,,,,,,,,true,true,,true,,true,,,,true,,true,true,true,true,true,,,,,筆試,審查資料,學測數學A級分,學測英文級分
國立政治大學,心理學系,006402,13,46,無,無,無,115.5.23,均標,6,*1.00,均標,5,*1.00,均標,3.5,*1.00,,,,,,,均標,,*1.00,,,,,,,,40%,審查資料,面試,,,true,true,,,,true,,,,,,,,true,true,true,true,,,,面試,審查資料,學測英文級分,學測數學A級分
國立政治大學,資訊科學系,006412,9,50,1,無,無,115.5.21,,,,,,,,,,,,,,,,,,,,,,,,,,,,,,,true,,true,true,,true,true,,,,,true,true,true,true,true,true,true,,,學測數學A級分,學測國英數A自級分總和,學測英文級分,筆試
國立政治大學,資訊科學系(跨領域組),006422,2,15,無,無,無,115.5.21,,,,,,,,,,,,,,,,,,,,,,,,,,,,,,,true,,true,true,,true,true,,,,,true,true,true,true,true,true,true,,,學測數學A級分,學測國英數A社級分總和,學測英文級分,筆試
國立政治大學,資訊科學系(APCS組),006432,3,15,無,無,無,115.5.21,,,,,,,,,,,,,,,,,,,,,,,,,,,,,,,true,,true,true,,true,true,,,,,true,true,true,true,true,true,true,,,學測英數A自級分總和,學測數學A級分,筆試,
國立政治大學,資訊科學系(資安組),006442,4,40,無,無,無,115.5.21,,,,,,,,,,,,,,,,,,,,,,,,,,,,,,,true,,true,true,,true,true,,,,,true,true,true,true,true,true,true,,,學測國英數A自級分總和,學測數學A級分,學測英文級分,筆試
國立政治大學,創新國際學院學士班,006452,12,48,1,無,無,115.5.23,均標,,*1.00,頂標,,*2.00,,,,均標,4,*1.50,前標,4,*1.50,,,,A級,,,,,,,40%,審查資料,中英文面試,,,true,true,,true,true,true,true,,,true,,,true,true,true,true,true,true,,,審查資料,中英文面試,學測英文級分,學測數學B級分
國立政治大學,政星招生(甲組),006462,53,159,無,無,無,,均標,3,*1.00,均標,3,*1.00,,,,,,*1.00,均標,3,*1.00,,,,,,,,,,,20%,審查資料,,,,true,true,true,,,true,true,true,,,,true,,true,true,true,true,true,true,,審查資料,學測國文級分,學測英文級分,學測社會級分
國立政治大學,政星招生(乙組),006472,34,102,無,無,無,,均標,3,*1.00,均標,3,*1.00,均標,3,*1.00,,,,,,,,,,,,,,,,,20%,審查資料,,,,true,true,true,,,true,true,true,,,,true,,true,true,true,true,true,true,,審查資料,學測國文級分,學測英文級分,學測數學A級分
高雄醫學大學,醫學系,007012,78,234,無,無,無,115.5.16至115.5.17,前標,9,*1.00,頂標,4,*1.00,頂標,8,*1.00,,,,,,,頂標,4,*1.00,,,,國英數A自,,3,,40%,審查資料,面試,,,true,true,true,true,,true,true,,true,,,,true,true,true,true,true,,,,面試,學測自然級分,學測英文級分,學測數學A級分
高雄醫學大學,運動醫學系,007022,29,87,無,無,無,115.5.19,,,,,,,,,,,,,,,,,,,,,,,,,,,,,,,true,true,true,,,true,true,,,true,,,true,true,true,true,true,,,,面試,學測自然級分,學測英文級分,審查資料
高雄醫學大學,呼吸治療學系,007032,26,78,無,無,無,115.5.21,均標,10,*1.25,均標,8,*1.25,後標,,,,,,,,,均標,3,*1.25,,,,,,,,50%,審查資料,團體面試與認識本學系,,,true,true,,true,,true,true,true,true,,,,,true,true,true,true,,,,學測自然級分,學測英文級分,審查資料,學測國文級分
高雄醫學大學,牙醫學系,007042,48,144,無,3,無,115.5.16,前標,6,*1.00,前標,6,*1.25,前標,6,*1.00,,,,,,,前標,3,*1.00,,,,,,,,40%,審查資料,面試,美工術科,,true,true,true,true,,,true,true,,,,,,true,true,true,true,,,,學測自然級分,學測英文級分,指定項目甄試成績,美工術科
高雄醫學大學,口腔衛生學系,007052,21,63,無,無,無,115.5.17,均標,7,*1.00,後標,3,*1.25,,,*1.00,,,,,,,均標,10,*1.25,,,,,,,,40%,審查資料,面試,,,true,true,true,true,,true,true,,true,,,,true,true,true,true,true,,,,學測英文級分,面試,審查資料,學科能力測驗成績
高雄醫學大學,口腔衛生學系(英語組),007062,5,15,無,無,無,115.5.17,均標,7,*1.00,均標,3,*1.00,,,*1.00,,,,,,,均標,10,*1.00,,,,,,,,40%,審查資料,面試,,,true,true,true,true,,true,true,,true,,,,true,true,true,true,true,,,,學測英文級分,面試,審查資料,學科能力測驗成績
高雄醫學大學,藥學系,007072,78,234,無,1,無,115.5.16至115.5.17,均標,,*1.25,均標,6,*1.50,均標,,*1.00,,,,,,,前標,3,*1.50,,,,,,,,50%,審查資料,面試,,,true,true,,true,,true,true,true,,,,,true,true,true,true,true,,,,學測自然級分,面試,審查資料,學測英文級分
高雄醫學大學,香粧品學系,007082,41,123,2,無,無,115.5.19,,,*1.00,後標,,*1.00,,,*1.00,,,,,,,後標,,*1.00,,,,國英數A自,,3,,50%,審查資料,面試,,,true,,,true,,true,true,true,,,,true,,true,true,true,true,,,,學測自然級分,學測數學A級分,學測英文級分,學測國文級分
高雄醫學大學,護理學系,007092,42,126,無,無,無,115.5.16,,,*1.00,底標,3,*1.00,底標,,,底標,,,,,,底標,8,*1.00,,,,,,,,20%,審查資料,面試,,,true,,,true,,true,,,,,,,,true,true,,,,,,面試,學測自然級分,學測英文級分,學科能力測驗成績
高雄醫學大學,公共衛生學系,007102,27,81,2,無,無,115.5.18,,,*1.80,均標,10,*1.80,均標,3,*2.00,,,,,,,,,*2.00,,,,,,,,50%,審查資料,面試,,,true,true,true,true,,true,true,,true,,,,,true,true,true,true,,,,面試,學測數學A級分,學測自然級分,學測國文級分
高雄醫學大學,醫學檢驗生物技術學系,007112,20,60,1,1,無,115.5.15,均標,8,,均標,8,*1.00,,,,,,,,,,均標,8,*1.00,,,,英自,,3,,30%,審查資料,面試,,,true,,true,true,,true,,,,,,,true,true,true,true,,,,,面試,學測自然級分,學測英文級分,審查資料
高雄醫學大學,醫學影像暨放射科學系,007122,21,63,1,無,無,115.5.21,,,*1.20,均標,3,*1.20,均標,4,*1.25,,,,,,,後標,6,*1.50,,,,,,,,50%,審查資料,面試,,,true,true,,,,true,,true,,true,,true,,true,,true,true,,,,學測自然級分,學測數學A級分,學測國文級分,學測英文級分
高雄醫學大學,職能治療學系,007132,23,69,2,1,無,115.5.22至115.5.23,均標,3,*1.00,均標,3,*1.00,,,,,,,,,,均標,,*1.00,,,,,,,,50%,審查資料,口試(含英文翻譯),,,true,true,,true,,true,true,,true,,,,true,true,,true,true,,,,口試(含英文翻譯),學測國文級分,學測英文級分,學測自然級分
高雄醫學大學,物理治療學系,007142,21,63,2,2,無,115.5.21,,,,,,,,,,,,,,,,,,,,,,,,,,,,,,,true,true,true,true,,true,true,,true,,,true,,true,true,true,true,,,,指定項目甄試成績,學測自然級分,學測英文級分,學測數學A級分
高雄醫學大學,醫務管理暨醫療資訊學系,007152,21,63,2,無,無,115.5.22至115.5.23,,,*1.00,,,*2.00,底標,,,底標,,,,,,,,,,,,國英,,3,,30%,審查資料,面試,,,true,true,,true,true,true,true,,true,,,,true,true,true,true,true,,,,指定項目甄試成績,學測英文級分,學測國文級分,
高雄醫學大學,醫務管理暨醫療資訊學系(APCS組),007162,4,12,無,無,無,115.5.22至115.5.23,,,*1.00,,,*2.00,底標,,,後標,,,,,,,,,,,,國英,,3,,30%,審查資料,面試,,,true,true,,true,true,true,true,,true,,,,true,true,true,true,true,,,,指定項目甄試成績,學測英文級分,學測國文級分,
高雄醫學大學,醫藥暨應用化學系應用化學組,007172,24,72,2,無,無,115.5.16,,,,,,,,,,,,,,,,,,,,,,,,,,,,,,,true,true,true,true,,true,,,,true,,true,,true,true,true,true,,,,面試,學測自然級分,學測英文級分,審查資料
高雄醫學大學,醫藥暨應用化學系醫藥化學組,007182,24,72,2,無,無,115.5.16,,,,,,,,,,,,,,,,,,,,,,,,,,,,,,,true,true,true,true,,true,,,,true,,true,,true,true,true,true,,,,面試,學測自然級分,學測英文級分,審查資料
高雄醫學大學,生物醫學暨環境生物學系,007192,24,72,2,無,無,115.5.16,後標,,*1.00,均標,8,*1.25,後標,,*1.00,,,,,,,均標,3,*1.50,,,,,,,,40%,審查資料,面試,,,true,true,true,,,true,true,,,true,,,true,true,true,true,true,,,,面試,學測自然級分,學測英文級分,學測數學A級分
高雄醫學大學,生物科技學系,007202,21,63,1,無,無,115.5.15,後標,,*1.00,均標,8,*1.25,後標,,*1.00,,,,,,,均標,3,*1.50,,,,,,,,20%,審查資料,面試,,,true,true,,true,,true,true,,true,true,,,,true,true,true,true,,,,面試,審查資料,學測自然級分,學測英文級分
高雄醫學大學,生命科學院學士班(英語組),007212,7,28,無,無,無,115.5.19,,,,,,,,,,,,,,,,,,,,,,,,,,,,,,,true,true,,true,,true,true,,,true,,,,true,true,true,true,,,,面試,學測自然級分,學測英文級分,學測數學A級分
高雄醫學大學,心理學系,007222,28,84,1,無,無,,,,,,,,,,,,,,,,,,,,,,,,,,,,,,,,true,true,,,,true,true,,,true,,,,true,true,true,true,true,true,,審查資料,學科能力測驗成績,,
高雄醫學大學,醫學社會學與社會工作學系,007232,37,111,4,無,無,115.5.15至115.5.16,均標,10,*2.00,後標,3,*1.00,,,,,,,,,*1.00,,,,,,,,,,,30%,審查資料,面試,,,true,true,true,,true,true,true,,true,,,,,true,,true,,,,,面試,學測國文級分,學測英文級分,學測社會級分
高雄醫學大學,薪火招生(醫學系),007242,1,6,無,無,無,,前標,12,*1.00,前標,12,*1.00,前標,9,*1.00,,,,,,,前標,6,*1.00,,,,,,,,40%,審查資料,,,,true,true,,true,,true,,true,,,true,,true,true,true,true,true,true,true,,審查資料,學科能力測驗成績,學測自然級分,學測數學A級分
高雄醫學大學,薪火招生(牙醫學系),007252,1,6,無,無,無,,均標,,,前標,12,*1.00,前標,9,*1.00,,,,,,,前標,6,*1.00,,,,,,,,40%,審查資料,,,,true,true,,true,,true,,true,,,true,,true,true,true,true,true,true,true,,審查資料,學科能力測驗成績,學測自然級分,學測數學A級分
高雄醫學大學,薪火招生(藥學系),007262,1,6,無,無,無,,均標,,*1.00,前標,12,*1.00,均標,9,*1.00,,,,,,,前標,6,*1.00,,,,,,,,40%,審查資料,,,,true,true,,true,,true,true,true,,,,,true,true,true,true,true,true,true,,審查資料,學科能力測驗成績,學測自然級分,學測數學A級分
高雄醫學大學,薪火招生(運動醫學系),007272,2,6,無,無,無,,,3,*1.00,,,,,,,,,,,,,均標,3,*1.00,,,,,,,,40%,審查資料,,,,true,true,,true,,true,,true,,,true,,true,true,true,true,true,true,true,,審查資料,學科能力測驗成績,學測自然級分,學測國文級分
高雄醫學大學,薪火招生B組(醫事證照類),007282,11,33,無,無,無,,均標,3,*1.00,,,,,,*1.00,,,,,,,均標,3,*1.00,,,,,,,,40%,審查資料,,,,true,true,,true,,true,,true,,,true,,true,true,true,true,true,true,true,true,審查資料,學科能力測驗成績,學測自然級分,學測國文級分
高雄醫學大學,薪火招生C組(應化、醫化與香粧品學系),007292,6,18,無,無,無,,,3,*1.00,,,,,,*1.00,,,,,,,均標,3,*1.00,,,,,,,,40%,審查資料,,,,true,true,true,true,,true,,true,,,true,,true,true,true,true,true,true,true,true,審查資料,學科能力測驗成績,學測自然級分,學測國文級分
高雄醫學大學,薪火招生D組(人文社會科學類),007302,4,8,無,無,無,,,3,*1.00,均標,2,*1.00,,,,,,,,,,,,,,,,,,,,40%,審查資料,,,,true,true,,true,true,true,,true,,,true,,true,true,true,true,true,true,true,true,審查資料,學科能力測驗成績,學測英文級分,學測國文級分
高雄醫學大學,薪火招生E組(生命科學類),007312,4,8,無,無,無,,,3,*1.00,,,,,,,,,,,,,後標,2,*1.00,,,,,,,,40%,審查資料,,,,true,true,,true,true,true,,true,,,true,,true,true,true,true,true,true,true,true,審查資料,學科能力測驗成績,學測自然級分,學測國文級分
高雄醫學大學,薪火招生F組(口衛、公衛與醫管資學系),007322,5,15,無,無,無,,,3,*1.00,,,,後標,,,均標,,,,,,後標,,*1.00,,,,,,,,40%,審查資料,,,,true,true,,true,,true,,true,,,true,,true,true,true,true,true,true,true,true,審查資料,學科能力測驗成績,學測自然級分,學測國文級分
中原大學,應用數學系,008012,70,210,1,無,無,115.5.16至115.5.17,,,*1.00,,,,後標,3,*2.00,,,,,,,,,,,,,,,,,40%,審查資料,面試,,,true,true,,true,,true,true,,true,true,,,,true,true,true,true,,,,學測數學A級分,面試,審查資料,學測國文級分
中原大學,物理學系物理組,008022,33,99,1,無,無,115.5.16至115.5.17,,,,,,,,,,,,,,,,,,,,,,,,,,,,,,,true,true,true,true,,true,,,,true,,true,true,true,true,true,true,,,,面試,學測數學A級分,學測自然級分,審查資料
中原大學,物理學系光電與材料科學組,008032,38,114,1,無,無,115.5.16至115.5.17,,,,,,,,,,,,,,,,,,,,,,,,,,,,,,,true,true,true,true,,true,,,,true,,true,true,true,true,true,true,,,,面試,學測自然級分,學測數學A級分,審查資料
中原大學,化學系化學組,008042,38,114,2,無,無,115.5.16至115.5.17,,,,,,,,,,,,,,,,,,,,,,,,,,,,,,,true,true,,true,,true,,,,true,,true,true,true,true,true,true,true,,,學測自然級分,學測數學A級分,學測英文級分,面試
中原大學,化學系材料化學組,008052,35,105,2,無,無,115.5.16至115.5.17,,,,,,,,,,,,,,,,,,,,,,,,,,,,,,,true,true,,true,,true,,,,true,,true,true,true,true,true,true,true,,,學測英文級分,學測自然級分,面試,審查資料
中原大學,心理學系,008062,74,222,2,無,無,115.5.16至115.5.17,,,*1.00,後標,,*1.00,後標,3,*1.00,,,,,,,,,,,,,國英數A,,4,,20%,審查資料,面試,,,true,true,,,,true,,,,,,,,true,true,true,true,true,,,面試,學測數學A級分,學測英文級分,學測國英數A級分總和
中原大學,生物科技學系,008072,68,204,無,無,無,115.5.16至115.5.17,,,,,,,,,,,,,,,,,,,,,,,,,,,,,,,true,true,,true,,true,,true,,true,,true,,true,true,true,true,true,,,面試,學測英文級分,學測自然級分,審查資料
中原大學,化學工程學系綠能製程組,008082,37,111,無,無,無,115.5.16至115.5.17,,,,,,,,,,,,,,,,,,,,,,,,,,,,,,,true,true,true,true,,true,true,true,,,,true,,true,true,true,true,,,,面試,審查資料,學測自然級分,學測數學A級分
中原大學,化學工程學系生化工程組,008092,37,111,無,無,無,115.5.16至115.5.17,,,,,,,,,,,,,,,,,,,,,,,,,,,,,,,true,true,true,true,,true,true,true,,,,true,,true,true,true,true,,,,面試,審查資料,學測自然級分,學測數學A級分
中原大學,化學工程學系材料工程組,008102,37,111,無,無,無,115.5.16至115.5.17,,,,,,,,,,,,,,,,,,,,,,,,,,,,,,,true,true,true,true,,true,true,true,,,,true,,true,true,true,true,,,,面試,審查資料,學測自然級分,學測數學A級分
中原大學,土木工程學系,008112,108,324,無,1,無,115.5.16至115.5.17,,3,*2.00,,,*1.00,後標,3,*2.00,,,,,,,,,,,,,,,,,40%,審查資料,面試,,,true,true,true,true,,true,true,true,,,,true,,true,,true,true,true,,,學測數學A級分,學測國文級分,審查資料,面試
中原大學,機械工程學系,008122,108,324,1,無,無,115.5.16至115.5.17,,,*1.00,,,,,4,*1.00,,,,,,,後標,,*1.00,,,,國數A自,,3,,35%,審查資料,面試,,,true,true,true,true,,true,true,true,,true,,,,true,true,true,true,true,,,學測國數A自級分總和,面試,審查資料,學測數學A級分
中原大學,生物醫學工程學系,008132,76,228,3,無,無,115.5.16至115.5.17,,,,,,,,,,,,,,,,,,,,,,,,,,,,,,,true,,true,true,,true,,true,,true,,true,,true,true,true,true,,,,學測數學A級分,學測自然級分,面試,審查資料
中原大學,環境工程學系,008142,37,111,無,無,無,115.5.16至115.5.17,,,*1.00,,,*1.00,後標,,,後標,,,,,,後標,5,*1.00,,,,國英自,,3,,30%,審查資料,面試,,,true,true,true,true,true,true,,,true,true,,true,,true,true,true,true,,,,面試,審查資料,學測國文級分,學測自然級分
中原大學,電機資訊學院學士班,008152,27,81,無,無,無,115.5.16至115.5.17,,,*1.00,後標,,*1.50,後標,3,*1.00,,,,,,,,,*1.00,,,,,,,,45%,審查資料,面試,,,true,true,true,true,,true,true,,,true,,true,,true,true,true,true,true,,,學測國英數A自級分總和,學測數學A級分,學測英文級分,審查資料
中原大學,工業與系統工程學系工程組,008162,60,180,無,無,無,115.5.15115.5.16115.5.17,後標,3,,,,*1.00,,3,*1.00,,,,,,,,,,,,,,,,,45%,審查資料,面試,,,true,true,true,true,,true,true,,,,true,,true,true,true,true,true,true,,,學測數學A級分,學測英文級分,學測國文級分,審查資料
中原大學,工業與系統工程學系管理組,008172,25,75,無,無,無,115.5.15115.5.16115.5.17,後標,3,*1.00,,3,*1.00,底標,,,底標,,,,,,,,,,,,,,,,45%,審查資料,面試,,,true,true,true,,true,true,true,,,,true,,true,true,true,true,true,true,,,學測英文級分,學測國文級分,審查資料,面試
中原大學,電子工程學系,008182,101,303,4,無,無,115.5.16至115.5.17,,,,,,,,,,,,,,,,,,,,,,,,,,,,,,,true,true,true,true,,true,true,true,,,,,true,true,true,true,,true,,,學測英文級分,面試,學測數學A級分,審查資料
中原大學,資訊工程學系,008192,65,195,4,無,無,115.5.16至115.5.17,,,,,,,,,,,,,,,,,,,,,,,,,,,,,,,true,true,true,true,,true,true,,,true,,true,,true,true,true,true,true,true,,學科能力測驗成績,學測數學A級分,學測英文級分,審查資料
中原大學,電機工程學系,008202,76,228,1,1,無,115.5.16至115.5.17,後標,,*1.00,,3,*1.00,,3,*1.00,,,,,,,,,*1.00,,,,,,,,50%,審查資料,面試,,,true,true,true,true,,true,true,,,true,,true,,true,true,true,true,true,true,,學測數學A級分,學測英文級分,學測自然級分,審查資料
中原大學,中原大學美國威大密爾瓦基分校電機與資訊工程雙學士學位學程,008212,20,60,無,無,無,115.5.17至115.5.18,,,*1.00,後標,3,*1.00,後標,3,*1.00,,,,,,,,,*1.00,,,,,,,,40%,審查資料,面試,,,true,true,true,true,,true,true,,,,true,true,,true,true,true,true,true,,,面試,學測英文級分,審查資料,學測數學A級分
中原大學,電機資訊學院智慧運算與大數據學士班,008222,31,93,無,無,無,115.5.16至115.5.17,,,,,,,,,,,,,,,,,,,,,,,,,,,,,,,true,true,true,true,,true,true,,,true,,true,,true,true,true,true,true,true,,面試,學測數學A級分,學測英文級分,審查資料
中原大學,企業管理學系服務業管理組,008232,28,84,無,無,無,115.5.16至115.5.17,後標,3,*1.00,,,*1.00,,,,,,,,3,*1.00,,,,,,,,,,,20%,審查資料,面試,,,true,true,,,,true,true,true,,true,,,,true,true,,,true,,,面試,審查資料,學測國英社級分總和,學測社會級分
中原大學,企業管理學系高科技業管理組,008242,32,96,無,無,無,115.5.16至115.5.17,後標,3,*1.00,,,*1.00,,,,,,,,3,*1.00,,,,,,,,,,,20%,審查資料,面試,,,true,true,,,,true,true,true,,true,,,,true,true,,,true,,,面試,審查資料,學測國英社級分總和,學測社會級分
中原大學,企業管理學系工商管理組,008252,60,180,無,無,無,115.5.16至115.5.17,後標,3,*1.00,,,*1.00,,,,,,,,3,*1.00,,,,,,,,,,,20%,審查資料,面試,,,true,true,,,,true,true,true,,true,,,,true,true,,,true,,,面試,審查資料,學測國英社級分總和,學測社會級分
中原大學,國際經營與貿易學系,008262,48,144,無,無,無,115.5.16至115.5.17,,5,*1.00,,3,*1.50,,,,,,,後標,5,,,,,,,,,,,,10%,審查資料,面試,,,true,true,,,true,true,true,true,,,,true,,true,true,true,true,true,,,學測英文級分,學測國文級分,面試,審查資料
中原大學,會計學系,008272,85,255,無,無,無,115.5.16至115.5.17,,,*1.00,,3,*1.00,,,,後標,,,,3,*1.00,,,,,,,,,,,35%,審查資料,面試,,,true,true,true,,true,true,true,,,,,true,true,true,true,true,true,true,,,學測國英數B社級分總和,審查資料,面試,學測國文級分
中原大學,資訊管理學系,008282,54,162,2,無,無,115.5.16至115.5.17,,3,*1.00,,,*1.00,底標,,,底標,,,,,,,,,,,,,,,,30%,審查資料,面試,,,true,true,true,true,true,true,true,true,,true,,,,true,true,true,true,true,,,學科能力測驗成績,學測國文級分,面試,審查資料
中原大學,財務金融學系,008292,66,198,2,1,無,115.5.16至115.5.17,後標,5,*1.00,,,*1.00,,,,,,*1.00,,3,*1.00,,,,,,,,,,,30%,審查資料,面試,,,true,true,true,,true,true,true,true,true,,,,,true,true,true,true,,,,面試,學科能力測驗成績,審查資料,學測英文級分
中原大學,中原大學與美國天普大學商學管理雙學士學位學程,008302,12,48,無,無,無,115.5.17至115.5.18,,5,*1.00,後標,4,*2.00,後標,,,後標,,,,,,,,,,,,,,,,30%,審查資料,中英文面試,,,true,true,,,true,true,true,,,,true,true,,true,true,true,true,true,,,中英文面試,學測國英級分總和,學測英文級分,審查資料
中原大學,財經法律學系財貿法組,008312,34,102,無,無,無,115.5.16至115.5.17,後標,4,*1.00,後標,3,*1.00,,,,,,,,,*1.00,,,,,,,,,,,30%,審查資料,面試,,,true,true,,,true,true,true,true,,,,true,,true,true,true,true,true,,,學測國文級分,學測英文級分,面試,審查資料
中原大學,財經法律學系科技法組,008322,34,102,無,無,無,115.5.16至115.5.17,後標,4,*1.00,後標,3,*1.00,,,,,,,,,*1.00,,,,,,,,,,,30%,審查資料,面試,,,true,true,,true,true,true,true,true,,,,true,,true,true,true,true,true,,,學測英文級分,學測國文級分,面試,審查資料
中原大學,建築學系,008332,36,108,無,1,無,115.5.16115.5.17115.5.18,,,*1.00,後標,,*1.50,,,*1.50,,,,,,,,,,,,,國英數A,,3,,30%,審查資料,面試,,,true,,true,true,true,true,true,,,true,true,,,true,true,true,true,,,,面試,學科能力測驗成績,審查資料,學測英文級分
中原大學,室內設計學系,008342,33,99,1,無,無,115.5.15115.5.16115.5.17,後標,4,*1.00,後標,,*2.00,,,,,,,,,,,,,,,,國英,,3,,30%,審查資料,面試,,,true,true,true,,true,true,,,,true,true,,true,true,true,true,true,,,,面試,學科能力測驗成績,審查資料,學測英文級分
中原大學,商業設計學系商業設計組,008352,32,96,無,無,無,115.5.15115.5.16115.5.17,,,*1.00,後標,,*1.00,,,,,,,,,,,,,,,,國英,,3,,20%,審查資料,面試,,,true,true,true,,true,true,,,true,true,true,,,true,true,true,true,,,,面試,學科能力測驗成績,審查資料,學測英文級分
中原大學,商業設計學系產品設計組乙類,008362,5,25,無,無,無,115.5.16至115.5.17,,,*1.00,,,*1.00,,,,,,,,,,後標,,*2.00,,,,國英自,,5,,20%,審查資料,面試,,,true,true,true,,,,,,true,true,true,true,,true,true,,,,,,面試,學測國英自級分總和,審查資料,學測自然級分
中原大學,地景建築學系,008372,36,108,1,無,無,115.5.15115.5.16115.5.17,,3,*1.00,後標,,,後標,,,後標,,,,,,,,,,,,,,,,30%,審查資料,面試,,,true,true,true,true,true,true,,,true,,true,,true,true,true,true,,true,true,true,審查資料,面試,學科能力測驗成績,學測國英級分總和
中原大學,英國牛津布魯克斯大學建築及都市設計雙學士學位學程,008382,12,48,無,無,無,115.5.16至115.5.17,,,,,,,,,,,,,,,,,,,,,,,,,,,,,,,true,true,true,true,true,true,,true,,,,true,true,true,true,true,true,true,,,中英文面試,審查資料,學測英文級分,指定項目甄試成績
中原大學,特殊教育學系,008392,28,84,無,無,無,115.5.15至115.5.16,後標,3,*2.00,,4,*1.50,,,,,,,,,,,,,,,,,,,,35%,審查資料,面試,,,true,true,,,,true,,true,true,,,true,,true,true,true,true,,,,學測國文級分,面試,審查資料,學測英文級分
中原大學,應用外國語文學系,008402,59,177,無,無,無,115.5.16至115.5.17,,4,*1.50,後標,3,*2.00,,,,,,,,,,,,,,,,,,,,30%,審查資料,英文面試,,,true,true,,,,true,,,,,true,true,true,true,true,true,true,,,,英文面試,學測英文級分,審查資料,學測國文級分
中原大學,應用華語文學系,008412,68,204,2,無,無,115.5.15115.5.16115.5.17,後標,3,*2.00,,4,*1.50,,,,,,,,,,,,,,,,,,,,30%,審查資料,面試,,,true,,,,,true,true,,,true,,true,,true,true,true,,,,,學科能力測驗成績,面試,審查資料,學測國文級分
中原大學,半導體產業學士學位學程,008422,30,90,無,無,無,115.5.16至115.5.17,,,,,,,,,,,,,,,,,,,,,,,,,,,,,,,true,true,true,true,,true,true,true,,,,,true,true,true,true,,true,,,學測英文級分,面試,學測數學A級分,審查資料
中原大學,商業設計學系產品設計組甲類,008432,14,42,無,無,無,115.5.16至115.5.17,,,,,,,,,,,,,,,,,,,,,,,,,,,,,,,true,true,true,,,,,,true,true,true,true,,true,true,,,true,,,面試,術科考試成績,審查資料,創意表現術科考試
東海大學,中國文學系,009012,59,177,2,無,無,115.5.16至115.5.17,後標,5,*2.00,,,,,,,,,,,,*1.50,,,,,,,國社,,3,,25%,審查資料,面試,,,true,true,true,,,true,true,,,true,,,true,true,true,true,,,,,面試,審查資料,學測國社級分總和,學測國文級分
東海大學,外國語文學系,009022,50,150,1,無,無,115.5.16至115.5.17,,,*1.00,後標,3,*2.00,,,,,,,,,,,,,,,,,,,,25%,審查資料,英文面試,,,true,true,,,,true,true,,,,,true,,true,true,true,true,,,,學測英文級分,英文面試,審查資料,
東海大學,歷史學系,009032,36,108,1,無,無,115.5.16至115.5.17,,,,,,,,,,,,,,,,,,,,,,,,,,,,,,,true,true,,,true,true,,,,,,,,true,true,true,true,,,,審查資料,面試,學測社會級分,
東海大學,日本語言文化學系,009042,58,174,1,無,無,115.5.16至115.5.17,,3,*1.50,後標,5,*2.00,,,,,,,,,,,,,,,,,,,,15%,審查資料,團體面試,,,true,true,,,,true,true,,true,,,,,true,,true,true,,,,審查資料,團體面試,學測國英級分總和,
東海大學,哲學系,009052,34,102,4,無,無,115.5.16至115.5.17,,3,*1.00,底標,,,,,,,,,,5,*1.00,,,,,,,,,,,25%,審查資料,面試,,,true,true,true,,true,true,true,,true,,,,true,true,true,true,,,,,審查資料,面試,學測國文級分,學測社會級分
東海大學,應用物理學系,009062,37,111,1,無,無,115.5.16至115.5.17,,,,,,,,,,,,,,,,,,,,,,,,,,,,,,,true,true,true,true,,true,,,,true,true,,,true,true,true,,,,,面試,審查資料,學測數學A級分,
東海大學,化學系化學組,009072,26,78,1,無,無,115.5.16至115.5.17,,,,,,,,,,,,,,,,,,,,,,,,,,,,,,,true,true,,true,,true,,,,,true,,true,true,,true,true,,,,面試,審查資料,學測自然級分,
東海大學,化學系化學生物組,009082,29,87,1,無,無,115.5.16至115.5.17,,,,,,,,,,,,,,,,,,,,,,,,,,,,,,,true,true,,true,,true,,,,,true,,true,true,,true,true,,,,面試,審查資料,學測自然級分,
東海大學,生命科學系(生物醫學組),009092,28,84,1,無,無,115.5.16至115.5.17,,,,,,,,,,,,,,,,,,,,,,,,,,,,,,,true,true,,true,,true,,,,,true,,true,true,true,true,true,,,,面試,審查資料,學測英自級分總和,
東海大學,生命科學系(生態暨生物多樣性組),009102,28,84,1,無,無,115.5.16至115.5.17,,,*1.00,,,*1.25,,,,,,,,,,後標,,*1.50,,,,國英自,,3,,20%,審查資料,面試,,,true,true,true,true,,,,,,,true,,,true,,true,true,,,,面試,審查資料,學測自然級分,
東海大學,智慧計算暨應用數學系(A組),009112,17,51,1,無,無,115.5.16至115.5.17,,,*1.00,,,,後標,3,*1.50,,,,,,,,,,,,,國數A,,8,,30%,審查資料,面試,,,true,true,,true,,true,,true,,true,,,true,true,,true,true,,,,面試,審查資料,學測數學A級分,學測國數A級分總和
東海大學,智慧計算暨應用數學系(B組),009122,14,49,無,無,無,115.5.16至115.5.17,,,*1.00,,,,,,,後標,3.5,*1.50,,,,,,,,,,國數B,,8,,30%,審查資料,面試,,,true,true,,true,,true,,true,,true,,,true,true,,true,true,,,,面試,審查資料,學測數學B級分,學測國數B級分總和
東海大學,化學工程與材料工程學系,009132,48,144,2,無,無,115.5.16至115.5.17,,,*1.00,,,*1.00,,,*1.50,,,,,,,後標,,*2.00,,,,國自,,3,,40%,審查資料,面試,,,true,true,true,true,,true,,,true,true,,,true,true,true,true,true,,,,學測國文、英文、數學A、自然之級分總和 二、學測自然級分 三、學測數學A級分 四、學測英文級分,,,
東海大學,工業工程與經營資訊學系(智慧設計與生產組),009142,25,75,1,無,無,115.5.16至115.5.17,,5,*1.00,,,*1.50,後標,3,*2.00,,,,,,,,,,,,,,,,,15%,審查資料,面試,,,true,true,,,,true,true,,,,,true,,true,true,true,true,,,,面試,學科能力測驗成績,學測數學A級分,學測英文級分
東海大學,工業工程與經營資訊學系(智慧經營與管理組),009152,32,96,1,無,無,115.5.16至115.5.17,,5,*1.00,後標,3,*2.00,,,,,,*1.50,,,,,,,,,,,,,,15%,審查資料,面試,,,true,true,,,,true,true,,,,,true,,true,true,true,true,,,,面試,學科能力測驗成績,學測英文級分,學測數學B級分
東海大學,環境科學與工程學系,009162,50,150,2,無,無,115.5.16至115.5.17,,,*1.00,,,*1.00,底標,,,底標,,,,,,後標,5,*1.00,,,,國英自,,3,,20%,審查資料,團體面試,,,true,true,,,,true,,,,,,,,true,,true,,,,,學測國英自級分總和,學測自然級分,審查資料,團體面試
東海大學,資訊工程學系,009172,56,168,3,無,無,115.5.16至115.5.17,,,,,,,,,,,,,,,,,,,,,,,,,,,,,,,true,true,,,,true,,,,true,,true,true,true,,true,true,,,,審查資料,面試,學測數學A級分,
東海大學,資訊工程學系(APCS組),009182,6,24,無,無,無,115.5.16至115.5.17,,,,,,,,,,,,,,,,,,,,,,,,,,,,,,,true,true,,,,true,,,,true,,true,true,true,,true,true,,,,審查資料,面試,學測數學A級分,
東海大學,電機工程學系,009192,43,129,2,無,無,115.5.16至115.5.17,,3,*1.00,,,*1.00,底標,,,底標,,,,,,,,,,,,,,,,20%,審查資料,面試,,,true,true,,,,true,,,,true,true,,true,true,true,true,true,,,,審查資料,面試,學測國文級分,
東海大學,企業管理學系,009202,88,264,3,無,無,115.5.16至115.5.17,後標,3,*1.00,,6,*1.00,,,,,,,,,,,,,,,,,,,,30%,審查資料,面試,,,true,true,,,,true,true,true,,true,,,,true,true,true,true,,,,面試,審查資料,學測國文級分,學測英文級分
東海大學,國際經營與貿易學系,009212,59,177,無,無,無,115.5.16至115.5.17,,3,*2.00,後標,3,*2.00,,,,,,*1.00,,,,,,,,,,,,,,20%,審查資料,面試,,,true,true,,,true,true,,,,,true,,true,true,true,true,,,,,面試,審查資料,學測英文級分,學測國文級分
東海大學,會計學系,009222,63,189,1,無,無,115.5.16至115.5.17,後標,6,*1.00,,,*1.00,,,,,,*1.00,後標,3,*1.00,,,,,,,,,,,40%,審查資料,面試,,,true,true,,,true,true,,true,,,,true,true,true,true,true,,,,,面試,審查資料,學測英文級分,
東海大學,財務金融學系,009232,64,192,1,無,無,115.5.16至115.5.17,,,*1.00,後標,,*1.00,,,,,,*1.00,,,,,,,,,,國英數B,,3,,25%,審查資料,面試,,,true,true,,,,true,true,true,true,,,,,true,true,,,,,,面試,審查資料,學科能力測驗成績,
東海大學,統計學系(巨量資料管理組),009242,31,93,1,無,無,115.5.16至115.5.17,,,*1.00,,,,後標,5,*2.00,,,,,,,,,,,,,國數A,,3,,30%,審查資料,面試,,,true,true,true,,,true,true,,,true,,,,true,true,true,,,,,面試,審查資料,學測數學A級分,
東海大學,統計學系(決策管理組),009252,31,93,1,無,無,115.5.16至115.5.17,,,*1.00,,,,,,,後標,5,*2.00,,,,,,,,,,國數B,,3,,30%,審查資料,面試,,,true,true,true,,,true,true,,,true,,,,true,true,true,,,,,面試,審查資料,學測數學B級分,
東海大學,資訊管理學系,009262,34,102,2,無,無,115.5.16至115.5.17,後標,6,*2.00,後標,3,*1.50,後標,,,後標,,,,,,,,,,,,,,,,30%,審查資料,面試,,,true,true,true,true,true,true,true,,true,,,,true,true,,true,true,,,,審查資料,面試,學科能力測驗成績,
東海大學,經濟學系,009272,78,234,無,無,無,115.5.16至115.5.17,,,*1.00,底標,,*2.00,,,,,3,*2.00,,,,,,,,,,,,,,30%,審查資料,面試,,,true,,,,,true,,,,,,,true,true,true,true,,,,,學測英文級分,審查資料,面試,
東海大學,政治學系,009282,49,147,4,無,無,115.5.16至115.5.17,,6,*1.00,,,*1.00,,,,,,,底標,6,*1.00,,,,,,,國英,,3,,5%,審查資料,面試,,,true,true,,,,,true,,,,,,true,true,,true,true,,,,面試,審查資料,學測社會級分,
東海大學,行政管理暨政策學系,009292,41,123,4,無,無,115.5.16至115.5.17,,,*1.50,,,,,,,,,,後標,,*2.00,,,,,,,國社,,3,,25%,審查資料,面試,,,true,true,,,true,true,,true,,,,,,true,,true,true,,,,審查資料,面試,指定項目甄試成績,
東海大學,社會學系,009302,50,150,4,無,無,115.5.16至115.5.17,,3,*1.50,,,,,,,,,,底標,6,*2.00,,,,,,,,,,,25%,審查資料,面試,,,true,true,,,true,true,,,,,,,,true,,true,,,,,面試,審查資料,學測社會級分,學測國文級分
東海大學,社會工作學系,009312,70,210,2,無,無,115.5.16至115.5.17,,3,*1.00,,,,,,,,,,底標,3,*1.00,,,,,,,,,,,20%,審查資料,面試,,,true,true,,,,true,true,true,,,,,,true,,true,,,,,面試,審查資料,學測國社級分總和,
東海大學,畜產與生物科技學系,009322,65,195,1,無,無,115.5.16至115.5.17,,,*1.50,,,*2.00,,,,,,,,,,後標,,*2.00,,,,國英自,,3,,35%,審查資料,面試,,,true,true,,true,,true,,,,true,true,,true,true,true,true,true,,,,審查資料,面試,學測自然級分,學測英文級分
東海大學,食品科學系,009332,59,177,2,無,無,115.5.16至115.5.17,,,,,,,,,,,,,,,,,,,,,,,,,,,,,,,true,true,,true,,true,true,true,,true,,,,true,true,true,true,,,,面試,審查資料,學測自然級分,
東海大學,餐旅管理學系,009342,30,90,2,無,無,115.5.16至115.5.17,,,,,,,,,,,,,,,,,,,,,,,,,,,,,,,true,true,,,,true,,,,,,,,true,,true,,,,,面試,審查資料,學測英文級分,
東海大學,高齡健康與運動科學學士學位學程,009352,23,69,3,無,無,115.5.16至115.5.17,底標,3,*1.00,底標,3,*1.00,,,,,,,,,,,,,,,,,,,,25%,審查資料,面試,,,true,true,true,,,true,true,,true,true,,,,true,,true,true,,,,面試,審查資料,學測國英級分總和,
東海大學,建築學系,009362,31,93,無,無,無,115.5.16至115.5.17,,,*1.50,,,*1.75,均標,,,均標,,,,,,,,,,,,國英,,3,,10%,審查資料,基礎設計(筆試),面試,,true,true,true,true,true,true,,,true,,true,,true,true,true,true,,true,,,面試,基礎設計(筆試),審查資料,
東海大學,工業設計學系(A組),009372,10,50,1,無,無,115.5.16至115.5.17,,5,*2.00,均標,5,*2.00,,,,,,,,,,,5,*1.00,,,,,,,,30%,審查資料,面試,,,true,true,,true,,true,true,,true,,true,,,true,true,,,true,,,面試,審查資料,學科能力測驗成績,
東海大學,工業設計學系(B組),009382,10,50,1,無,無,115.5.16至115.5.17,,5,*2.00,均標,5,*2.00,,,,,,,,5,*1.00,,,,,,,,,,,30%,審查資料,面試,,,true,true,,,true,true,true,,true,,true,,,true,true,,,true,,,面試,審查資料,學科能力測驗成績,
東海大學,景觀學系,009392,31,93,4,無,無,115.5.16至115.5.17,後標,3,*1.00,,3,*1.00,,,,,,,,,,,,,,,,,,,,20%,審查資料,面試,,,true,true,true,true,true,true,true,,true,,true,,,true,true,true,true,,,,審查資料,面試,學科能力測驗成績,
東海大學,法律學系,009402,56,168,6,無,無,115.5.16至115.5.17,均標,3,*1.50,均標,4,*1.50,後標,,,後標,,,,,*1.00,,,,,,,,,,,50%,審查資料,面試,,,true,true,,,true,true,,,,,,,true,true,true,true,true,,,,學測國文級分,學測英文級分,學測社會級分,
東海大學,國際學院國際經營管理學位學程,009412,28,84,無,無,無,115.5.16至115.5.17,,,*1.00,後標,3,*2.00,,,,,,,,,,,,,,,,,,,,25%,審查資料,英文面試,,,true,,,,,true,,,true,,,,true,true,,,,,,,英文面試,審查資料,學測英文級分,
東海大學,永續科學與管理學士學位學程,009422,15,45,1,無,無,115.5.16至115.5.17,,,*1.00,後標,3,*2.00,,,,,,,,,,,,,,,,,,,,15%,審查資料,英文面試,,,true,,,,,true,,,true,,,,true,true,,,,,,,英文面試,審查資料,學測英文級分,
東海大學,音樂學系(演奏唱組),009432,23,345,2,無,無,,,,,,,,,,,,,,,,,,,,,,,,,,,,,,,,true,true,true,,,,true,,,true,true,,true,true,,true,,true,,,主修術科考試,指定項目甄試成績,,
東海大學,音樂學系(音樂治療組),009442,7,49,1,無,無,115.5.16至115.5.17,底標,7,*1.00,底標,7,*1.00,,,,,,,,,,,,,,,,,,,,20%,審查資料,面試,,,true,true,true,,true,,true,,true,,,,true,true,true,,true,,,,面試,審查資料,學測國英級分總和,
東海大學,美術學系,009452,29,87,無,無,無,115.5.16至115.5.17,後標,3,*1.50,,,*1.00,,,,,,,,,*1.50,,,,,,,,,,,10%,審查資料,面試,,,true,,,,,,,,,,,,,,true,true,true,true,,,審查資料,面試,術科考試成績,學測國文級分
國立清華大學,中國文學系甲組(一般組),011012,18,54,無,無,無,115.5.22,前標,3,*1.00,前標,3,*1.00,,,,均標,,,前標,8,*1.00,,,,,,,,,,,40%,審查資料,語文能力測驗,,,true,true,,,true,true,true,,,true,,,true,true,true,true,true,,,,語文能力測驗,學測國英數B社級分總和,,
國立清華大學,中國文學系乙組(華語文教學組),011022,7,21,無,無,無,115.5.22,前標,3,*1.00,前標,3,*1.00,,,,均標,12,,均標,8,*1.00,,,,,,,,,,,40%,審查資料,口試,,,true,true,,,true,true,true,,,true,,,true,true,true,true,true,,,,口試,學測國英數B社級分總和,,
國立清華大學,外國語文學系,011032,24,72,1,無,無,115.5.16,前標,3,*1.50,前標,3,*2.00,,,,均標,,*1.00,均標,,*1.00,,,,A級,,,,,,,40%,審查資料,英語讀寫能力,,,true,true,true,,true,true,,,,true,,true,true,true,true,true,true,,,,學測國英數B社級分總和,英語讀寫能力,學測英文級分,學測國文級分
國立清華大學,人文社會學院學士班,011042,47,141,1,無,無,115.5.22至115.5.23,前標,,*1.00,前標,,*1.00,,,,均標,,*1.00,前標,,*1.00,,,,,,,國英數B社,,3,,35%,審查資料,口試,,,true,true,,,true,true,,,true,,true,,true,true,,true,,true,,,口試,審查資料,學測國文級分,
國立清華大學,教育與學習科技學系,011052,25,75,1,無,無,115.5.21,前標,3,*1.00,前標,5,*1.00,,,,均標,,,前標,6,*1.00,,,,,,,,,,,30%,審查資料,面試,,,true,true,true,,true,true,true,,true,true,,,,true,true,true,true,,,,面試,學測國文級分,學測英文級分,學測社會級分
國立清華大學,教育與學習科技學系(公費生),011062,1,6,無,無,無,115.5.21,頂標,6,*2.00,頂標,10,*2.00,,,,前標,,*1.00,頂標,15,*2.00,,,,,,,,,,,30%,審查資料,面試,,,true,true,true,,true,true,true,,true,true,,,,true,true,true,true,,,,面試,學測國文級分,學測英文級分,學測社會級分
國立清華大學,幼兒教育學系,011072,25,75,1,無,無,115.5.22,前標,4,*2.00,前標,3,*2.00,,,,,,,前標,5,*1.00,,,,,,,,,,,40%,審查資料,面試,,,true,true,true,,true,true,,true,true,,,,true,true,true,true,true,,,,面試,學測英文級分,學測國文級分,學測社會級分
國立清華大學,教育心理與諮商學系,011082,14,49,1,無,無,115.5.22,均標,,*1.00,前標,3.5,*1.00,,,,均標,,*1.00,,,,,,,,,,國英數B,,6,,40%,審查資料,面試,,,true,true,true,,true,true,true,,true,,,,true,true,true,true,true,,,,學科能力測驗成績,面試,學測英文級分,學測數學B級分
國立清華大學,教育心理與諮商學系(公費生),011092,1,6,無,無,無,115.5.22,前標,,*1.00,頂標,6,*1.00,,,,均標,,*1.00,,,,,,,,,,,,,,40%,審查資料,面試,,,true,true,true,,true,true,true,,true,,,,true,true,true,true,true,,,,學科能力測驗成績,面試,學測英文級分,學測數學B級分
國立清華大學,特殊教育學系,011102,20,60,1,無,無,115.5.22,前標,3,*2.00,前標,3,*2.00,,,,,,,前標,3,*1.00,,,,,,,,,,,40%,審查資料,面試,,,true,true,true,,true,true,true,,true,,,,true,true,true,true,true,,,,面試,學測國英社級分總和,審查資料,學測國文級分
國立清華大學,英語教學系,011112,22,66,無,無,無,115.5.21,前標,5,*1.50,頂標,3,*2.00,,,,均標,5,*1.00,均標,,*1.00,,,,A級,,,,,,,30%,審查資料,英語面試,,,true,true,,,true,true,,,,true,,true,true,true,true,true,true,,,,英語面試,審查資料,學測英文級分,學測國文級分
國立清華大學,竹師教育學院學士班,011122,16,48,無,無,無,115.5.20,均標,5,*1.00,前標,3,*2.00,均標,,,前標,,,,,,,,,,,,,,,,30%,審查資料,口試,,,true,true,true,true,,true,,,true,true,true,,,true,true,true,true,,,,學科能力測驗成績,學測英文級分,審查資料,口試
國立清華大學,環境與文化資源學系,011132,16,48,1,無,無,115.5.21,前標,5,*1.00,前標,4,*2.00,,,,均標,3,*2.00,前標,4,*2.00,,,,,,,,,,,45%,審查資料,面試,,,true,true,,,,true,,,,,,true,,true,,true,true,,,,面試,學測社會級分,學測英文級分,學測國文級分
國立清華大學,經濟學系,011142,44,132,無,無,無,115.5.18,前標,3,*1.00,前標,3,*1.00,前標,3,*1.00,,,,,,,,,,B級,,,,,,,50%,審查資料,互動式座談與評量,,,true,true,,,true,true,,,,true,,true,true,true,,true,true,,,,審查資料,學測數學A級分,學測英文級分,
國立清華大學,科技管理學院學士班,011152,22,66,1,無,無,115.5.20,前標,3,*1.00,前標,3,*2.00,前標,3,*1.00,,,,,,,,,,B級,,,,,,,40%,審查資料,互動式座談與評量,,,true,true,true,,,true,true,,,true,true,,,true,true,true,true,,,,審查資料,互動式座談與評量,學測數學A級分,學測英文級分
國立清華大學,計量財務金融學系,011162,28,84,無,無,無,115.5.14,前標,3,*1.00,前標,3,*1.50,前標,3,*1.50,,,,,,,,,,,,,,,,,50%,審查資料,互動式座談與評量,,,true,true,true,,,true,,,,true,,true,true,true,true,true,true,,,,審查資料,學測數學A級分,學測英文級分,
國立清華大學,數學系甲組(數學組),011172,18,54,無,無,無,115.5.15,,,,,,,,,,,,,,,,,,,,,,,,,,,,,,,true,true,,true,,true,,,,true,,true,true,true,true,true,true,,,,筆試(數學二),筆試(數學一),學測英數A自級分總和,學測英文級分
國立清華大學,數學系乙組(應用數學組),011182,16,48,無,無,無,115.5.15,,,,,,,,,,,,,,,,,,,,,,,,,,,,,,,true,true,,true,,true,,,,true,,true,true,true,true,true,true,,,,筆試(數學二),筆試(數學一),學測英數A自級分總和,學測英文級分
國立清華大學,物理學系物理組(甲組一般組),011192,24,72,1,無,無,115.5.16,均標,,,前標,,*1.00,前標,5,*2.00,,,,,,,前標,,*2.00,,,,數A自,,3,,45%,審查資料,筆試,,,true,true,true,true,,true,,,,true,true,true,,true,true,true,true,,,,筆試,審查資料,學測數學A級分,學測自然級分
國立清華大學,物理學系物理組(乙組天文物理組),011202,5,25,無,無,無,115.5.16,均標,,,前標,,*1.00,前標,10,*2.00,,,,,,,,,*2.00,,,,數A自,,5,,45%,審查資料,筆試,,,true,true,true,true,,true,,,,true,true,true,,true,true,true,true,,,,筆試,審查資料,學測數學A級分,學測自然級分
國立清華大學,物理學系光電物理組,011212,10,50,1,無,無,115.5.16,均標,,,前標,,*1.00,前標,10,*2.00,,,,,,,,,*2.00,,,,數A自,,5,,45%,審查資料,筆試,,,true,true,true,true,,true,,,,true,true,true,,true,true,true,true,,,,筆試,審查資料,學測數學A級分,學測自然級分
國立清華大學,化學系,011222,29,87,無,無,無,115.5.16,,,,,,,,,,,,,,,,,,,,,,,,,,,,,,,true,,,true,,true,true,,,true,,,true,true,true,true,true,,,,化學筆試,審查資料,,
國立清華大學,理學院學士班,011232,24,72,無,無,無,115.5.16,均標,,,均標,10,*1.00,,,*2.00,,,,,,,,,*2.00,,,,數A自,,3,,40%,審查資料,筆試,,,true,true,true,true,,true,,,,true,true,,true,true,true,true,true,,,,筆試,學測國英數A自級分總和,學測數學A級分,學測自然級分
國立清華大學,生醫工程與環境科學系,011242,25,75,無,無,無,115.5.17,均標,5,*1.00,前標,3,*1.50,均標,5,*1.00,,,,,,,前標,3,*1.50,,,,,,,,50%,審查資料,筆試,,,true,true,true,true,,true,true,,,true,,,true,true,true,true,,,,,學測國英數A自級分總和,審查資料,,
國立清華大學,工程與系統科學系甲組(低碳綠能組),011252,40,120,1,無,無,115.5.17,均標,,*1.00,前標,,*1.00,前標,,*1.25,,,,,,,前標,,*1.25,,,,國英數A自,,3,,40%,審查資料,筆試與互動式座談,,,true,,,true,,true,true,,,true,,true,,true,true,true,true,,,,審查資料,學測英文級分,學測自然級分,學測數學A級分
國立清華大學,工程與系統科學系乙組(智慧奈米系統組),011262,37,111,1,無,無,115.5.17,,,*1.00,前標,,*1.00,前標,,*1.25,,,,,,,前標,,*1.25,,,,國英數A自,,3,,40%,審查資料,筆試與互動式座談,,,true,,,true,,true,true,,,true,,true,,true,true,true,true,,,,審查資料,學測英文級分,學測自然級分,學測數學A級分
國立清華大學,原子科學院學士班,011272,16,48,無,無,無,115.5.15,前標,3,*1.00,前標,3,*1.00,前標,3,*1.25,,,,,,,前標,3,*1.25,,,,,,,,50%,審查資料,面試,,,true,true,,true,,true,true,,,true,,true,,true,true,true,true,,,,審查資料,面試,學測數學A級分,學測自然級分
國立清華大學,化學工程學系,011282,35,105,1,無,無,115.5.17,,,,,,,,,,,,,,,,,,,,,,,,,,,,,,,true,true,,true,,true,,,,true,,true,true,true,true,true,true,,,,審查資料,學測自然級分,筆試,
國立清華大學,動力機械工程學系,011292,69,207,1,無,無,115.5.17,均標,,*1.00,前標,7,*1.75,前標,7,*1.75,,,,,,,前標,7,*1.75,,,,國英數A自,,3,,50%,審查資料,筆試,,,true,true,true,true,,true,,,,true,true,true,,true,true,true,true,true,,,審查資料,學測自然級分,學測數學A級分,學測英文級分
國立清華大學,材料科學工程學系,011302,57,171,無,無,無,115.5.16,,,,,,,,,,,,,,,,,,,,,,,,,,,,,,,true,true,true,true,,true,true,,,true,,,true,true,true,true,true,true,,,筆試,審查資料,,
國立清華大學,工業工程與工程管理學系,011312,43,129,1,無,無,115.5.20,均標,,*1.00,前標,3,*1.25,前標,3,*1.25,,,,,,,前標,5,*1.00,,,,,,,,45%,審查資料,筆試,,,true,true,true,true,,true,,,,true,true,true,,true,true,true,true,,,,審查資料,學測數學A級分,學測英文級分,學測自然級分
國立清華大學,工學院學士班,011322,27,81,1,無,無,115.5.17,前標,,*1.00,頂標,,*1.25,前標,,*1.00,,,,,,,頂標,,*1.25,,,,國英數A自,,3,,40%,審查資料,互動式座談,筆試,,true,true,true,true,,true,,true,,,,,true,true,true,true,true,true,true,,審查資料,互動式座談,學測英文級分,學測自然級分
國立清華大學,電機工程學系甲組,011332,5,50,無,無,無,115.5.17,,,,,,,,,,,,,,,,,,,,,,,,,,,,,,,true,true,true,true,,true,true,,,true,,,true,true,true,true,true,true,,,審查資料,物理筆試,數學筆試,學測英數A自級分總和
國立清華大學,電機工程學系乙組,011342,55,165,無,無,無,115.5.17,,,,,,,,,,,,,,,,,,,,,,,,,,,,,,,true,true,true,true,,true,true,,,true,,,true,true,true,true,true,true,,,審查資料,物理筆試,數學筆試,學測英數A自級分總和
國立清華大學,資訊工程學系甲組(電子資訊組),011352,5,50,無,無,無,115.5.16,前標,10,*1.00,前標,10,*1.00,前標,10,*1.00,,,,,,,前標,10,*1.00,,,,,,,,40%,審查資料,筆試,,,true,true,true,true,,true,,,,true,true,,true,true,true,true,true,true,,,審查資料,學測國英數A自級分總和,筆試,學測數學A級分
國立清華大學,資訊工程學系乙組(資訊工程組),011362,44,132,無,無,無,115.5.16,均標,10,*1.00,均標,10,*1.00,頂標,3,*2.00,,,,,,,前標,10,*1.00,,,,,,,,40%,審查資料,筆試,,,true,true,true,true,,true,,,,true,true,,true,true,true,true,true,true,,,審查資料,學測國英數A自級分總和,筆試,
國立清華大學,資訊工程學系丙組(人工智慧組),011372,10,50,無,無,無,115.5.16,,,,,,,,,,,,,,,,,,,,,,,,,,,,,,,true,true,true,true,,true,,,,true,true,,true,true,true,true,true,true,,,審查資料,學測英數A自級分總和,筆試,學測數學A級分
國立清華大學,資訊工程學系(APCS組),011382,3,30,無,無,無,115.5.16,,,,,,,,,,,,,,,,,,,,,,,,,,,,,,,true,true,true,true,,true,,,,true,true,,true,true,true,true,true,true,,,口試,審查資料,,
國立清華大學,資訊工程學系(資安組),011392,4,40,無,無,無,115.5.16,,,,,,,,,,,,,,,,,,,,,,,,,,,,,,,true,true,true,true,,true,,,,true,true,,true,true,true,true,true,true,,,口試,審查資料,,
國立清華大學,電機資訊學院學士班,011402,12,42,無,無,無,115.5.22,,,,,,,,,,,,,,,,,,,,,,,,,,,,,,,true,true,true,true,,true,true,,,true,,,true,true,true,true,true,,,,審查資料,面試,學測英數A自級分總和,學測數學A級分
國立清華大學,生命科學系,011412,29,87,無,無,無,115.5.23,,,,,,,,,,,,,,,,,,,,,,,,,,,,,,,true,true,true,true,,true,,,,true,,true,true,true,true,true,true,,,,審查資料,學測自然級分,學測英文級分,學測數學A級分
國立清華大學,醫學科學系,011422,18,54,無,無,無,115.5.23,均標,,,前標,10,*1.00,均標,,*1.00,,,,,,,前標,5,*1.00,,,,國英數A自,,3,,40%,審查資料,口試,,,true,true,true,true,,true,,,,true,,true,true,true,,true,true,,,,學測國英數A自級分總和,口試,學測自然級分,學測英文級分
國立清華大學,生命科學暨醫學院學士班,011432,19,57,1,無,無,115.5.23,均標,,,前標,,*1.00,前標,,*1.00,,,,,,,前標,,*1.00,,,,國英數A自,,3,,50%,審查資料,面談,,,true,true,,true,,true,,,,true,,true,true,true,true,true,true,,,,審查資料,學測自然級分,學測英文級分,學測數學A級分
國立清華大學,清華學院學士班甲組(不分系招生–創新設計),011442,10,50,無,無,無,115.5.23,均標,,,前標,5,,均標,,,,,,,,,均標,,,,,,英數A,,6,,0%,審查資料,面試,創意設計,,true,true,true,true,,true,,,,true,,,true,true,true,true,true,,,,面試,創意設計,審查資料,
國立清華大學,清華學院學士班乙組(青年儲蓄帳戶組),011452,2,50,無,無,無,115.5.21,前標,,,前標,,,,,,,,,,,,前標,,,,,,,,,,0%,審查資料,個別面談,,,true,true,true,true,,,,,,,,,,,,,,true,true,,個別面談,審查資料,,
國立清華大學,旭日招生甲組(人文、教育),011462,11,33,無,無,無,115.5.21,均標,,,均標,,,,,,,,,均標,,,,,,,,,國英社,,3,,0%,審查資料,個別面談,,,true,true,,,true,true,,,,,,,,true,true,true,true,true,true,true,個別面談,審查資料,學測國英社級分總和,學測英文級分
國立清華大學,旭日招生乙組(科管),011472,4,18,1,無,無,115.5.21,均標,,,均標,,,均標,,,均標,,,,,,,,,,,,國英,,4.5,,0%,審查資料,個別面談,,,true,true,,,true,true,,,,,,,,true,true,true,true,true,true,true,個別面談,審查資料,學測國英級分總和,學測英文級分
國立清華大學,旭日招生丙組(理工、原科、生科),011482,18,54,1,無,無,115.5.22,,,,,,,,,,,,,,,,,,,,,,,,,,,,,,,true,true,,true,,true,,,,,,,,true,true,true,true,true,true,true,個別面談,審查資料,學測英數A自級分總和,學測自然級分
國立清華大學,旭日招生丁組(電資院),011492,6,18,1,無,無,115.5.22,,,,,,,,,,,,,,,,,,,,,,,,,,,,,,,true,true,,true,,true,,,,,,,,true,true,true,true,true,true,true,個別面談,審查資料,學測英數A自級分總和,學測英文級分
國立清華大學,運動科學系,011502,12,48,1,無,無,115.5.22,均標,6,*1.00,均標,4,*1.00,均標,4,*1.00,,,,,,,,,,,,,,,,,40%,審查資料,面試,,,true,true,,,,true,,,,true,,true,,true,,true,true,,,,學科能力測驗成績,面試,審查資料,
國立清華大學,運動科學系(公費生),011512,1,6,無,無,無,115.5.22,均標,,*1.00,均標,6,*1.00,均標,,*1.00,,,,,,,,,,,,,,,,,40%,審查資料,面試,,,true,true,,,,true,,,,true,,true,,true,,true,true,,,,學科能力測驗成績,面試,審查資料,
國立清華大學,藝術學院學士班(科技藝術組),011522,17,51,無,無,無,115.5.23至115.5.24,,6,*1.00,前標,3,*1.00,均標,,,均標,,,,,,,,,,,,,,,,30%,審查資料,面試,,,true,true,true,,,true,,,,true,,true,true,true,,true,true,true,,,審查資料,面試,,
國立清華大學,藝術學院學士班(音樂組),011532,5,30,無,無,無,115.5.22,均標,10,*1.00,前標,6,*1.00,均標,,,均標,,,,,,,,,,,,,,,,30%,審查資料,面試(術科主修),,,true,true,true,,,,,,,true,true,,true,true,,true,true,,,,面試(術科主修),審查資料,學測英文級分,
國立清華大學,藝術學院學士班(創意媒體實踐組),011542,6,30,無,無,無,115.5.22,均標,10,*1.50,均標,5,*1.00,均標,,,均標,,,,,,,,,,,,,,,,30%,審查資料,面試,,,true,true,true,,,true,,,,,true,,true,true,true,true,true,true,,,面試,審查資料,,
國立清華大學,音樂學系,011552,38,570,2,無,無,,,,*1.00,,,*1.00,,,,,,,,,,,,,,,,,,,,5%,審查資料,,,,true,true,true,,,,,,,true,true,,true,true,,true,,,,,主修術科考試,學測英文級分,聽寫術科考試,樂理術科考試
國立清華大學,藝術與設計學系創作組,011562,23,104,1,無,無,115.5.22至115.5.23,,,*1.50,,,*1.00,,,,,,,,,,,,,,,,,,,,15%,審查資料,面試,,,true,true,true,,,true,,,,,true,,true,true,true,true,true,true,,,面試,素描術科考試,審查資料,彩繪技法術科考試
國立清華大學,藝術與設計學系設計組,011572,23,104,1,無,無,115.5.22至115.5.23,均標,6,*1.00,前標,4.5,*1.50,,,,,,,,,,,,,,,,,,,,30%,審查資料,面試,,,true,true,true,,,true,,,,,true,,true,true,true,true,true,true,,,面試,審查資料,學測英文級分,學測國文級分
中國醫藥大學,牙醫學系,012012,30,90,無,3,無,115.5.22至115.5.23,前標,20,*1.00,,,,前標,5,*1.25,,,,前標,20,*1.00,前標,5,*1.25,,,,國數A社自,,3,,30%,審查資料,面談,,,true,,,true,,true,true,,true,,,,,true,true,,,,,,面談,學測國數A社自級分總和,學測數學A級分,學測自然級分
中國醫藥大學,醫學系,012022,85,255,無,無,無,115.5.15至115.5.17,前標,5,*1.00,,,,頂標,4,*1.25,,,,前標,5,*1.00,頂標,4,*1.25,A級,,,國數A社自,,3,,40%,審查資料,面談,,,true,true,true,true,true,true,true,,,true,,,true,true,true,true,true,,,,面談,學測國數A社自級分總和,學測數學A級分,學測自然級分
中國醫藥大學,中醫學系甲組,012032,39,117,無,無,無,115.5.16至115.5.18,前標,6,*1.25,,,,頂標,5,*1.00,,,,前標,5,*1.00,頂標,3,*1.25,,,,,,,,40%,審查資料,面談,,,true,,,true,true,true,true,,true,,true,,,true,true,true,,,,,面談,學測國數A社自級分總和,學測國文級分,學測自然級分
中國醫藥大學,中醫學系乙組,012042,42,126,無,4,無,115.5.16至115.5.17,前標,6,*1.25,,,,頂標,5,*1.00,,,,前標,5,*1.00,頂標,3,*1.25,,,,,,,,40%,審查資料,面談,,,true,,,true,true,true,true,,true,,true,,,true,true,true,,,,,面談,學測國數A社自級分總和,學測國文級分,學測自然級分
中國醫藥大學,藥學系,012052,157,471,14,1,無,115.5.23至115.5.24,,,*1.00,均標,,*1.00,均標,3,*1.00,,,,,,,均標,5,*1.25,B級,,,,,,,50%,審查資料,面談,,,true,,,true,,true,true,,true,,,,true,true,,true,,,,,面談,學測國英數A自級分總和,學測自然級分,學測英文級分
中國醫藥大學,護理學系,012062,58,174,4,無,無,115.5.16至115.5.17,後標,,*1.00,後標,3,*1.00,,,,,,,,,,後標,3,*1.00,,,,國英自,,10,,20%,審查資料,面談,,,,true,,,,true,true,true,,,,,,true,true,true,true,,,,面談,學測英文級分,學測自然級分,學測國文級分
中國醫藥大學,醫學檢驗生物技術學系,012072,33,99,3,無,無,115.5.16至115.5.17,,,,,,,,,,,,,,,,,,,,,,,,,,,,,,,true,,,,,true,,,,,,,,true,,,,,,,面談,學測自然級分,學測英文級分,
中國醫藥大學,營養學系,012082,43,129,4,無,無,115.5.16至115.5.17,,,,,,,,,,,,,,,,,,,,,,,,,,,,,,,true,true,,,,true,true,true,,,,,,true,true,,,,,,學測英文級分,學測英自級分總和,面談,審查資料
中國醫藥大學,物理治療學系,012092,31,93,3,無,無,115.5.16至115.5.17,,,,,,,,,,,,,,,,,,,,,,,,,,,,,,,true,,,,,true,,,,,,,,true,true,,true,,,,面談,學測英文級分,學測自然級分,審查資料
中國醫藥大學,生物科技學系,012102,23,69,2,無,無,115.5.16,,,,,,,,,,,,,,,,,,,,,,,,,,,,,,,true,true,,true,,true,true,true,,,,,,true,true,true,true,,,,面談,學測自然級分,學測英文級分,審查資料
中國醫藥大學,運動醫學系,012112,23,69,2,無,無,115.5.16,,,,,,,,,,,,,,,,,,,,,,,,,,,,,,,true,,,,,true,,,,,,,,true,true,true,true,,,,面談,學測自然級分,學測英文級分,審查資料
中國醫藥大學,中國藥學暨中藥資源學系,012122,11,50,2,無,無,115.5.15,後標,4.5,*1.00,,,*1.00,,,,,,,,,,,,,,,,,,,,20%,審查資料,面談,,,true,true,true,,,true,true,,,,,,,true,true,true,true,,,,面談,學測英文級分,學測國英級分總和,審查資料
中國醫藥大學,藥用化妝品學系,012132,26,78,3,無,無,115.5.16,,,,,,,,,,,,,,,,,,,,,,,,,,,,,,,true,true,,,,true,true,,true,,,,,true,,,,,,,學測自然級分,學測英文級分,面談,審查資料
中國醫藥大學,生物醫學影像暨放射科學學系,012142,41,123,3,無,無,115.5.23,,,,,,,,,,,,,,,,,,,,,,,,,,,,,,,true,,true,true,,,true,true,,true,,true,,true,,true,,,,,面談,學測英自級分總和,學測英文級分,學測自然級分
中國醫藥大學,公共衛生學院大一不分系,012152,84,252,9,無,無,115.5.16至115.5.17,後標,3,*2.00,後標,20,*1.75,,,,,,,,,,,,,,,,,,,,30%,審查資料,面談,,,true,,,true,true,true,,,,,,true,,true,,true,true,,,,面談,學測英文級分,學測國英級分總和,
中國醫藥大學,生物醫學工程學系,012162,27,81,2,無,無,115.5.16至115.5.17,,,,,,,,,,,,,,,,,,,,,,,,,,,,,,,true,,true,true,,true,true,,,,,,,true,,true,true,,,,面談,審查資料,學測自然級分,學測英文級分
中國醫藥大學,醫療資訊學系,012172,35,105,3,無,無,115.5.23至115.5.24,,,,,,,,,,,,,,,,,,,,,,,,,,,,,,,true,,true,true,,true,true,,,true,,,,true,,true,true,,,,學測自然級分,學測英文級分,面談,審查資料
國立陽明交通大學,電機工程學系甲組(電資國際組),013012,7,49,無,無,無,115.5.14,,,,,,,,,,,,,,,,,,,,,,,,,,,,,,,true,true,true,true,,true,true,,,true,,,true,true,true,true,true,,,,審查資料,學測英數A自級分總和,學測數學A級分,學測自然級分
國立陽明交通大學,電機工程學系乙組(電機工程組),013022,117,351,1,2,無,115.5.15,,,,,,,,,,,,,,,,,,,,,,,,,,,,,,,true,true,true,true,,true,true,,,true,,,true,true,true,true,true,,,,審查資料,學測英數A自級分總和,學測數學A級分,學測自然級分
國立陽明交通大學,電機工程學系丙組(醫學電資組),013032,7,49,無,無,無,115.5.14,,,,,,,,,,,,,,,,,,,,,,,,,,,,,,,true,true,true,true,,true,true,,,true,,,true,true,true,true,true,,,,審查資料,學測英數A自級分總和,學測自然級分,學測數學A級分
國立陽明交通大學,光電工程學系甲組(智慧系統組),013042,9,50,無,無,無,115.5.21,,,,,,,,,,,,,,,,,,,,,,,,,,,,,,,true,true,,true,true,true,true,,true,,,,true,true,true,true,true,true,,,口試,審查資料,學測自然級分,學測英文級分
國立陽明交通大學,光電工程學系乙組(半導體光電組),013052,10,50,1,無,無,115.5.21,,,,,,,,,,,,,,,,,,,,,,,,,,,,,,,true,true,,true,true,true,true,,true,,,,true,true,true,true,true,true,,,口試,審查資料,學測自然級分,學測數學A級分
國立陽明交通大學,資訊工程學系(甲組),013062,5,50,無,無,無,115.5.16,均標,,,前標,20,*1.00,頂標,10,*1.20,,,,,,,頂標,20,*1.00,,,,,,,,40%,審查資料,筆試,,,true,true,true,true,,,,,,true,true,,true,true,true,true,,,,,審查資料,學科能力測驗成績,筆試,
國立陽明交通大學,資訊工程學系(乙組),013072,93,279,無,2,無,115.5.16,均標,,,前標,5,*1.00,頂標,3,*1.20,,,,,,,前標,5,*1.00,,,,,,,,40%,審查資料,筆試,,,true,true,true,true,,,,,,true,true,,true,true,true,true,,,,,審查資料,學科能力測驗成績,筆試,
國立陽明交通大學,資訊工程學系(APCS組),013082,5,50,無,無,無,115.5.20,,,,,,,,,,,,,,,,,,,,,,,,,,,,,,,true,true,true,true,,,,,,true,true,,true,true,true,true,,,,,口試,審查資料,學科能力測驗成績,
國立陽明交通大學,資訊工程學系(資安組),013092,5,45,無,無,無,115.5.20,,,,,,,,,,,,,,,,,,,,,,,,,,,,,,,true,true,true,true,,,,,,true,true,,true,true,true,true,,,,,口試,審查資料,學科能力測驗成績,
國立陽明交通大學,半導體工程學系固態電子組,013102,26,78,2,無,無,115.5.16,,,,,,,,,,,,,,,,,,,,,,,,,,,,,,,true,true,,true,,,,true,,true,,true,true,true,,true,,true,,,學測數學A級分,學測自然級分,學測英文級分,審查資料
國立陽明交通大學,半導體工程學系奈米科學組,013112,14,42,1,無,無,115.5.16,,,,,,,,,,,,,,,,,,,,,,,,,,,,,,,true,true,,true,,,,true,,true,,true,true,true,,true,,true,,,學測數學A級分,學測自然級分,學測英文級分,審查資料
國立陽明交通大學,材料科學與工程學系,013122,24,72,1,1,無,115.5.23,,,,,,,,,,,,,,,,,,,,,,,,,,,,,,,true,true,,true,,true,,,true,true,,true,,true,true,true,true,true,,,學測自然級分,學測英文級分,學測數學A級分,審查資料
國立陽明交通大學,機械工程學系,013132,55,165,無,無,無,115.5.17,均標,,,均標,8,*1.00,前標,8,*2.00,,,,,,,前標,8,*2.00,,,,國英數A自,,3,,50%,審查資料,認識本系及綜合筆試,,,true,true,,true,,true,,,,true,,true,true,true,true,true,true,,,,學測數學A級分,學測自然級分,學測英文級分,審查資料
國立陽明交通大學,土木工程學系甲組(科技暨基礎建設永續發展組),013142,17,51,2,無,無,115.5.15,均標,,,均標,3,*1.00,前標,5,*1.00,,,,,,,均標,3,*1.00,,,,,,,,50%,審查資料,團體面談即席心得測驗,,,true,true,,true,,true,,,,true,,true,true,true,true,true,true,,,,學測數學A級分,學測自然級分,學測英文級分,審查資料
國立陽明交通大學,土木工程學系乙組(科技暨基礎建設永續發展國際組),013152,33,99,無,無,無,115.5.15,均標,,,前標,4,*1.00,前標,5,*1.00,,,,,,,均標,3,*1.00,B級,,,,,,,50%,審查資料,團體面談即席心得測驗,,,true,true,,true,,true,,,,true,,true,true,true,true,true,true,,,,學測數學A級分,學測自然級分,學測英文級分,審查資料
國立陽明交通大學,理學院科學學士學位學程(乙組),013162,4,28,無,無,無,115.5.22,均標,,,前標,7,*1.00,前標,7,*1.50,,,,,,,前標,7,*1.50,,,,,,,,30%,審查資料,面試,,,true,true,true,true,,true,,,,true,,true,true,true,true,true,true,true,,,學測數學A級分,學測自然級分,學科能力測驗成績,面試
國立陽明交通大學,理學院科學學士學位學程(丙組),013172,4,28,無,無,無,115.5.22,,,,,,,,,,,,,,,,,,,,,,,,,,,,,,,true,true,true,true,,true,,,,true,,true,true,true,true,true,true,true,,,學測自然級分,學測數學A級分,學科能力測驗成績,面試
國立陽明交通大學,電子物理學系光電與奈米科學組,013182,13,46,無,無,無,115.5.20,前標,,*1.00,前標,,*2.00,前標,3.5,*2.00,,,,,,,前標,3.5,*2.00,,,,,,,,50%,審查資料,性向測驗(團體面試),,,true,,,true,,true,true,true,,,,,true,true,true,true,true,,,,學科能力測驗成績,學測數學A級分,學測自然級分,指定項目甄試成績
國立陽明交通大學,電子物理學系電子物理組,013192,12,48,無,無,無,115.5.20,,,,,,,,,,,,,,,,,,,,,,,,,,,,,,,true,,,true,,true,true,true,,,,,true,true,true,true,true,,,,學科能力測驗成績,學測數學A級分,學測自然級分,指定項目甄試成績
國立陽明交通大學,應用化學系,013202,21,63,1,無,無,115.5.23,均標,,,均標,8,*1.00,均標,8,*1.00,,,,,,,前標,8,*1.50,,,,國英數A自,,3,,40%,審查資料,面試,,,true,true,,true,,true,true,,,true,,,true,true,true,true,true,,,,審查資料,面試,學科能力測驗成績,學測自然級分
國立陽明交通大學,應用數學系,013212,28,84,1,無,無,115.5.15,,,,,,,,,,,,,,,,,,,,,,,,,,,,,,,true,true,true,,,true,,,,true,true,,true,true,true,true,true,true,,,數學筆試,審查資料,學科能力測驗成績,學測數學A級分
國立陽明交通大學,生物科技學系(甲組),013222,34,102,無,無,無,115.5.16,,,,,,,,,,,,,,,,,,,,,,,,,,,,,,,true,,,true,,true,,,,true,,,true,true,true,true,true,true,,,學測英數A自級分總和,學測自然級分,學測數學A級分,學測英文級分
國立陽明交通大學,生物科技學系(乙組),013232,12,36,無,無,無,115.5.16,,,,,,,,,,,,,,,,,,,,,,,,,,,,,,,true,,,true,,true,,,,true,,,true,true,true,true,true,true,,,學測英數A自級分總和,學測數學A級分,學測自然級分,學測英文級分
國立陽明交通大學,資訊管理與財務金融學系資訊管理組,013242,12,48,無,無,無,115.5.15,,,,,,,,,,,,,,,,,,,,,,,,,,,,,,,true,true,true,true,,true,,,,,,,true,true,,true,true,true,,,審查資料,學測數學A級分,學測英文級分,團體面談即席心得測驗
國立陽明交通大學,資訊管理與財務金融學系財務金融組,013252,12,48,無,無,無,115.5.15,前標,,*1.00,前標,4,*2.00,前標,4,*2.00,,,,,,,,,,,,,,,,,50%,審查資料,團體面談即席心得測驗,,,true,true,true,true,,true,,,,,,,true,true,,true,true,true,,,審查資料,學測數學A級分,學測英文級分,團體面談即席心得測驗
國立陽明交通大學,管理科學系,013262,22,66,無,無,無,115.5.22,前標,3,*1.00,前標,3,*1.00,前標,3,*1.00,,,,,,,,,,,,,,,,,40%,審查資料,口試,,,true,true,true,,,true,,,,,true,,true,true,true,true,true,,,,口試,學科能力測驗成績,,
國立陽明交通大學,運輸與物流管理學系,013272,27,81,無,無,無,115.5.16,均標,3,*1.00,前標,3,*1.00,前標,3,*1.00,,,,,,,均標,3,*1.00,,,,,,,,50%,審查資料,團體面談及個案分析,,,true,true,true,true,,true,,,,true,,true,true,true,true,true,true,true,,,團體面談及個案分析,學測國英數A自級分總和,學測數學A級分,學測英文級分
國立陽明交通大學,工業工程與管理學系,013282,35,105,2,1,無,115.5.20,,,,,,,,,,,,,,,,,,,,,,,,,,,,,,,true,true,true,true,,true,,,,,true,true,true,true,true,true,true,true,,,學科能力測驗成績,審查資料,學測數學A級分,學測自然級分
國立陽明交通大學,外國語文學系甲組(跨域人文組),013292,17,51,無,無,無,115.5.15,前標,,*1.00,頂標,3,*1.50,,,,,,*1.00,,,*1.00,,,,,,,,,,,40%,審查資料,團體面談與心得測驗,,,true,true,,,,true,,,,true,,true,,true,,true,true,,,,學測英文級分,學測國文級分,學測社會級分,
國立陽明交通大學,外國語文學系乙組(語言科學組),013302,11,50,無,無,無,115.5.15,均標,,*1.00,前標,,*1.00,,,,均標,4.5,*1.50,,,,,,,,,,,,,,40%,審查資料,團體面談與心得測驗,,,true,true,,,,true,,,,true,,true,,true,,true,true,,,,學測數學B級分,學測英文級分,學測國文級分,
國立陽明交通大學,傳播與科技學系,013312,19,57,1,無,無,115.5.20,前標,3,*2.00,前標,3,*2.00,,,,,,*1.00,前標,3,*2.00,,,,,,,,,,,50%,審查資料,團體面談及綜合筆試,,,true,true,true,,true,true,,,true,,,true,true,true,true,true,true,,,,學測社會級分,學測英文級分,學測國文級分,
國立陽明交通大學,人文社會學系,013322,20,60,1,無,無,115.5.20,均標,5,*1.00,前標,3,*1.00,,,,,,,均標,4,*1.00,,,,,,,,,,,50%,審查資料,認識本系及綜合筆試,,,true,true,true,,true,true,,,,,true,,,true,true,true,true,,,,學科能力測驗成績,審查資料,認識本系及綜合筆試,
國立陽明交通大學,屯蒙-電機資訊組,013332,27,81,無,無,無,,均標,,*1.00,均標,,*1.00,前標,3,*1.20,,,,,,,前標,3,*1.20,,,,,,,,40%,審查資料,,,,true,true,true,true,,true,true,,,true,,,true,true,true,true,true,,,,審查資料,學科能力測驗成績,學測數學A級分,學測自然級分
國立陽明交通大學,屯蒙-工程組,013342,12,42,無,無,無,,,,,,,,,,,,,,,,,,,,,,,,,,,,,,,,true,true,,true,,true,,,,,,,,true,true,,true,,,,審查資料,學測英數A自級分總和,學測自然級分,學測數學A級分
國立陽明交通大學,屯蒙-理學生物科技組,013352,13,46,無,無,無,,,,,,,,,,,,,,,,,,,,,,,,,,,,,,,,true,true,,true,,true,true,,,true,,,true,true,true,true,true,,,,指定項目甄試成績,學測自然級分,學測數學A級分,
國立陽明交通大學,屯蒙-管理組,013362,9,50,無,無,無,,均標,5.5,*1.00,均標,5.5,*1.00,均標,5.5,*1.00,,,,,,,,,,,,,,,,,30%,審查資料,,,,true,true,true,,,true,,,,,,,true,true,true,true,true,,,,指定項目甄試成績,學科能力測驗成績,學測數學A級分,學測英文級分
國立陽明交通大學,屯蒙-人文社會組,013372,6,24,無,無,無,,均標,4,*1.25,均標,4,*1.25,,,,,,,均標,4,*1.00,,,,,,,,,,,50%,審查資料,,,,true,true,true,,,true,,,true,,,true,true,true,true,true,true,,,,學測社會級分,學測英文級分,指定項目甄試成績,
國立陽明交通大學,屯蒙-醫學組,013382,2,10,無,無,無,115.5.16,,,,,,,,,,,,,,,,,,,,,,,,,,,,,,,true,true,,true,,true,,,true,,,,,true,true,true,true,true,true,,面試,審查資料,學測英數A自級分總和,學測自然級分
國立陽明交通大學,屯蒙-牙醫組,013392,2,10,無,無,無,115.5.17,,,,,,,,,,,,,,,,,,,,,,,,,,,,,,,true,true,,true,,true,,,true,,,,,true,true,true,true,true,true,,面試,審查資料,學測英數A自級分總和,學測自然級分
國立陽明交通大學,屯蒙-醫事證照組,013402,5,25,無,無,無,115.5.16,,,,,,,,,,,,,,,,,,,,,,,,,,,,,,,true,true,,true,,true,,,true,,,,,true,true,true,true,true,true,,面試,審查資料,學測英數A自級分總和,學測自然級分
國立陽明交通大學,屯蒙-生醫科學組,013412,3,15,無,無,無,115.5.17,,,,,,,,,,,,,,,,,,,,,,,,,,,,,,,true,true,,true,,true,,,true,,,,,true,true,true,true,true,true,,面試,審查資料,學測英數A自級分總和,學測自然級分
國立陽明交通大學,醫學系醫師組,013422,42,105,無,無,無,115.5.16,頂標,3.5,,頂標,2.5,,頂標,2.5,,,,,,,,頂標,2.5,,,,,國英數A自,,3,,0%,審查資料,面試,,,true,,,true,,true,true,,true,,,,true,true,true,true,true,,,,面試,學測自然級分,學測國英數A自級分總和,學測數學A級分
國立陽明交通大學,醫學系醫師科學家組,013432,12,36,無,無,無,115.5.16,,,,,,,,,,,,,,,,,,,,,,,,,,,,,,,true,,,true,,true,true,,true,,,,true,true,true,true,true,,,,面試與科學概念測驗,學測自然級分,學測數學A級分,學測國英數A自級分總和
國立陽明交通大學,醫學系醫師工程師組,013442,12,36,無,無,無,115.5.16,前標,4,,頂標,4,,,3,,,,,,,,頂標,3,,,,,國英數A自,,3.5,,0%,審查資料,面試與科學觀念測驗,,,true,,,true,,,,,,,,true,true,true,true,true,true,,,,面試與科學觀念測驗,學測數學A級分,學測自然級分,學測國英數A自級分總和
國立陽明交通大學,醫學系(公費生),013452,4,12,無,無,無,115.5.23,頂標,5,,頂標,3.5,,頂標,3,,,,,,,,頂標,3,,,,,國英數A自,,4,,0%,審查資料,面試,,,true,,,true,,true,true,,true,,,,true,true,true,true,true,,,,面試,學測自然級分,學測國英數A自級分總和,學測數學A級分
國立陽明交通大學,牙醫學系,013462,18,54,無,無,無,115.5.15115.5.22,前標,10,,頂標,6,,前標,8,,,,,,,,頂標,4,,A級,,,國英數A自,,3,,0%,審查資料,筆試,面試,,true,,,true,,true,,,true,,,,true,true,true,true,true,,,,面試,學測國英數A自級分總和,學測英文級分,學測自然級分
國立陽明交通大學,醫學生物技術暨檢驗學系(生技及檢驗醫學組),013472,12,48,無,無,無,115.5.19至115.5.20,,4,*1.00,均標,4,*1.00,均標,,,,,,,,,均標,4,*1.50,,,,,,,,20%,審查資料,面試(英文閱讀),,,true,true,,true,,true,,,,true,,true,true,true,true,true,true,true,true,,面試(英文閱讀),學測國英數A自級分總和,學測英文級分,學測自然級分
國立陽明交通大學,醫學生物技術暨檢驗學系(資訊及精準醫學組),013482,7,49,無,無,無,115.5.19至115.5.20,,,,,,,,,,,,,,,,,,,,,,,,,,,,,,,true,true,,true,,true,,,,true,,true,true,true,true,true,true,true,true,,面試(英文閱讀),學測英數A自級分總和,學測英文級分,學測數學A級分
國立陽明交通大學,生物醫學影像暨放射科學系,013492,20,60,1,無,無,115.5.23,,,,,,,,,,,,,,,,,,,,,,,,,,,,,,,true,true,,true,,true,,,,,,true,true,true,true,true,true,true,true,,面試,審查資料,學測數學A級分,學測英文級分
國立陽明交通大學,護理學系,013502,27,81,無,無,無,115.5.23,,,,,,,,,,,,,,,,,,,,,,,,,,,,,,,true,true,,,,true,true,,true,,,,true,true,true,true,true,,,,學測英數A自級分總和,審查資料,面試,學測英文級分
國立陽明交通大學,物理治療暨輔助科技學系,013512,12,48,無,1,無,115.5.20,均標,,,前標,,,均標,,,,,,,,,均標,,,,,,國數A自,,4,,0%,審查資料,面試,,,true,true,,true,,true,true,,true,,,true,,true,true,true,true,,,,面試,審查資料,指定項目甄試成績,學測自然級分
國立陽明交通大學,生命科學系暨基因體科學研究所(生物醫學科學組),013522,14,49,1,無,無,115.5.23,,,,,,,,,,,,,,,,,,,,,,,,,,,,,,,true,true,,true,,true,,,,true,,true,true,true,true,true,true,true,,,面試,學測英數A自級分總和,學測自然級分,學測英文級分
國立陽明交通大學,生命科學系暨基因體科學研究所(生醫光電與資訊組),013532,6,36,無,無,無,115.5.24,,,,,,,,,,,,,,,,,,,,,,,,,,,,,,,true,true,,true,,true,,,,true,,true,true,true,true,true,true,true,,,面試,學測英數A自級分總和,學測數學A級分,學測自然級分
國立陽明交通大學,生物醫學工程學系,013542,14,49,無,無,無,115.5.22,,,,,,,,,,,,,,,,,,,,,,,,,,,,,,,true,true,,true,,true,,,,true,true,true,,true,true,true,true,,,,學測數學A級分,學測自然級分,學測英文級分,指定項目甄試成績
國立陽明交通大學,藥學系,013552,19,57,1,無,無,115.5.16115.5.23,均標,,*1.00,均標,6,*1.00,均標,,*1.00,,,,,,,均標,6,*1.00,,,,國英數A自,,3,,20%,審查資料,筆試,面試,,true,,,true,,true,,,,true,,true,,true,true,true,true,,,,指定項目甄試成績,學測英文級分,學測自然級分,筆試
國立陽明交通大學,學士班大一大二不分系,013562,5,50,1,無,無,115.5.16,,,,,,,,,,,,,,,,,,,,,,,,,,,,,,,true,true,,true,,true,,,,true,,true,true,true,true,true,true,true,,,面試,學測英數A自級分總和,學測自然級分,學測英文級分
國立陽明交通大學,中醫學系,013572,10,50,無,1,無,115.5.23,前標,10,*1.00,前標,5,*1.00,前標,5,*1.00,,,,,,,前標,5,*1.00,,,,,,,,10%,審查資料,面試,科學素養(含筆試),,true,true,,true,,true,true,,true,,true,,,true,true,true,true,,,,面試,學測國英數A自級分總和,學測自然級分,學測國文級分
淡江大學,中國文學學系,014012,33,99,4,無,無,115.5.15至115.5.17,後標,3,*1.50,,,,,,,,,,,5,*1.00,,,,,,,,,,,30%,審查資料,面試,,,true,true,true,,true,true,true,,,true,,,,true,,true,true,,,,學測國文級分,學測社會級分,審查資料,面試
淡江大學,歷史學系,014022,37,111,3,無,無,,,5,*1.00,,,,,,,,,,後標,3,*1.50,,,,,,,,,,,40%,審查資料,,,,true,true,,,true,true,true,true,,,,,,true,,true,,true,,,審查資料,學測社會級分,學測國文級分,
淡江大學,資訊與圖書館學系,014032,60,180,8,無,無,115.5.15至115.5.17,,3,*1.50,後標,,*2.00,,,,,,,,,,,,,,,,,,,,30%,審查資料,面試,,,true,true,true,,true,true,true,,,,,,true,true,,true,,true,,,面試,審查資料,學科能力測驗成績,學測英文級分
淡江大學,大眾傳播學系,014042,52,156,2,1,無,115.5.15至115.5.17,後標,9,*1.50,,,,,,,,,,,7,*1.50,,,,,,,國社,,3,,30%,審查資料,面試,,,true,,true,,,true,true,,,true,true,,,true,,true,true,true,,,面試,審查資料,學測社會級分,學測國文級分
淡江大學,資訊傳播學系,014052,35,105,1,無,無,115.5.15至115.5.17,後標,3,*2.00,,6,*1.00,,,,,,,,,,,,,,,,,,,,20%,審查資料,面試,,,true,,true,,,true,true,,,true,,,,true,,true,true,true,,,面試,學科能力測驗成績,學測英文級分,學測國文級分
淡江大學,教育科技學系,014062,63,189,5,無,無,115.5.15至115.5.17,後標,10,*1.00,,,*1.00,,,,,,,,,,,,,,,,國英,,3,,30%,審查資料,面試,,,true,,true,,,true,true,,,true,,,,true,true,true,true,true,,,面試,審查資料,學科能力測驗成績,學測國文級分
淡江大學,教育與未來設計學系,014072,28,84,3,無,無,115.5.15至115.5.17,後標,3,*1.00,,,,,,,,,,,3,*1.00,,,,,,,,,,,30%,審查資料,面試,,,true,true,true,,true,true,,,,true,true,,true,true,true,true,true,,,,面試,審查資料,學科能力測驗成績,學測社會級分
淡江大學,英文學系,014082,50,150,2,無,無,115.5.15至115.5.17,,5,,底標,6,*2.00,,,,,,,,,,,,,,,,國英,,3,,30%,審查資料,面試,,,true,,,,true,true,,,,,,true,true,true,,true,true,,,,面試,學測英文級分,學測國文級分,審查資料
淡江大學,英文學系全英語學士班,014092,31,93,無,無,無,115.5.15至115.5.17,,,,,,,,,,,,,,,,,,,,,,,,,,,,,,,true,,,,true,true,,,,,,true,true,true,,true,true,,,,面試,學測英文級分,學測社會級分,審查資料
淡江大學,歐洲語文學系法文組,014102,33,99,4,無,無,115.5.15至115.5.17,,5,*1.25,後標,3,*1.50,,,,,,,,,,,,,,,,,,,,30%,審查資料,面試,,,true,,true,,true,true,true,,,,true,true,,true,true,true,,true,,,面試,審查資料,學測英文級分,學測國文級分
淡江大學,歐洲語文學系德文組,014112,23,69,2,無,無,115.5.15至115.5.17,,3,*1.00,後標,6,*1.00,,,,,,,,,,,,,,,,,,,,30%,審查資料,面試,,,true,true,,,true,true,true,true,,,,true,,true,,true,true,true,,,面試,審查資料,學測英文級分,學測國文級分
淡江大學,歐洲語文學系西文組,014122,36,108,3,無,無,115.5.15至115.5.17,,6,*1.00,後標,3,*2.00,,,,,,,,,,,,,,,,,,,,30%,審查資料,團體面試,,,true,true,,,true,true,true,,,,,true,true,true,true,true,true,true,,,團體面試,審查資料,學測英文級分,學測國文級分
淡江大學,歐洲語文學系俄文組,014132,26,78,2,無,無,,,,,,,,,,,,,,,,,,,,,,,,,,,,,,,,true,true,true,,true,true,,,,,,true,true,true,,true,true,true,,,審查資料,學測英文級分,學測社會級分,
淡江大學,日本語文學系,014142,105,315,2,無,無,115.5.15至115.5.17,後標,3,*2.00,,,,,,,,,,,6,*1.00,,,,,,,,,,,25%,審查資料,團體面試,,,true,true,,,,true,true,,,,,,true,true,,true,true,true,true,,學科能力測驗成績,團體面試,審查資料,學測國文級分
淡江大學,財務金融學系,014152,60,180,3,1,無,115.5.15至115.5.17,,3,*1.00,,4,*1.00,,,,底標,5,*1.00,,,*1.00,,,,,,,,,,,30%,審查資料,團體面試,,,true,true,,,true,true,true,,true,,,true,,true,true,true,true,,,,學科能力測驗成績,審查資料,團體面試,學測數學B級分
淡江大學,財務金融學系全球財務管理全英語學士班,014162,30,90,1,無,無,115.5.15至115.5.17,,4,*1.00,後標,3,*1.00,,,,,5,*1.00,,,,,,,,,,,,,,30%,審查資料,面試,,,true,true,,,true,true,true,,true,,,true,,true,true,true,true,,,,學科能力測驗成績,審查資料,面試,學測數學B級分
淡江大學,國際企業學系經貿管理組,014172,44,132,6,無,無,115.5.15至115.5.17,,9,*1.50,後標,6,*1.50,,,,,,,,15,*1.00,,,,,,,國英社,,3,,30%,審查資料,面試,,,true,true,,,,,true,true,,true,,true,,true,true,true,true,true,,,學測英文級分,學測社會級分,審查資料,面試
淡江大學,國際企業學系國際商學全英語組,014182,36,108,3,無,無,115.5.15至115.5.17,,9,*1.00,均標,6,*2.00,,,,,,,,15,*1.00,,,,,,,國英社,,3,,30%,審查資料,面試,,,true,true,,,,,true,true,,true,,true,,true,true,true,true,true,,,學測英文級分,學測國文級分,審查資料,面試
淡江大學,風險管理與保險學系,014192,57,171,5,無,無,115.5.15至115.5.17,底標,3,*1.00,,,,,,,,5,*1.00,,,,,,,,,,,,,,30%,審查資料,面試,,,true,true,,,true,true,true,true,,,,,true,true,true,true,true,true,,,學科能力測驗成績,審查資料,學測數學B級分,
淡江大學,經濟學系,014202,72,216,7,無,無,115.5.15至115.5.17,後標,8,*1.00,,6,*1.00,,,,,3,*1.00,,,,,,,,,,,,,,30%,審查資料,面試,,,true,,,,,,,,,,,true,true,true,,,true,,,,面試,審查資料,學測數學B級分,
淡江大學,會計學系,014212,92,276,1,無,無,115.5.15至115.5.17,後標,9,*1.00,,5,*1.00,,,,,,,,6,*1.00,,,,,,,國英社,,3,,30%,審查資料,團體面試,,,true,true,,,true,true,,,,true,,true,true,true,true,true,true,,,,學測英文級分,學測社會級分,團體面試,學測國文級分
淡江大學,企業管理學系,014222,60,180,1,1,無,115.5.15至115.5.17,後標,4,*1.00,,3,*1.00,,,,,,,,3,*1.00,,,,,,,,,,,30%,審查資料,面試,,,true,true,true,true,true,true,true,,,true,,,true,true,true,,,,,,面試,學測英文級分,學測國文級分,審查資料
淡江大學,企業管理學系全英語學士班,014232,25,75,無,無,無,,,5,*1.50,均標,3,*2.00,,,,,,,,,,,,,,,,,,,,50%,審查資料,,,,true,true,true,true,true,true,true,,,true,,,true,true,true,,,,,,學測英文級分,學測國文級分,審查資料,
淡江大學,統計與資料科學學系,014242,88,264,8,無,無,115.5.15至115.5.17,,,*1.00,,,,,,,底標,6,*2.00,,,,,,,,,,國數B,,3,,30%,審查資料,面試,,,true,true,true,,true,,,true,,true,,true,,true,true,true,true,true,,,學測數學B級分,學測國文級分,面試,審查資料
淡江大學,資訊管理學系,014252,68,204,3,無,無,115.5.15至115.5.17,,5,*1.00,,4,*1.50,,,,後標,3,*1.50,,,,,,,,,,,,,,30%,審查資料,面試,,,true,true,true,true,true,,true,,true,true,,true,,true,true,true,true,,,,學測數學B級分,學測英文級分,學測國文級分,面試
淡江大學,運輸管理學系,014262,79,237,7,1,無,115.5.15至115.5.17,,3,*1.50,,3,*1.50,,,,底標,3,*1.50,,,*1.00,,,,,,,,,,,30%,審查資料,面試,,,true,true,,,true,true,true,,,,,,true,true,true,true,true,true,,,面試,學科能力測驗成績,審查資料,
淡江大學,公共行政暨法律學系,014272,40,120,7,無,無,115.5.15至115.5.17,,3,*1.00,,,,,,,,,,後標,3,*1.00,,,,,,,,,,,30%,審查資料,面試,,,true,,,,true,true,true,,true,,,,,true,true,true,true,true,,,面試,審查資料,學科能力測驗成績,學測社會級分
淡江大學,管理科學學系,014282,38,114,2,無,無,115.5.15至115.5.17,底標,5,*1.00,,3,*1.00,,,,,4,*1.00,,,,,,,,,,,,,,30%,審查資料,面試,,,true,true,true,,true,true,,,,true,true,,true,true,true,true,,,,,學測英文級分,審查資料,面試,
淡江大學,外交與國際關係學系全英語學士班,014292,30,90,2,無,無,115.5.15至115.5.17,,7,*1.00,均標,3,*1.50,,,,,,,,6,*1.00,,,,,,,,,,,30%,審查資料,面試,,,true,true,,,,,true,,,,,true,,true,true,true,true,,,,面試,學測英文級分,審查資料,學測國文級分
淡江大學,國際觀光管理學系全英語學士班,014302,48,144,無,無,無,115.5.15至115.5.17,,,,,,,,,,,,,,,,,,,,,,,,,,,,,,,true,true,,,true,true,true,,,,true,,true,true,,true,true,,,,團體面試,審查資料,學測英文級分,
淡江大學,全球政治經濟學系全英語學士班,014312,28,84,4,無,無,115.5.15至115.5.17,,,*1.00,後標,3,*2.00,,,,,,,,,,,,,,,,,,,,30%,審查資料,面試,,,true,true,,,true,true,true,,true,,,true,,true,,true,true,true,,,學測英文級分,審查資料,面試,
淡江大學,應用數學與數據科學學系,014322,33,99,1,無,無,115.5.15至115.5.17,,,,,,,,,,,,,,,,,,,,,,,,,,,,,,,true,true,,,,true,true,true,true,,,,,true,true,true,true,,,,面試,學科能力測驗成績,審查資料,學測數學A級分
淡江大學,化學學系,014332,55,165,2,無,無,115.5.15至115.5.17,,,,,,,,,,,,,,,,,,,,,,,,,,,,,,,true,true,,true,,true,,,,true,,,true,true,true,true,true,true,,,面試,學科能力測驗成績,學測自然級分,
淡江大學,物理學系(量子材料組),014342,43,129,1,無,無,115.5.15至115.5.17,,,,,,,,,,,,,,,,,,,,,,,,,,,,,,,true,true,,true,,true,,,,,true,,true,true,true,true,true,true,,,面試,學測自然級分,學測數學A級分,
淡江大學,物理學系(天文與基礎物理組),014352,12,36,1,無,無,,,,,,,,,,,,,,,,,,,,,,,,,,,,,,,,true,true,,true,,true,,,,,true,,true,true,true,true,true,true,,,學測數學A級分,學測自然級分,學測英文級分,
淡江大學,建築學系,014362,27,81,4,無,無,115.5.15至115.5.17,後標,3,*2.00,後標,6,*1.50,後標,,,後標,,,,,,,,,,,,,,,,20%,審查資料,面試,,,true,true,true,,,true,,,,true,true,,true,true,true,true,true,true,,,面試,審查資料,學測英文級分,學測國文級分
淡江大學,土木工程學系,014372,63,189,3,無,無,115.5.15至115.5.17,,,*1.00,後標,3,*1.00,,,*1.00,,,,,,,,3,*1.00,,,,,,,,30%,審查資料,面試,,,true,,,true,,,true,,,true,,true,true,true,true,true,true,,,,學科能力測驗成績,審查資料,學測自然級分,學測英文級分
淡江大學,資訊工程學系A組,014382,67,201,2,1,無,115.5.15至115.5.17,,,,,,,,,,,,,,,,,,,,,,,,,,,,,,,true,true,,,,true,,,,,,true,true,true,,true,true,true,,,學測數學A級分,學測英文級分,學測自然級分,團體面試
淡江大學,資訊工程學系B組,014392,20,60,無,無,無,115.5.15至115.5.17,,,,,,,,,,,,,,,,,,,,,,,,,,,,,,,true,true,,,,true,,,,,,true,true,true,,true,true,true,,,學測數學A級分,學測英文級分,學測自然級分,團體面試
淡江大學,資訊工程學系全英語學士班,014402,29,87,無,無,無,115.5.15至115.5.17,,,,,,,,,,,,,,,,,,,,,,,,,,,,,,,true,true,,,,true,,,,,,true,true,true,,true,true,,,,學測英文級分,學測數學B級分,審查資料,
淡江大學,機械與機電工程學系,014412,62,186,5,無,無,115.5.15至115.5.17,,7,*2.00,,6,,底標,5,*1.00,,,,,,,,5,*1.00,,,,國英數A自,,3,,25%,審查資料,面試,,,true,true,true,true,,true,true,,,true,,,,true,,true,true,true,,,審查資料,面試,學科能力測驗成績,學測數學A級分
淡江大學,電機工程學系(電機資訊組),014422,50,150,2,無,無,115.5.15至115.5.17,,6,*1.00,,6,*1.00,後標,,*1.00,,,,,,,,3,*1.00,,,,,,,,40%,審查資料,團體面試,,,true,true,true,true,,true,true,,,true,,,true,true,,true,true,true,,,學科能力測驗成績,審查資料,團體面試,
淡江大學,電機工程學系(電機通訊組),014432,36,108,1,無,無,115.5.15至115.5.17,,6,*1.00,,,,後標,,*1.00,,,,,,,,3,*1.00,,,,,,,,40%,審查資料,團體面試,,,true,true,true,true,,true,true,,,true,,,true,true,,true,true,true,,,學科能力測驗成績,審查資料,團體面試,
淡江大學,電機工程學系(電機與系統組),014442,36,108,1,無,無,115.5.15至115.5.17,,,,,,,,,,,,,,,,,,,,,,,,,,,,,,,true,true,true,true,,true,true,,,true,,,true,true,,true,true,true,,,學科能力測驗成績,審查資料,團體面試,
淡江大學,化學工程與材料工程學系,014452,40,120,1,無,無,115.5.15至115.5.17,,,,,,,,,,,,,,,,,,,,,,,,,,,,,,,true,,,true,,true,true,,true,,,,true,true,true,true,true,true,,,審查資料,團體面試,學科能力測驗成績,學測自然級分
淡江大學,航空太空工程學系,014462,105,315,2,無,無,115.5.15至115.5.17,,,,,,,,,,,,,,,,,,,,,,,,,,,,,,,true,true,,true,,true,,true,,,true,true,,true,true,true,true,true,,,學測自然級分,學測英文級分,面試,
淡江大學,水資源及環境工程學系,014472,45,135,4,無,無,115.5.15至115.5.17,,4,*2.00,,,,後標,,*1.00,,,,,,,後標,,*1.00,,,,國數A自,,3,,30%,審查資料,團體面試,,,true,,,true,,,true,,,,,true,true,true,true,true,true,true,,,團體面試,審查資料,學科能力測驗成績,學測數學A級分
淡江大學,人工智慧學系,014482,107,321,1,無,無,115.5.15至115.5.17,,4,*1.00,,,*1.00,後標,,,均標,,,,,,,,*1.00,,,,國英自,,3,,30%,審查資料,團體面試,,,true,true,true,true,,true,true,,,true,,,true,true,true,true,true,true,,,團體面試,審查資料,學科能力測驗成績,學測英文級分
淡江大學,資訊工程學系(APCS組),014492,10,50,無,無,無,115.5.16至115.5.17,,,,,,,,,,,,,,,,,,,,,,,,,,,,,,,true,true,,,,true,,,,,,true,true,true,,true,true,true,,,學測數學A級分,學測英文級分,學測自然級分,團體面試
淡江大學,電機工程學系(APCS組),014502,6,48,無,無,無,115.5.16,,,,,,,,,,,,,,,,,,,,,,,,,,,,,,,true,true,true,true,,true,true,,,true,,,true,true,,true,true,true,,,面試,審查資料,學測英文級分,
淡江大學,人工智慧學系(APCS組),014512,3,30,無,無,無,115.5.16,,16,*1.00,,,*1.00,後標,,,均標,,,,,,,,,,,,,,,,30%,審查資料,團體面試,,,true,true,true,true,,true,true,,,true,,,true,true,true,true,true,true,,,團體面試,審查資料,學科能力測驗成績,學測英文級分
淡江大學,資訊管理學系(APCS組),014522,6,48,無,無,無,115.5.16,,,*1.00,,,*1.50,,,,後標,8,*2.00,,,,,,,,,,,,,,30%,審查資料,面試,,,true,true,true,true,true,,true,,true,true,,true,,true,true,true,true,,,,學測數學B級分,學測英文級分,學測國文級分,面試
淡江大學,教育與未來設計學系(青年儲蓄帳戶組),014532,1,50,無,無,無,,後標,,,,,,,,,,,,,,,,,,,,,,,,,0%,審查資料,,,,true,true,true,,true,true,,,,true,true,,true,true,true,true,true,true,,,,,,
淡江大學,會計學系(青年儲蓄帳戶組),014542,3,50,無,無,無,,後標,,,後標,,,,,,,,,,,,,,,,,,,,,,0%,審查資料,,,,true,true,,,true,true,,,,true,,true,true,true,true,true,true,true,,,,,,
淡江大學,管理科學學系(青年儲蓄帳戶組),014552,1,50,無,無,無,,底標,,,,,,,,,,,,,,,,,,,,,,,,,0%,審查資料,,,,true,true,true,,true,true,,,,true,true,,true,true,true,true,,true,,,,,,
淡江大學,建築學系(青年儲蓄帳戶組),014562,1,50,無,無,無,,後標,,,後標,,,,,,,,,,,,,,,,,,,,,,0%,審查資料,,,,true,true,true,,,true,,,,true,true,,true,true,true,true,true,true,,,,,,
逢甲大學,機械與電腦輔助工程學系,015012,64,192,2,無,無,115.5.15至115.5.16,,,*1.00,,,,,,*1.00,,,,,,,後標,,*1.00,,,,國數A自,,3,,30%,審查資料,面試,,,true,true,true,true,,true,true,,,,,,true,true,true,true,true,true,,,審查資料,面試,學科能力測驗成績,學測自然級分
逢甲大學,纖維與複合材料學系,015022,31,93,2,無,無,115.5.15至115.5.16,,,*1.00,,,,,,*1.00,,,,,,,後標,,*1.00,,,,國數A自,,3,,40%,審查資料,面試,,,true,true,true,true,,true,true,,,true,,true,,true,true,true,true,true,,,學測自然級分,學測數學A級分,學測國文級分,面試
逢甲大學,工業工程與系統管理學系A組,015032,30,90,無,無,無,115.5.16至115.5.17,,,*1.00,,,*1.00,後標,,*1.00,,,,,,,,,,,,,國英數A,,3,,40%,審查資料,面試,,,true,true,,,,true,true,,,,,,true,true,true,true,true,true,,,學測數學A級分,學測英文級分,學測國文級分,面試
逢甲大學,工業工程與系統管理學系B組,015042,47,141,1,無,無,115.5.16至115.5.17,,,*1.00,,,*1.00,,,,後標,,*1.00,,,,,,,,,,國英數B,,3,,40%,審查資料,面試,,,true,true,,,,true,true,,,,,,true,true,true,true,true,true,,,學測數學B級分,學測英文級分,學測國文級分,面試
逢甲大學,化學工程學系,015052,62,186,2,無,無,115.5.15至115.5.16,,,*1.00,後標,,*1.00,,,*1.00,,,,,,,後標,,*1.00,,,,國英數A自,,3,,40%,審查資料,面試,,,true,true,,true,,true,true,,true,true,,,,true,true,true,true,true,,,學測自然級分,學測數學A級分,學測英文級分,學測國文級分
逢甲大學,航太與系統工程學系,015062,74,222,2,無,無,115.5.15至115.5.16,,,*1.00,,,*1.00,,,*1.00,,,,,,,後標,,*1.00,,,,國英數A自,,3,,40%,審查資料,面試,,,true,true,true,true,,true,,true,,true,,true,,true,true,true,true,true,,,學科能力測驗成績,學測自然級分,學測數學A級分,學測國文級分
逢甲大學,精密系統設計學士學位學程,015072,28,84,1,無,無,115.5.15至115.5.16,,,*1.00,後標,,*1.00,,,*1.00,,,,,,,,,,,,,國英數A,,3,,40%,審查資料,面試,,,true,true,true,true,,true,true,,,true,true,,,true,true,true,true,true,,,學科能力測驗成績,審查資料,學測數學A級分,學測英文級分
逢甲大學,應用數學系A組,015082,43,129,無,無,無,115.5.15至115.5.16,,,*1.00,,,*1.00,後標,,*1.50,,,,,,,,,,,,,國英數A,,3,,40%,審查資料,面試,,,true,true,true,,,,true,,true,,true,,true,true,true,true,true,,,,學測國英數A級分總和,面試,審查資料,學測數學A級分
逢甲大學,應用數學系B組,015092,22,66,1,無,無,115.5.15至115.5.16,,,*1.00,,,*1.00,,,,後標,,*1.50,,,,,,,,,,國英數B,,3,,40%,審查資料,面試,,,true,true,true,,,,true,,true,,true,,true,true,true,true,true,,,,學測國英數B級分總和,面試,審查資料,學測數學B級分
逢甲大學,材料科學與工程學系,015102,70,210,1,無,無,115.5.15至115.5.16,,,*1.00,後標,,*1.00,,,*1.00,,,,,,,後標,,*1.00,,,,國英數A自,,3,,40%,審查資料,面試,,,true,true,true,true,,true,true,,,true,,,true,true,true,true,true,true,,,學測國英數A自級分總和,學測自然級分,學測英文級分,學測數學A級分
逢甲大學,環境工程與科學學系,015112,71,213,2,無,無,115.5.15至115.5.16,,,*1.00,,,,,,*1.00,,,,,,,後標,,*1.00,,,,國數A自,,3,,40%,審查資料,面試,,,true,true,true,true,,true,,,true,,true,,true,true,true,true,true,true,true,,面試,審查資料,學測國數A自級分總和,學測自然級分
逢甲大學,光電科學與工程學系,015122,72,216,2,無,無,115.5.15至115.5.16,,,*1.00,後標,,*1.00,後標,,*1.00,,,,,,,,,*1.00,,,,國英數A自,,3,,40%,審查資料,面試,,,true,true,,,,true,,,true,,true,,true,true,true,true,true,true,,,面試,審查資料,學測國英數A自級分總和,學測自然級分
逢甲大學,會計學系,015132,85,255,2,無,無,115.5.15至115.5.16,,,*1.00,後標,3,*1.50,,,,,,*1.00,後標,4,*1.00,,,,,,,,,,,40%,審查資料,面試,,,true,true,,,true,true,,,,true,,true,true,true,true,true,true,true,true,,面試,學測國文級分,學測英文級分,學測數學B級分
逢甲大學,國際經營與貿易學系,015142,88,264,1,無,無,115.5.15至115.5.16,,,*1.00,後標,,*2.00,,,,後標,,*1.00,,,*1.00,,,,,,,國英數B社,,3,,40%,審查資料,面試,,,true,true,true,,true,true,true,,,true,,true,,true,true,true,true,true,,,學科能力測驗成績,學測英文級分,學測國文級分,指定項目甄試成績
逢甲大學,國際企業管理全英語學士學位學程,015152,30,90,1,無,無,115.5.15至115.5.16,,,*1.50,後標,3,*2.00,,,,,,*1.50,,,*1.00,,,,,,,國英數B,,4,,40%,審查資料,面試,,,true,true,true,,true,true,true,,,true,,true,,true,true,true,true,true,,,指定項目甄試成績,學科能力測驗成績,學測英文級分,學測數學B級分
逢甲大學,財稅學系,015162,63,189,1,無,無,115.5.15至115.5.16,,,*1.50,後標,,*1.50,,,,,,*1.50,後標,3,*1.00,,,,,,,,,,,40%,審查資料,面試,,,true,true,true,,,true,true,,true,,,,true,true,true,true,true,true,,,學測英文級分,學測數學B級分,學測國文級分,學測社會級分
逢甲大學,合作經濟暨社會事業經營學系,015172,12,48,4,無,無,115.5.16,,,*1.50,後標,4,*2.00,,,,,,*1.00,後標,,*1.00,,,,,,,國英數B社,,6,,40%,審查資料,面試,,,true,true,,,true,true,true,,true,,,,,true,true,true,true,true,,,指定項目甄試成績,學測英文級分,學測國文級分,學測社會級分
逢甲大學,統計學系商業大數據組,015182,34,102,1,無,無,115.5.16至115.5.17,,,*1.00,,,*1.50,,,,後標,,*2.00,,,,,,,,,,國英數B,,3,,40%,審查資料,面試,,,true,true,,,,true,true,,true,,,,,true,true,true,true,true,,,學測國英數B級分總和,學測數學B級分,學測英文級分,學測國文級分
逢甲大學,統計學系大數據分析與市場決策組,015192,34,102,1,無,無,115.5.16至115.5.17,後標,,*1.00,,,*1.50,,,,後標,3,*2.00,,,,,,,,,,國英數B,,5,,40%,審查資料,面試,,,true,true,,,,true,true,,true,,,,,true,true,true,true,true,,,學測國英數B級分總和,學測數學B級分,學測英文級分,學測國文級分
逢甲大學,經濟學系,015202,66,198,1,無,無,115.5.15至115.5.16,,,*1.00,後標,,*2.00,,,,後標,5,*2.00,,3,*1.00,,,,,,,,,,,40%,審查資料,面試,,,true,true,,,,true,,,,,,,true,true,true,true,true,true,,,學測數學B級分,學測英文級分,學測國文級分,學測國英數B社級分總和
逢甲大學,企業管理學系,015212,56,168,2,無,無,115.5.16至115.5.17,後標,,*1.50,後標,,*2.00,,,,,,*1.00,,,,,,,,,,國英社,,3,,40%,審查資料,面試,,,true,true,true,,true,true,true,true,,,,,true,true,true,true,true,true,,,指定項目甄試成績,學測國英數B社級分總和,學測英文級分,學測國文級分
逢甲大學,行銷學系,015222,81,243,2,無,無,115.5.15至115.5.16,後標,3,*2.00,後標,3,*1.50,,,,,,,,,,,,,,,,,,,,40%,審查資料,面試,,,true,true,,,,true,true,,,,,,true,true,true,true,true,true,,,學測國英級分總和,學科能力測驗成績,學測國文級分,學測英文級分
逢甲大學,中國文學系,015232,30,90,2,無,無,115.5.15至115.5.16,均標,3,*2.00,後標,,*1.00,,,,,,,,4,*1.50,,,,,,,,,,,40%,審查資料,面試,,,true,true,,,,true,true,,,,,,true,true,true,true,true,true,true,true,學測國文級分,面試,審查資料,學測英文級分
逢甲大學,外國語文學系,015242,50,150,2,無,無,115.5.16至115.5.17,,,*1.50,均標,3,*2.00,,,,,,,,,*1.00,,,,,,,國英社,,5,,40%,審查資料,面試,,,true,true,,,,true,,,,,,true,,true,true,true,true,true,true,true,學測英文級分,面試,審查資料,學測國文級分
逢甲大學,資訊工程學系,015252,99,297,2,無,無,115.5.15至115.5.16,,,*1.00,後標,,*1.00,後標,5,*1.50,,,,,,,,,,,,,國英數A,,3,,40%,審查資料,面試,,,true,true,true,true,,true,,,,true,,true,true,true,true,true,,true,true,,學測國英數A級分總和,學測數學A級分,學測英文級分,學測國文級分
逢甲大學,資訊工程學系(APCS組),015262,5,25,無,無,無,115.5.15,,,*1.00,後標,,*1.00,後標,8,*1.50,,,,,,,,,,,,,國英數A,,5,,40%,審查資料,面試,,,true,true,true,true,,true,,,,true,,true,true,true,true,true,,true,true,,學測國英數A級分總和,學測數學A級分,學測英文級分,學測國文級分
逢甲大學,資訊工程學系(資安組),015272,5,25,無,無,無,115.5.16,,,*1.00,後標,,*1.00,後標,8,*1.50,,,,,,,,,,,,,國英數A,,5,,40%,審查資料,面試,,,true,true,true,true,,true,,,,true,,true,true,true,true,true,,true,true,,學測國英數A級分總和,學測數學A級分,學測英文級分,學測國文級分
逢甲大學,電子工程學系,015282,76,228,1,無,無,115.5.15至115.5.16,,,*1.00,後標,,*1.00,後標,,*1.00,,,,,,,,,*1.00,,,,國英數A自,,3,,40%,審查資料,面試,,,true,true,,true,,true,,,,true,,true,true,true,true,true,true,true,,,學測自然級分,學測數學A級分,學測英文級分,學測國文級分
逢甲大學,電機工程學系,015292,70,210,1,無,無,115.5.15至115.5.16,,,*1.00,後標,,*1.00,後標,,*1.00,,,,,,,,,*1.00,,,,國英數A自,,3,,40%,審查資料,面試,,,true,true,true,true,,true,,,,true,,true,true,true,true,true,true,true,,,學測數學A級分,學測自然級分,學測國文級分,學測英文級分
逢甲大學,自動控制工程學系,015302,79,237,1,無,無,115.5.15至115.5.16,,,*1.00,後標,,*1.00,後標,,*1.50,,,,,,,,,,,,,國英數A,,3,,40%,審查資料,面試,,,true,true,,true,,true,,,,true,,true,true,true,true,true,true,true,true,,學測國英數A級分總和,學測數學A級分,學測英文級分,學測國文級分
逢甲大學,資訊電機學院學士班,015312,80,240,1,無,無,115.5.15至115.5.16,,,*1.00,後標,,*1.00,後標,,*1.50,,,,,,,,,,,,,國英數A,,3,,40%,審查資料,面試,,,true,true,true,true,,true,,,,true,,true,,true,true,true,true,true,,,學科能力測驗成績,學測數學A級分,學測英文級分,學測國文級分
逢甲大學,通訊工程學系,015322,77,231,2,無,無,115.5.15至115.5.16,,,*1.25,後標,,*1.00,後標,,*1.50,,,,,,,,,,,,,國英數A,,3,,40%,審查資料,面試,,,true,true,true,true,,,true,,,true,,true,true,true,true,true,true,true,,,審查資料,學測國英數A級分總和,學測數學A級分,學測國文級分
逢甲大學,土木工程學系,015332,59,177,3,無,無,115.5.15至115.5.16,,,*1.00,後標,,*1.00,後標,,*2.00,,,,,,,,,*1.50,,,,國英數A自,,3,,40%,審查資料,面試,,,true,true,true,true,,true,true,true,true,,,,true,true,true,true,true,true,true,,面試,學測數學A級分,學測自然級分,學測國文級分
逢甲大學,水利工程與資源保育學系,015342,59,177,2,無,無,115.5.15至115.5.16,,,*1.50,後標,,*1.00,後標,,*1.50,,,,,,,,,,,,,國英數A,,3,,40%,審查資料,面試,,,true,true,true,true,,true,true,true,,,,,true,true,true,true,true,,,,面試,學測數學A級分,學測英文級分,審查資料
逢甲大學,都市計畫與空間資訊學系,015352,68,204,1,無,無,115.5.15至115.5.16,後標,,*1.00,後標,,*1.00,,,,,,*1.00,後標,,*2.00,,,,,,,國英社,,3,,35%,審查資料,面試,,,true,true,true,,true,true,,,,true,true,,true,true,true,true,true,,,,學測社會級分,學測國文級分,學測英文級分,面試
逢甲大學,運輸與物流學系,015362,73,219,1,無,無,115.5.15至115.5.16,後標,,*1.25,後標,5,*1.25,,,,後標,4,*1.00,,,,,,,,,,國英數B,,3,,40%,審查資料,面試資料,,,true,true,true,true,true,,true,,true,true,,,true,true,true,true,true,,,,學科能力測驗成績,學測英文級分,學測國文級分,學測數學B級分
逢甲大學,土地管理學系,015372,69,207,2,無,無,115.5.15至115.5.16,後標,,*1.50,後標,,*1.00,,,,,,*1.00,後標,,*1.50,,,,,,,國英數B社,,3,,40%,審查資料,面試,,,true,true,true,,true,,true,,true,,,true,true,true,true,true,true,true,true,,學科能力測驗成績,學測英文級分,學測國文級分,學測社會級分
逢甲大學,財務金融學系,015382,100,300,1,無,無,115.5.15至115.5.16,,,*1.00,後標,,*1.50,,,,後標,,*1.00,,,,,,,,,,國英數B,,3,,40%,審查資料,面試,,,true,true,,,true,true,true,,,,,true,true,true,true,true,true,true,,,學測英文級分,學測數學B級分,面試,審查資料
逢甲大學,風險管理與保險學系,015392,68,204,2,無,無,115.5.15至115.5.16,後標,,*2.00,後標,,*1.50,,,,,,*1.00,,,,,,,,,,國英數B,,3,,40%,審查資料,面試,,,true,true,,,,true,true,true,true,,,,,true,true,true,true,true,,,審查資料,學測英文級分,學測國文級分,面試
逢甲大學,財務工程與精算學士學位學程,015402,34,102,1,無,無,115.5.15至115.5.16,,,*1.00,後標,,*1.50,,,,後標,,*2.00,,,,,,,,,,國英數B,,3,,40%,審查資料,面試,,,true,true,,,,true,,,,,,true,true,true,true,true,true,true,,,審查資料,學測數學B級分,學測英文級分,學測國文級分
逢甲大學,金融學院學士班,015412,24,72,1,無,無,115.5.15至115.5.16,,,*1.00,後標,,*1.50,,,,後標,,*1.50,,,,,,,,,,國英數B,,3,,40%,審查資料,面試,,,true,true,,,true,true,true,,,,,true,true,true,true,true,true,true,,,學測英文級分,學測數學B級分,面試,審查資料
逢甲大學,室內設計學士學位學程,015422,21,63,2,無,無,115.5.16至115.5.17,均標,3,*1.00,後標,3,*1.50,,,,,,*1.00,,,,,,,,,,,,,,35%,審查資料,面試,,,true,true,true,,,true,,,,true,true,,true,true,true,true,true,true,,,學科能力測驗成績,面試,審查資料,指定項目甄試成績
逢甲大學,建築專業學院學士班,015432,61,183,2,無,無,115.5.16,均標,3,*1.50,後標,3,*1.50,,3,*1.00,,,,,,,,,,,,,,,,,35%,審查資料,面試,基本設計,,true,true,true,,,true,,,,true,true,,true,true,true,true,true,true,,,學科能力測驗成績,審查資料,面試,基本設計
逢甲大學,澳洲墨爾本皇家理工大學商學與創新雙學士學位學程,015442,15,45,無,無,無,115.5.15至115.5.16,,,,,,,,,,,,,,,,,,,,,,,,,,,,,,,true,true,true,,,true,true,,,true,,true,,true,true,true,true,true,,,學測英數B級分總和,面試,英文筆試,審查資料
逢甲大學,澳洲昆士蘭大學商學雙學士學位學程,015452,11,44,無,無,無,115.5.15至115.5.16,,,,,,,,,,,,,,,,,,,,,,,,,,,,,,,true,true,true,,,true,true,,,true,,true,,true,true,true,true,true,,,學測英數B級分總和,面試,英文筆試,審查資料
逢甲大學,澳洲新南威爾斯大學設計雙學士學位學程,015462,8,40,無,無,無,115.5.15至115.5.16,,,,,,,,,,,,,,,,,,,,,,,,,,,,,,,true,true,true,,true,true,,,,,true,true,,true,,true,true,true,true,,審查資料,面試,英文筆試,學測英文級分
逢甲大學,澳洲昆士蘭大學電機工程雙學士學位學程,015472,10,30,無,無,無,115.5.15至115.5.16,,,,,,,,,,,,,,,,,,,,,,,,,,,,,,,true,true,,true,,true,,,,true,,true,,true,,true,true,true,true,,學測英數A級分總和,面試,英文筆試,審查資料
逢甲大學,澳洲蒙納許大學資訊工程雙學士學位學程,015482,13,39,無,無,無,115.5.15至115.5.16,,,,,,,,,,,,,,,,,,,,,,,,,,,,,,,true,true,,,,true,,,,true,,true,,true,,true,true,true,true,,學測英數A級分總和,面試,英文筆試,審查資料
逢甲大學,美國加州聖荷西州立大學商學大數據分析雙學士學位學程,015492,12,36,無,無,無,115.5.15至115.5.16,,,,,,,,,,,,,,,,,,,,,,,,,,,,,,,true,true,,,true,true,true,,,true,,true,,true,true,true,true,true,,,學測英數B級分總和,面試,英文筆試,審查資料
逢甲大學,美國加州聖荷西州立大學電機工程雙學士學位學程,015502,13,39,無,無,無,115.5.15至115.5.16,,,,,,,,,,,,,,,,,,,,,,,,,,,,,,,true,true,,true,,true,,,,true,,true,,true,,true,true,true,true,,學測英數A級分總和,面試,英文筆試,審查資料
逢甲大學,美國加州舊金山州立大學資訊工程雙學士學位學程,015512,8,24,無,無,無,115.5.15至115.5.16,,,,,,,,,,,,,,,,,,,,,,,,,,,,,,,true,true,,,,true,,,,true,,true,,true,,true,true,true,true,,學測英數A級分總和,面試,英文筆試,審查資料
逢甲大學,人工智慧技術與應用學士學位學程,015522,39,117,1,無,無,115.5.15至115.5.16,,,*1.00,後標,,*1.00,後標,3,*1.50,,,,,,,,,,,,,國英數A,,5,,40%,審查資料,面試,,,true,true,true,true,,true,,,,true,,true,true,true,true,true,true,true,,,學科能力測驗成績,學測數學A級分,學測英文級分,學測國文級分
逢甲大學,人工智慧技術與應用學士學位學程(資安組),015532,5,25,無,無,無,115.5.16,,,*1.00,後標,,*1.00,後標,5,*1.50,,,,,,,,,,,,,國英數A,,8,,40%,審查資料,面試,,,true,true,true,true,,true,,,,true,,true,true,true,true,true,true,true,,,學科能力測驗成績,學測數學A級分,學測英文級分,學測國文級分
國立中央大學,中國文學系,016012,21,63,2,無,無,115.5.22115.5.23,前標,3,*2.00,均標,5,*1.50,,,,,,,均標,,*1.50,,,,,,,,,,,30%,審查資料,面試,,,true,true,true,,true,true,true,,,,true,,true,true,true,true,true,,,,學測國文級分,面試,學測英文級分,審查資料
國立中央大學,英美語文學系,016022,13,46,1,無,無,115.5.15,均標,8,*1.50,前標,3.5,*2.00,,,,,,,均標,,*1.00,,,,,,,,,,,30%,審查資料,英文作文筆試,,,true,true,,,,true,,,,,,,,true,,true,,,,,學測英文級分,英文作文筆試,審查資料,
國立中央大學,法國語文學系,016032,16,48,1,無,無,115.5.19,前標,6,*1.00,前標,3,*1.00,,,,,,,前標,10,*1.00,,,,,,,,,,,30%,審查資料,面試,,,true,true,true,,true,,,,,,true,,true,true,true,true,true,,,,面試,學測英文級分,審查資料,
國立中央大學,文學院學士班,016042,8,24,1,無,無,115.5.22,前標,4,*1.00,前標,3,*1.00,,,,,,*1.00,均標,5,*1.00,,,,,,,國英數B社,,6,,30%,審查資料,面試,,,true,true,true,,,true,,,,,,,,true,true,true,true,,,,面試,審查資料,,
國立中央大學,數學系數學科學組,016052,19,57,1,無,無,115.5.22,,,,,,,,,,,,,,,,,,,,,,,,,,,,,,,true,true,,true,,true,,,,true,true,,true,true,true,true,true,,,,指定項目甄試成績,學測數學A級分,學測英文級分,學測自然級分
國立中央大學,數學系計算與資料科學組,016062,19,57,1,無,無,115.5.22,,,,,,,,,,,,,,,,,,,,,,,,,,,,,,,true,true,,true,,true,,,,true,true,,true,true,true,true,true,,,,指定項目甄試成績,學測數學A級分,學測英文級分,學測自然級分
國立中央大學,物理學系,016072,26,78,1,無,無,115.5.20,,,,,,,,,,,,,,,,,,,,,,,,,,,,,,,true,true,true,true,,true,,,,true,,,true,true,true,true,,,,,面試,學測自然級分,學測數學A級分,學測英文級分
國立中央大學,化學學系,016082,19,57,1,無,無,115.5.15,均標,,,均標,3,*1.00,均標,3,*1.00,,,,,,,均標,3,*1.00,,,,,,,,30%,審查資料,筆試,,,true,true,true,true,,true,,,,true,,true,,true,true,true,true,,,,指定項目甄試成績,學測英文級分,學測自然級分,學測數學A級分
國立中央大學,光電科學與工程學系,016092,17,51,2,1,無,,均標,,*1.00,均標,4,*1.50,均標,3,*1.50,,,,,,,均標,5,*1.50,,,,,,,,40%,審查資料,,,,true,true,true,true,,true,,,,true,true,,true,true,true,true,true,,,,學測數學A級分,學測自然級分,,
國立中央大學,理學院學士班,016102,8,32,1,無,無,115.5.21,均標,,*1.00,均標,,*1.00,均標,,*1.50,,,,,,,均標,4,*1.50,,,,數A自,,8,,30%,審查資料,面試,,,true,true,true,true,,true,,,,true,,,true,true,true,true,,,,,面試,學測自然級分,學測數學A級分,學測英文級分
國立中央大學,土木工程學系,016112,41,123,2,1,無,115.5.16,均標,,*1.00,均標,,*1.25,均標,,*1.25,,,,,,,均標,,*1.50,,,,英數A自,,3,,40%,審查資料,認識本系與綜合筆試,,,true,true,,,,true,,,true,true,,true,,true,true,true,true,,,,學測數學A級分,學測自然級分,指定項目甄試成績,學測英文級分
國立中央大學,機械工程學系先進材料與精密製造組,016122,19,57,1,無,無,115.5.15,,,,,,,,,,,,,,,,,,,,,,,,,,,,,,,true,true,true,true,,true,true,,,,,,,true,true,true,true,,,,審查資料,學測自然級分,學測英文級分,學測數學A級分
國立中央大學,機械工程學系光機電工程組,016132,19,57,1,無,無,115.5.15,,,,,,,,,,,,,,,,,,,,,,,,,,,,,,,true,true,true,true,,true,true,,,,,,,true,true,true,true,,,,審查資料,學測自然級分,學測英文級分,學測數學A級分
國立中央大學,機械工程學系智慧系統與永續能源組,016142,19,57,1,無,無,115.5.15,,,,,,,,,,,,,,,,,,,,,,,,,,,,,,,true,true,true,true,,true,true,,,,,,,true,true,true,true,,,,審查資料,學測自然級分,學測英文級分,學測數學A級分
國立中央大學,機械工程學系前瞻半導體國際組,016152,6,18,無,無,無,115.5.15,,,,,,,,,,,,,,,,,,,,,,,,,,,,,,,true,true,true,true,,true,true,,,,,,,true,true,true,true,,,,審查資料,學測英文級分,學測自然級分,學測數學A級分
國立中央大學,化學工程與材料工程學系,016162,27,81,1,2,無,115.5.16,,,,,,,,,,,,,,,,,,,,,,,,,,,,,,,true,true,,,,true,,,,true,,true,true,true,true,true,true,,,,英文筆試,審查資料,學測數學A級分,學測自然級分
國立中央大學,工學院學士班,016172,12,42,1,無,無,115.5.24,,,,,,,,,,,,,,,,,,,,,,,,,,,,,,,true,true,true,true,,true,true,,,,,true,true,true,true,true,true,,,,面試,審查資料,學測自然級分,學測社會級分
國立中央大學,企業管理學系,016182,47,141,1,無,無,115.5.21,前標,10,*1.00,前標,10,*1.50,,,,前標,10,*1.25,,,*1.00,,,,,,,數B社,,3,,40%,審查資料,面試,,,true,true,true,,true,true,true,,,true,,true,,true,true,true,true,,,,學測數學B級分,面試,學測英文級分,審查資料
國立中央大學,資訊管理學系,016192,34,102,1,1,無,,均標,,,均標,3,*1.50,均標,4,*1.50,,,,,,,,10,*1.00,,,,,,,,40%,審查資料,,,,true,true,true,,,true,true,,,true,,true,,true,true,true,true,,,,學測數學A級分,學測英文級分,學測自然級分,
國立中央大學,資訊管理學系(APCS組),016202,3,27,無,無,無,,均標,,*1.00,前標,10,*1.50,前標,12,*1.50,,,,,,,均標,,*1.00,,,,,,,,40%,審查資料,,,,true,true,true,,,true,true,,,true,,true,,true,true,true,true,,,,學測數學A級分,學測英文級分,學測自然級分,
國立中央大學,經濟學系,016212,24,72,1,2,無,115.5.19,均標,10,*1.25,均標,10,*2.00,,,,前標,3,*2.00,,,,,,,,,,,,,,30%,審查資料,面試,,,true,true,,,true,true,true,true,,,,,true,true,true,true,true,,,,面試,學測英文級分,學測數學B級分,學測國文級分
國立中央大學,財務金融學系,016222,25,75,1,1,無,,前標,10,*1.00,前標,10,*1.25,,,,前標,10,*1.25,均標,8,*1.00,,,,,,,英數B社,,3,,40%,審查資料,,,,true,true,true,,true,true,true,,,true,,,true,true,true,true,true,,,,指定項目甄試成績,學測英文級分,學測數學B級分,
國立中央大學,電機工程學系,016232,58,174,1,1,無,115.5.16,均標,,,前標,3,*1.00,前標,3,*1.20,,,,,,,前標,3,*1.20,,,,,,,,30%,審查資料,筆試,,,true,true,,true,,true,,,,,,,true,true,,true,true,,,,學測英文級分,學測數學A級分,學測自然級分,筆試
國立中央大學,資訊工程學系,016242,50,150,1,2,無,115.5.22,均標,,,前標,10,*1.00,前標,5,*1.50,,,,,,,前標,10,*1.00,,,,英數A自,,3,,40%,審查資料,筆試,,,true,true,true,true,,true,,,true,true,,,true,true,true,true,true,,,,指定項目甄試成績,學測數學A級分,學測英文級分,學測自然級分
國立中央大學,資訊工程學系(APCS組),016252,3,15,無,無,無,115.5.22,,,,,,,,,,,,,,,,,,,,,,,,,,,,,,,true,true,true,true,,true,,,true,true,,,true,true,true,true,true,,,,指定項目甄試成績,學測數學A級分,學測英文級分,學測自然級分
國立中央大學,資訊工程學系(資安組),016262,3,21,無,無,無,115.5.22,,,,,,,,,,,,,,,,,,,,,,,,,,,,,,,true,true,true,true,,true,,,true,true,,,true,true,true,true,true,,,,指定項目甄試成績,學測數學A級分,學測英文級分,學測自然級分
國立中央大學,通訊工程學系,016272,19,57,1,無,無,115.5.21,均標,5,*1.00,前標,3,*1.00,前標,3,*1.20,,,,,,,前標,5,*1.20,,,,國英數A自,,3.5,,30%,審查資料,面試,,,true,true,,,,true,,,,true,true,,true,true,true,true,true,,,,學測數學A級分,學測自然級分,審查資料,學測英文級分
國立中央大學,資訊電機學院學士班,016282,9,45,1,無,無,115.5.15,均標,12,*1.00,前標,5,*1.20,前標,5,*1.20,,,,,,,前標,5,*1.20,,,,,,,,35%,審查資料,面試,,,true,true,true,true,,true,true,,,true,,true,,true,true,true,true,,,,指定項目甄試成績,學測英文級分,學測數學A級分,學測自然級分
國立中央大學,大氣科學學系,016292,14,49,1,無,無,115.5.16,均標,,*1.00,均標,,*1.00,前標,6,*1.50,,,,,,,前標,6,*1.50,,,,英數A自,,3.5,,30%,審查資料,面試,,,true,true,true,true,,true,,,,,true,true,true,true,true,true,true,,,,面試,學測數學A級分,學測自然級分,學測英文級分
國立中央大學,太空科學與工程學系,016302,13,46,1,無,無,115.5.16,均標,,*1.00,均標,,*1.00,前標,6,*1.50,,,,,,,前標,6,*1.50,,,,英數A自,,3.5,,30%,審查資料,面試,,,true,true,true,true,,true,,,,true,true,,true,true,true,true,true,,,,面試,學測數學A級分,學測自然級分,學測英文級分
國立中央大學,地球科學學系,016312,34,102,1,1,無,115.5.15115.5.16,均標,,*1.00,均標,,*1.00,前標,,*1.50,,,,,,,前標,,*1.50,,,,英數A自,,3,,30%,審查資料,面試,,,true,true,true,true,,true,,,,true,,true,true,true,true,true,true,,,,學測自然級分,學測英文級分,學測數學A級分,審查資料
國立中央大學,地球科學學院學士班,016322,9,36,1,無,無,115.5.15,均標,,*1.00,均標,5,*1.50,前標,5,*1.50,,,,,,,前標,5,*1.50,,,,數A自,,4,,30%,審查資料,面試,,,true,true,true,true,,true,,,true,true,,,true,true,true,true,true,,,,學測自然級分,學測數學A級分,學測英文級分,學測國文級分
國立中央大學,客家語文暨社會科學學系客家語文及傳播組,016332,9,36,1,無,無,115.5.19,前標,4,*1.00,均標,,*1.00,,,,,,*1.00,前標,4,*1.00,,,,,,,,,,,30%,審查資料,面試,,,true,true,true,,true,true,true,,true,,,true,,true,true,true,true,,,,學測國文級分,學測社會級分,面試,審查資料
國立中央大學,客家語文暨社會科學學系客家社會及政策組,016342,12,48,1,無,無,115.5.20,前標,4,*1.00,均標,,*1.00,,,,,,*1.00,前標,4,*1.00,,,,,,,,,,,30%,審查資料,面試,,,true,true,true,,true,true,true,,true,,,true,,true,true,true,true,,,,學測國文級分,學測社會級分,面試,審查資料
國立中央大學,法律與政府學系,016352,8,24,1,無,無,115.5.19,前標,3,*1.00,前標,3,*1.00,,,,均標,,,前標,3,*1.00,,,,,,,,,,,40%,審查資料,面試,,,true,true,true,,true,true,true,,,,true,,true,true,true,true,true,,,,學測英文級分,學測國文級分,學測社會級分,面試
國立中央大學,生命科學系,016362,12,36,1,無,無,115.5.22,,,,,,,,,,,,,,,,,,,,,,,,,,,,,,,true,true,,true,,true,,,,true,,true,true,true,true,true,true,,,,面試,學測自然級分,學測英文級分,學測數學A級分
國立中央大學,生醫科學與工程學系,016372,14,42,1,無,無,115.5.19,,,,,,,,,,,,,,,,,,,,,,,,,,,,,,,true,true,true,,,true,,,true,,,,true,true,true,true,true,,,,面試,指定項目甄試成績,,
國立中央大學,向日葵聯合招生甲組(電資),016382,3,18,無,無,無,115.5.20,均標,,,均標,6,,均標,6,,,,,,,,均標,,,,,,國英數A自,,7,,0%,審查資料,面試,,,true,true,true,true,,true,,,,,,,true,true,true,true,true,true,,,面試,審查資料,,
國立中央大學,向日葵聯合招生乙組(商管),016392,5,25,無,無,無,115.5.20,均標,,,均標,5,,,,,均標,5,,均標,,,,,,,,,國英數B社,,6,,0%,審查資料,面試,,,true,true,true,,true,true,,,,,,,true,true,true,true,true,true,,,面試,審查資料,,
國立中央大學,向日葵聯合招生丙組(理學),016402,11,39,無,無,無,115.5.21,均標,,,均標,,,均標,3.5,,,,,,,,均標,3.5,,,,,國英數A自,,5,,0%,審查資料,面試,,,true,true,true,true,,true,,,,,,,true,true,true,true,true,true,,,面試,審查資料,,
國立中央大學,向日葵聯合招生丁組(工程),016412,10,50,無,無,無,115.5.21,均標,,,均標,,,均標,5,,,,,,,,均標,5,,,,,國英數A自,,6,,0%,審查資料,面試,,,true,true,true,true,,true,,,,,,,true,true,true,true,true,true,,,面試,審查資料,,
國立中央大學,向日葵聯合招生戊組(人社),016422,9,50,無,無,無,115.5.20,均標,5.5,,均標,5.5,,,,,,,,均標,,,,,,,,,國英社,,7,,0%,審查資料,面試,,,true,true,true,,true,true,,,,,,,true,true,true,true,true,true,,,面試,審查資料,,
中國文化大學,哲學與歷史學系(哲學組),017012,11,50,無,無,無,115.5.15至115.5.16,底標,4.5,,,,,,,,,,,,,*1.00,,,,,,,,,,,20%,審查資料,面試,,,true,true,,,,true,,,,,,,,true,true,true,,,,,審查資料,面試,學測國文級分,學測社會級分
中國文化大學,哲學與歷史學系(史學組),017022,11,50,1,無,無,115.5.15至115.5.16,,,,,,,,,,,,,,,,,,,,,,,,,,,,,,,true,true,,,,true,,,,,,,,true,true,true,,,,,學測國社級分總和,學測社會級分,學測國文級分,
中國文化大學,中國文學系,017032,11,50,1,無,無,115.5.15至115.5.16,底標,5,*1.00,,,,,,,,,,,10,*1.00,,,,,,,國社,,4.5,,20%,審查資料,面試,,,true,true,,,,true,,,,,true,,true,true,true,true,true,true,,,學測國文級分,學測社會級分,學科能力測驗成績,指定項目甄試成績
中國文化大學,日本語文學系,017042,18,54,4,無,無,115.5.15至115.5.16,底標,3,*1.50,,,,,,,,,,,,,,,,,,,,,,,20%,審查資料,面試,,,true,true,true,,true,true,,,,,,,true,true,true,true,true,true,,,面試,審查資料,學測國文級分,
中國文化大學,韓國語文學系,017052,64,192,3,無,無,115.5.15至115.5.16,底標,3,*2.00,,3,*1.00,,,,,,,,,,,,,,,,,,,,50%,審查資料,面試,,,true,true,,,,true,,,true,,,true,true,true,true,true,true,,,,審查資料,面試,學測國文級分,學測英文級分
中國文化大學,歐美語文學系,017062,12,48,1,無,無,115.5.15至115.5.16,底標,4,*1.00,,6,*1.00,,,,,,,,,,,,,,,,,,,,10%,審查資料,面試,,,true,,,,,true,,,,,true,,true,true,true,true,true,true,,,學測英文級分,面試,學測國文級分,審查資料
中國文化大學,全球商務學士學位學程,017072,11,50,1,無,無,115.5.15至115.5.16,,,,,,,,,,,,,,,,,,,,,,,,,,,,,,,true,true,,,true,true,true,,,,,true,true,true,,true,true,,,,面試,學測英文級分,審查資料,
中國文化大學,應用數學系,017082,20,60,1,無,無,115.5.15至115.5.16,,,*1.00,,,,底標,3,*2.00,,,,,,,,,,,,,,,,,30%,審查資料,面試,,,true,true,,,,true,,,,,,,,true,true,true,true,,,,面試,審查資料,學測數學A級分,
中國文化大學,光電物理學系,017092,26,78,1,無,無,115.5.15至115.5.16,,,*1.00,,,*1.00,,,*1.00,,,,,,,底標,3,*1.50,,,,,,,,10%,審查資料,面試,,,true,true,true,true,,true,,,,,true,,true,true,true,true,true,,,,學測國英數A自級分總和,面試,審查資料,學測數學A級分
中國文化大學,化學系,017102,26,78,1,無,無,115.5.15至115.5.16,,3,*1.00,,,,,,,,,,,,,底標,3,*2.00,,,,,,,,20%,審查資料,面試,,,true,true,,true,,true,,,,,true,,true,true,true,true,,,,,學測國自級分總和,學測自然級分,學科能力測驗成績,
中國文化大學,地理學系,017112,14,49,1,無,無,115.5.15至115.5.16,底標,6,*1.50,,,,,,,,,,,3.5,*1.00,,,,,,,,,,,20%,審查資料,面試,,,true,true,true,true,true,true,,,,,true,,true,true,true,true,true,,,,學科能力測驗成績,面試,審查資料,學測社會級分
中國文化大學,大氣與地質科學系,017122,25,75,1,無,無,115.5.15至115.5.16,,3,*1.00,,,*1.00,底標,,,底標,,,,,,,,*1.50,,,,,,,,20%,審查資料,面試,,,true,true,true,true,,true,,,,,true,,true,true,true,true,,,,,學科能力測驗成績,面試,審查資料,學測自然級分
中國文化大學,生命科學系,017132,25,75,1,無,無,115.5.15至115.5.16,底標,3,*1.00,,,*1.50,,,,,,,,,,,,*2.00,,,,,,,,30%,審查資料,面試,,,true,true,true,true,,true,true,,true,,true,,,true,true,true,true,true,true,true,面試,審查資料,學測國英自級分總和,學測自然級分
中國文化大學,化學工程與材料工程學系,017142,65,195,2,無,無,115.5.15至115.5.16,,3,*1.00,,3,*1.00,底標,3,*1.00,,,,,,,底標,3,*1.50,,,,,,,,50%,審查資料,面試,,,true,true,,,,true,true,,,,,,,true,,true,,true,,,學測國英數A自級分總和,學測自然級分,學測國文級分,學測英文級分
中國文化大學,電機工程學系,017152,72,216,3,無,無,115.5.15至115.5.16,,,*1.00,,,*1.00,底標,3,*1.00,,,,,,,,,*1.00,,,,,,,,30%,審查資料,面試,,,true,true,,,,true,,true,,true,true,,,true,true,true,true,,,,學測國英數A自級分總和,面試,審查資料,
中國文化大學,機械工程學系,017162,36,108,2,無,無,115.5.15至115.5.16,,3,*1.00,,3,*1.00,底標,,,底標,,,,,,,3,*1.00,,,,,,,,30%,審查資料,面試,,,true,true,true,true,,true,true,true,,true,,,,true,true,true,true,true,,,學科能力測驗成績,面試,審查資料,學測國文級分
中國文化大學,紡織科技創新與應用工程學系,017172,23,69,1,無,無,115.5.15至115.5.16,底標,3,,,,,,,,,,,,,,,,,,,,,,,,0%,審查資料,面試,,,true,,,,,true,true,,true,,,,,true,true,true,true,true,,,審查資料,面試,,
中國文化大學,資訊工程學系,017182,36,108,4,無,無,115.5.15至115.5.16,,3,*2.00,,,*2.00,底標,,,底標,,,,,,,,,,,,,,,,40%,審查資料,面試,,,true,true,true,true,,true,,,,true,,true,true,true,,true,true,true,,,學科能力測驗成績,面試,審查資料,學測國文級分
中國文化大學,法律學系,017192,110,330,5,無,無,115.5.15至115.5.16,底標,3,*1.50,,,,,,,,,,,5,*1.50,,,,,,,,,,,20%,審查資料,面試,,,true,true,,,true,true,true,,,,,,,true,true,,,true,,,學科能力測驗成績,審查資料,面試,學測國社級分總和
中國文化大學,政治與經濟學系,017202,25,75,1,無,無,115.5.15至115.5.16,底標,3,*1.50,,,,,,,,,,,,,,,,,,,,,,,20%,審查資料,面試,,,true,true,,,true,true,true,true,,,,,,true,true,true,,,,,面試,審查資料,學科能力測驗成績,學測國文級分
中國文化大學,勞動暨人力資源學系,017212,11,50,1,無,無,115.5.15至115.5.16,底標,4.5,*1.00,,,,,,,,,,,,,,,,,,,,,,,20%,審查資料,面試,,,true,true,,,,true,true,true,,,,true,,true,true,true,true,,,,面試,審查資料,學測國文級分,
中國文化大學,社會福利學系,017222,9,50,2,無,無,115.5.15至115.5.16,底標,10,*1.50,,,,,,,,,,,5.5,*1.50,,,,,,,,,,,10%,審查資料,面試,,,true,true,,,true,true,true,true,true,,,,,true,true,true,true,true,,,面試,審查資料,學測社會級分,學測國文級分
中國文化大學,行政管理學系,017232,12,48,1,無,無,115.5.15至115.5.16,底標,4,*1.00,,,,,,,,,,,,,,,,,,,,,,,10%,審查資料,面試,,,true,,,,true,true,true,true,true,,,,,true,true,true,true,,,,學測國文級分,審查資料,面試,
中國文化大學,動物科學保健暨園藝科技學系(園藝科技組),017242,14,49,1,無,無,115.5.15至115.5.16,底標,3.5,*2.00,,,,,,,,,,,,,,,*1.50,,,,,,,,20%,審查資料,面試,,,true,true,,,,true,true,,true,,,,true,true,,true,true,,,,學測國文級分,學測自然級分,面試,審查資料
中國文化大學,動物科學保健暨園藝科技學系(動物科學組),017252,16,48,1,無,無,115.5.15至115.5.16,底標,3,*1.50,,,*1.00,,,,,,,,,,,,*1.00,,,,,,,,20%,審查資料,面試,,,true,true,,true,,true,,true,,,true,,true,true,true,true,true,,,,面試,審查資料,學測國文級分,學測自然級分
中國文化大學,森林暨自然保育學系,017262,21,63,1,無,無,115.5.15至115.5.16,,6,*1.00,,,,,,,,,,,,,底標,3,*1.00,,,,,,,,20%,審查資料,面試,,,true,true,,,,true,true,true,,,,,,true,,true,true,,,,面試,學科能力測驗成績,學測自然級分,學測國文級分
中國文化大學,土地資源學系,017272,11,50,1,無,無,115.5.15至115.5.16,底標,,*1.00,,,*1.00,,,,,,,,,,,,,,,,國英,,4.5,,30%,審查資料,面試,,,true,true,,,,true,,,,,,,,true,,true,true,,,,學測國英級分總和,學測國文級分,學測英文級分,
中國文化大學,家庭科學系,017282,17,51,1,無,無,115.5.15至115.5.16,底標,3,*1.50,,,,,,,,,,,,*2.00,,,,,,,,,,,10%,審查資料,面試,,,true,true,true,,,true,true,,,,true,,,true,true,true,true,,,,面試,審查資料,學科能力測驗成績,學測國文級分
中國文化大學,都市計劃與開發管理學系(智慧城市與都市更新組),017292,11,50,1,無,無,115.5.15至115.5.16,底標,4.5,*2.00,,,,,,,,,,,,,,9,*1.75,,,,,,,,30%,審查資料,面試,,,true,true,true,,true,true,true,,,,,,,true,,true,true,,,,面試,審查資料,學測國文級分,
中國文化大學,都市計劃與開發管理學系(不動產投資與估價組),017302,12,48,1,無,無,115.5.15至115.5.16,底標,4,*2.00,,,,,,,,,,,9,*1.75,,,,,,,,,,,30%,審查資料,面試,,,true,true,true,,true,true,true,,,,,,,true,,true,true,,,,面試,審查資料,學測國文級分,
中國文化大學,建築及都市設計學系,017312,29,87,2,無,無,115.5.15至115.5.16,底標,6,*2.00,,3,*2.00,,,,,,,,,,,,,,,,,,,,30%,審查資料,面試,,,true,true,true,,,true,true,,true,true,,,,true,true,true,,,,,面試,審查資料,學科能力測驗成績,學測英文級分
中國文化大學,景觀學系,017322,16,48,2,無,無,115.5.15至115.5.16,底標,3,*1.00,,3,*1.00,,,,,,,,,,,,,,,,,,,,20%,審查資料,面試,,,true,,true,true,true,true,true,,,,true,,true,true,true,true,true,true,,,面試,審查資料,學科能力測驗成績,學測國文級分
中國文化大學,國際貿易學系,017332,31,93,3,無,無,115.5.15至115.5.16,,,,,,,,,,,,,,,,,,,,,,,,,,,,,,,true,true,,,true,true,,,,,true,,,true,,true,true,,,,面試,審查資料,學測社會級分,
中國文化大學,國際企業管理學系,017342,30,90,3,無,無,115.5.15至115.5.16,底標,3,*2.00,,,,,,,,,,,,,,,,,,,,,,,20%,審查資料,面試,,,true,true,,,,true,,,,,true,,true,true,true,true,true,,,,面試,審查資料,學測國文級分,
中國文化大學,會計學系,017352,26,78,2,無,無,115.5.15至115.5.16,底標,3,*1.50,,,,,,,,,,,,,,,,,,,,,,,20%,審查資料,面試,,,true,,,,,true,true,,,,,,,true,,true,true,,,,面試,審查資料,學測國文級分,
中國文化大學,觀光事業學系,017362,15,45,3,無,無,115.5.15至115.5.16,底標,5,*1.00,,3,*1.00,,,,,,,,,,,,,,,,,,,,30%,審查資料,面試,,,true,true,,,,true,true,true,,,,,true,true,true,true,true,true,,,面試,學測國文級分,學測英文級分,審查資料
中國文化大學,資訊管理學系(智慧商務科技組),017372,45,135,2,無,無,115.5.15至115.5.16,底標,3,*2.00,,,,,,,,,,,,,,,,,,,,,,,20%,審查資料,面試,,,true,true,true,,,true,true,,,,,,true,true,,true,,,,,面試,審查資料,學測國文級分,
中國文化大學,資訊管理學系(人工智慧組),017382,20,60,2,無,無,115.5.15至115.5.16,,,,,,,,,,,,,,,,,,,,,,,,,,,,,,,true,true,true,,,true,true,,,,,,true,true,,true,,,,,面試,審查資料,學測數學B級分,
中國文化大學,財務金融學系金融行銷組,017392,16,48,1,無,無,115.5.15至115.5.16,底標,,*1.00,,,,,,,,,,,3,*1.00,,,,,,,,,,,20%,審查資料,面試,,,true,true,,,,true,true,,true,,,,true,true,true,true,true,,,,學測國文級分,學測社會級分,學科能力測驗成績,學測國社級分總和
中國文化大學,財務金融學系財務金融組,017402,22,66,1,無,無,115.5.15至115.5.16,底標,3,*2.00,,8,*1.00,,,,,,,,,,,,,,,,,,,,20%,審查資料,面試,,,true,true,,,,true,true,,true,,,,true,true,true,true,true,,,,學測國文級分,學測英文級分,學測國英級分總和,
中國文化大學,財務金融學系數位金融組,017412,14,49,1,無,無,115.5.15至115.5.16,底標,3.5,*1.00,,,,,,,,,,,6,*1.00,,,,,,,,,,,20%,審查資料,面試,,,true,true,,,,true,true,,true,,,,true,true,true,true,true,,,,學測國文級分,學測社會級分,學科能力測驗成績,學測國社級分總和
中國文化大學,行銷學士學位學程,017422,20,60,1,無,無,115.5.15至115.5.16,,,,,,,,,,,,,,,,,,,,,,,,,,,,,,,,true,true,,,,true,,true,,,,true,true,true,true,true,true,,,指定項目甄試成績,面試,審查資料,學測社會級分
中國文化大學,新聞學系,017432,17,51,3,無,無,115.5.15至115.5.16,底標,3,*1.00,,,,,,,,,,,,,,,,,,,,,,,30%,審查資料,面試,,,true,true,true,,true,true,,,true,,true,,true,true,true,true,true,true,,,面試,審查資料,學測國文級分,
中國文化大學,廣告學系,017442,30,90,1,無,無,115.5.15至115.5.16,底標,3,*2.00,,,,,,,,,,,,,,,,,,,,,,,20%,審查資料,面試,,,true,true,true,,true,,true,,,true,true,,true,true,true,true,,,,,指定項目甄試成績,學測國文級分,,
中國文化大學,資訊傳播學系,017452,25,75,2,無,無,115.5.15至115.5.16,底標,3,*2.00,,,,,,,,,,,,,,,,,,,,,,,20%,審查資料,面試,,,true,,,,true,true,true,,true,,,,true,true,,true,true,,,,面試,審查資料,學測國文級分,
中國文化大學,大眾傳播學系,017462,20,60,4,無,無,115.5.15至115.5.16,,,,,,,,,,,,,,,,,,,,,,,,,,,,,,,true,,true,,true,true,true,,true,,true,,,true,true,true,true,,,,學測英社級分總和,學測社會級分,學測英文級分,
中國文化大學,教育與學習科技學系,017472,18,54,1,無,無,115.5.15至115.5.16,底標,3,*2.00,,,,,,,,,,,,,,,,,,,,,,,20%,審查資料,面試,,,true,true,true,,true,true,,,,true,true,,true,true,true,true,true,true,,,面試,審查資料,學測國文級分,
中國文化大學,心理輔導學系,017482,42,126,5,無,無,115.5.15至115.5.16,,,*2.00,底標,,*1.00,,,,,,,,,*2.00,,,,,,,國英社,,3,,40%,審查資料,面試,,,true,true,true,,true,true,true,true,true,,,,,true,true,true,true,true,,,學測國文級分,學測英文級分,學測社會級分,指定項目甄試成績
中國文化大學,保健營養學系,017492,14,49,1,無,無,115.5.15至115.5.16,,,*1.00,,,,,,,,,,,,,底標,,*1.00,,,,國自,,3.5,,10%,審查資料,面試,,,true,true,,true,,true,true,true,,,,,true,true,true,true,true,,,,面試,審查資料,學測國自級分總和,學測自然級分
中國文化大學,戲劇學系,017502,82,410,4,無,無,115.5.15至115.5.17,底標,5,*1.00,,5,*1.00,,,,,,,,,,,,,,,,,,,,20%,審查資料,面試,,,true,true,true,,,true,true,,,,true,,true,true,,true,true,,,,面試,審查資料,學測國文級分,學測英文級分
中國文化大學,音樂學系(西樂組),017512,8,96,無,無,無,115.5.15至115.5.16,,12,,,,,,,,,,,,,,,,,,,,,,,,0%,審查資料,面試,,,true,true,true,,true,true,true,,true,true,,,,true,true,true,true,true,,,面試,審查資料,學測國文級分,
中國文化大學,音樂學系(國樂組),017522,18,126,1,無,無,115.5.15至115.5.16,,7,,,,,,,,,,,,,,,,,,,,,,,,0%,審查資料,面試,,,true,true,true,,true,true,true,,true,true,,,,true,true,true,true,true,,,面試,審查資料,學測國文級分,
中國文化大學,音樂學系(應用組),017532,9,108,1,無,無,115.5.15至115.5.16,,12,,,,,,,,,,,,,,,,,,,,,,,,0%,審查資料,面試,,,true,true,true,,true,true,true,,true,true,,,,true,true,true,true,true,,,面試,審查資料,學測國文級分,
中國文化大學,美術學系,017542,51,408,3,無,無,115.5.15至115.5.16,,,*1.00,,,,,,,,,,,,,,,,,,,,,,,10%,審查資料,面試,,,true,,true,,,true,,,,true,true,,true,true,true,,true,,,,素描術科考試,彩繪技法術科考試,術科考試成績,學測國文級分
靜宜大學,英國語文學系,018012,18,54,2,無,無,115.5.22至115.5.23,,,*1.00,底標,3,*2.00,,,,,,,,,,,,,,,,,,,,10%,審查資料,面試,,,true,,,,,true,true,,,true,,true,,true,true,true,true,,,,面試,審查資料,學測英文級分,學測國文級分
靜宜大學,西班牙語文學系,018022,23,69,2,無,無,115.5.22至115.5.23,底標,,*1.50,,,*1.00,,,,,,,,3,*1.00,,,,,,,,,,,10%,審查資料,面試,,,true,true,,,,true,true,,,,,true,,true,true,true,,true,,,學測國文級分,面試,學測英文級分,審查資料
靜宜大學,日本語文學系,018032,50,150,3,無,無,115.5.22至115.5.23,後標,,*1.50,,,*1.50,,,,,,,,,*1.00,,,,,,,國社,,3,,20%,審查資料,面試,,,true,true,,,,true,true,,,,,,,true,true,true,,true,,,學測國文級分,學測社會級分,學測英文級分,審查資料
靜宜大學,中國文學系,018042,21,63,2,無,無,115.5.22至115.5.23,底標,8,*1.25,,,,,,,,,,,3,*1.00,,,,,,,,,,,10%,審查資料,面試,,,true,true,,,,true,,,,,,,,true,true,true,true,true,,,面試,審查資料,學測國文級分,學測社會級分
靜宜大學,社會工作與兒童少年福利學系,018052,63,189,3,無,無,115.5.22至115.5.23,底標,3,*2.00,,,,,,,,,,,3,*1.00,,,,,,,,,,,10%,審查資料,面試,,,true,true,,,true,true,true,true,true,,,,,true,true,true,,true,,,學測社會級分,審查資料,面試,
靜宜大學,台灣文學系,018062,26,78,1,無,無,115.5.22至115.5.23,底標,3,*1.00,,,,,,,,,,,3,*1.00,,,,,,,,,,,10%,審查資料,面試,,,true,true,true,,true,true,true,,,,true,,true,true,true,,,true,,,面試,學測國文級分,學測社會級分,審查資料
靜宜大學,法律學系,018072,95,285,5,無,無,115.5.22至115.5.23,後標,3,,,,,,,,,,,,3,*1.50,,,,,,,,,,,10%,審查資料,面試,,,true,true,,,,true,,,,,,,,true,true,true,true,true,,,面試,審查資料,學測社會級分,
靜宜大學,生態人文學系,018082,35,105,2,無,無,115.5.22至115.5.23,底標,3,,,,,,,,,,,,,,,,,,,,,,,,0%,審查資料,面試,,,true,true,,,,true,true,,,,true,,,true,true,true,,true,,,面試,審查資料,學測國文級分,
靜宜大學,生態人文學系(青年儲蓄帳戶組),018092,1,50,無,無,無,115.5.22至115.5.23,底標,,,,,,,,,,,,,,,,,,,,,,,,,0%,審查資料,面試,,,true,true,,,,true,true,,,,true,,,true,true,true,,true,true,,面試,審查資料,,
靜宜大學,大眾傳播學系,018102,45,135,2,無,無,115.5.22至115.5.23,底標,,*1.50,,,*1.00,,,,,,,,,,,,,,,,國英,,3,,10%,審查資料,面試,,,true,true,true,,true,true,,,,,true,,true,true,true,true,true,true,,,面試,審查資料,學測國文級分,學測英文級分
靜宜大學,財務工程學系,018112,72,216,1,無,無,115.5.22至115.5.23,,5,*1.00,,,,,,,底標,3,*2.00,,,,,,,,,,,,,,10%,審查資料,面試,,,true,,,,,,,,,,,,,,,true,true,,,,學測數學B級分,學測國文級分,,
靜宜大學,應用化學系,018122,80,240,無,無,無,115.5.22至115.5.23,,5,*1.00,,,,,,,,,,,,,底標,3,*2.00,,,,,,,,30%,審查資料,面試,,,true,true,,true,,,,,,true,true,,true,true,true,true,,true,,,學測自然級分,面試,審查資料,
靜宜大學,食品營養學系,018132,66,198,3,無,無,115.5.22至115.5.23,,,*1.00,,,*1.00,,,,,,,,,,底標,,*1.00,,,,國英自,,3,,10%,審查資料,面試,,,true,true,,,,true,true,,true,,,true,,true,true,true,true,true,,,面試,審查資料,學測國英自級分總和,學測國文級分
靜宜大學,化粧品科學系,018142,68,204,無,無,無,115.5.22至115.5.23,底標,,*1.00,,,*1.00,,,,,,,,,,,,*1.00,,,,國英自,,3,,10%,審查資料,面試,,,true,true,,,,true,true,true,,,,,true,true,true,true,true,true,,,面試,審查資料,學測國文級分,學測英文級分
靜宜大學,永續環境與智慧科技學士學位學程,018152,25,75,1,無,無,115.5.22至115.5.23,底標,6,*1.00,,,,,,,,,,,,,,3,*2.00,,,,,,,,10%,審查資料,面試,,,true,true,,,,true,true,true,,,,,true,true,true,true,true,true,,,學測自然級分,面試,審查資料,
靜宜大學,行銷與數位經營管理學系,018162,62,186,3,無,無,115.5.22至115.5.23,底標,3,*2.00,,,*1.50,,,,,,,,,,,,,,,,,,,,10%,審查資料,面試,,,true,,,,,true,true,,,,,,,true,,true,true,true,,,學測國文級分,學測英文級分,面試,審查資料
靜宜大學,國際企業學系,018172,76,228,3,無,無,115.5.22至115.5.23,底標,3,*1.00,,,,,,,,,,,,,,,,,,,,,,,10%,審查資料,面試,,,true,,,,,true,,,,,,,,true,true,,,true,,,學測國文級分,面試,審查資料,
靜宜大學,會計學系,018182,48,144,2,無,無,115.5.22至115.5.23,底標,3,*1.00,,,,,,,,,,,,,,,,,,,,,,,10%,審查資料,面試,,,true,,,,,true,true,,,,,,,true,,true,,true,,,審查資料,學測國文級分,面試,
靜宜大學,觀光事業學系,018192,65,195,5,無,無,115.5.22至115.5.23,底標,3,*2.00,,3,*1.00,,,,,,,,,,,,,,,,,,,,10%,審查資料,面試,,,true,true,,,,true,,,,,,,,true,,,,true,,,學測英文級分,學測國文級分,面試,審查資料
靜宜大學,財務金融學系,018202,71,213,3,無,無,115.5.22至115.5.23,底標,3,*1.00,,,,,,,,,,,,,,,,,,,,,,,10%,審查資料,面試,,,true,,,,,true,true,,,,,,,true,,true,,true,,,學測國文級分,面試,審查資料,
靜宜大學,資訊管理學系(人工智慧應用組),018212,33,99,1,無,無,115.5.22至115.5.23,,6,*1.00,,3,*1.00,底標,,,底標,,,,,,,,,,,,,,,,10%,審查資料,面試,,,true,,,,,,true,true,,,,,,true,,true,true,true,,,面試,審查資料,學測國英級分總和,學測英文級分
靜宜大學,資訊管理學系(智慧商務與大數據應用組),018222,32,96,2,無,無,115.5.22至115.5.23,,3,*1.00,,6,*1.00,底標,,,底標,,,,,,,,,,,,,,,,10%,審查資料,面試,,,true,,,,,,true,true,,,,,,true,,true,true,true,,,面試,審查資料,學測國英級分總和,
靜宜大學,資訊管理學系(APCS組),018232,4,50,無,無,無,115.5.22至115.5.23,,12.5,*1.00,,,,底標,,,底標,,,,,,,,,,,,,,,,10%,審查資料,面試,,,true,,,,,,true,true,,,,,,true,,true,true,true,,,面試,審查資料,學測國文級分,
靜宜大學,資訊管理學系(資安組),018242,3,48,無,無,無,115.5.22至115.5.23,,16,,,,,底標,,,底標,,,,,,,,,,,,,,,,0%,審查資料,面試,,,true,,,,,,,,,true,,true,true,true,,true,true,true,,,面試,審查資料,學測國文級分,
靜宜大學,資訊工程學系,018252,67,201,4,無,無,115.5.22至115.5.23,,3,*2.00,,,,底標,,,底標,,,,,,,,,,,,,,,,10%,審查資料,面試,,,true,,true,true,true,true,true,,,true,,true,,true,true,true,true,true,,,面試,審查資料,學測國文級分,
靜宜大學,資訊工程學系(APCS組),018262,5,50,無,無,無,115.5.22至115.5.23,,,,,,,,,,,,,,,,,,,,,,,,,,,,,,,true,,true,true,true,true,true,,,true,,true,,true,true,true,true,true,,,面試,審查資料,學測英文級分,
靜宜大學,資訊工程學系(資安組),018272,3,30,無,無,無,115.5.22至115.5.23,,10,,,,,底標,,,底標,,,,,,,,,,,,,,,,0%,審查資料,面試,,,true,,true,true,true,true,true,,,true,,true,,true,true,true,true,true,,,面試,審查資料,學測國文級分,
靜宜大學,資訊工程學系(青年儲蓄帳戶組),018282,1,50,無,無,無,115.5.22至115.5.23,底標,,,,,,,,,,,,,,,,,,,,,,,,,0%,審查資料,面試,,,true,true,,true,,,,,,,,,,,,,,true,,,面試,審查資料,,
靜宜大學,人工智慧應用學系,018292,71,213,3,無,無,115.5.22至115.5.23,,3,*2.00,,,,底標,,,底標,,,,,,,,,,,,,,,,10%,審查資料,面試,,,true,true,true,,,true,true,,,,,,true,true,,true,true,true,,,面試,審查資料,學測國文級分,
靜宜大學,人工智慧應用學系(APCS組),018302,2,30,無,無,無,115.5.22至115.5.23,,15,*2.00,,,,底標,,,底標,,,,,,,,,,,,,,,,10%,審查資料,面試,,,true,true,true,,,true,true,,,,,,true,true,,true,true,true,,,面試,審查資料,學測國文級分,
靜宜大學,人工智慧應用學系(資安組),018312,4,40,無,無,無,115.5.22至115.5.23,,10,,,,,底標,,,底標,,,,,,,,,,,,,,,,0%,審查資料,面試,,,true,true,true,,,true,true,,,,,,true,true,,true,true,true,,,面試,審查資料,學測國文級分,
靜宜大學,晶片設計學士學位學程,018322,68,204,1,無,無,115.5.22至115.5.23,,,,,,,,,,,,,,,,,,,,,,,,,,,,,,,true,,true,true,true,true,true,,true,,,,true,true,true,true,true,true,,,面試,審查資料,學測數學A級分,
靜宜大學,晶片設計學士學位學程(資安組),018332,3,30,無,無,無,115.5.22至115.5.23,,,,,,,,,,,,,,,,,,,,,,,,,,,,,,,true,,true,true,true,true,true,,true,,,,true,true,true,true,true,true,,,面試,審查資料,學測數學A級分,
靜宜大學,資料科學暨大數據分析與應用學系,018342,77,231,無,無,無,115.5.22至115.5.23,,3,*1.00,,,,,,,底標,3,*2.00,,,,,,,,,,,,,,20%,審查資料,面試,,,true,true,,,,,true,true,true,,,,true,true,true,true,true,true,,,學測數學B級分,審查資料,面試,
靜宜大學,寰宇管理學士學位學程,018352,18,54,1,無,無,115.5.22至115.5.23,,5,*1.00,底標,,*2.00,,,,,,,,,,,,,,,,國英,,3,,10%,審查資料,面試,,,true,true,true,,true,true,,,,,,true,true,true,true,true,,true,,,面試,學測英文級分,學測國英級分總和,審查資料
靜宜大學,寰宇外語教育學士學位學程,018362,18,54,1,無,無,115.5.22至115.5.23,,5,*1.00,底標,3,*2.00,,,,,,,,,,,,,,,,,,,,10%,審查資料,面試,,,true,true,,,,true,,,,,,,,true,true,true,true,true,,,面試,審查資料,學測國英級分總和,
靜宜大學,智慧媒體與創新科技應用學士學位學程,018372,16,48,1,無,無,115.5.22至115.5.23,,5,*1.00,底標,3,*2.00,,,,,,,,,,,,,,,,,,,,10%,審查資料,面試,,,true,true,true,,,true,,,,,true,true,true,true,true,true,true,true,,,面試,審查資料,學測英文級分,
大同大學,機械與材料工程學系,019012,47,141,4,無,無,115.5.15至115.5.16,,,*1.00,,,*1.00,底標,,,底標,,,,,,,,*1.00,,,,國英自,,3,,40%,審查資料,面試,,,true,true,true,true,,true,,,,true,true,,true,true,true,true,,true,,,審查資料,面試,學測英文級分,學測自然級分
大同大學,化學工程與生物科技學系,019022,48,144,1,無,無,115.5.15至115.5.16,,,*1.00,後標,,*1.00,底標,,,底標,,,,,,,3,*1.00,,,,,,,,40%,審查資料,面試,,,true,true,true,true,,true,,,,,,,true,true,true,true,true,true,,,學測自然級分,學測英文級分,審查資料,面試
大同大學,工程學院學士班,019032,27,81,2,無,無,115.5.15至115.5.16,,,*1.00,,,*1.00,底標,,,底標,,,,,,,,*2.00,,,,國英自,,3,,40%,審查資料,面試,,,true,,,true,,true,true,true,,true,,,,true,true,true,true,true,,,審查資料,面試,學測英文級分,學測自然級分
大同大學,電機工程學系,019042,76,228,6,無,無,115.5.15至115.5.16,,,*1.00,後標,,*1.00,,3,*2.00,,,,,,,,3,*1.00,,,,,,,,50%,審查資料,面試,,,true,true,true,true,,true,true,,true,,,,,true,true,true,true,true,,,學測數學A級分,學測英文級分,審查資料,面試
大同大學,資訊工程學系,019052,68,204,7,無,無,115.5.15至115.5.16,,,*1.00,,3,*2.00,後標,,,後標,,,,,,,,,,,,,,,,50%,審查資料,面試,,,true,,,,,true,,,,,,,,true,true,true,true,true,,,審查資料,面試,學測英文級分,學測國文級分
大同大學,事業與資訊經營學系,019062,63,189,4,無,無,115.5.15至115.5.16,,,*1.00,,,*1.00,底標,,,底標,,,,,,,,,,,,國英,,3,,40%,審查資料,面試,,,true,true,,,,true,,,,,,,,true,true,,,,,,面試,學測國英級分總和,學測國文級分,學測英文級分
大同大學,應用外語學系,019072,24,72,2,無,無,115.5.15至115.5.16,,,*2.00,底標,,,,,,,,,,,*1.50,,,,,,,國社,,3,,10%,審查資料,面試,,,true,true,,,,true,,,,true,,true,true,true,true,true,true,,,,面試,審查資料,學測英文級分,
大同大學,工業設計學系,019082,59,177,4,無,無,115.5.15至115.5.16,,,*1.50,後標,4.5,*2.00,,,,,,,,,,,,,,,,國英,,3,,45%,審查資料,面試,,,true,true,true,true,true,true,true,,true,true,,,,true,true,true,,true,true,,面試,學測英文級分,審查資料,
大同大學,數位媒體設計學系,019092,45,135,4,無,無,115.5.15至115.5.16,,,*1.00,底標,,*1.00,,,,,,,,,,,,,,,,國英,,3,,40%,審查資料,面試,,,true,true,true,,,true,true,,,,,,,true,true,true,,true,true,,面試,學科能力測驗成績,審查資料,
大同大學,電機工程學系(青年儲蓄帳戶組),019102,1,50,無,無,無,115.5.15至115.5.16,,,,,,,,,,,,,,,,,,,,,,,,,,,,,,,true,true,true,true,,true,true,,true,,,,,true,true,true,true,true,true,,審查資料,面試,,
大同大學,應用外語學系(青年儲蓄帳戶組),019112,2,50,無,無,無,115.5.15至115.5.16,,,,,,,,,,,,,,,,,,,,,,,,,,,,,,,true,true,,,,true,,,,true,,true,true,true,true,true,true,true,,,面試,審查資料,,
輔仁大學,中國文學系,020012,53,159,無,無,無,115.5.15115.5.16,後標,3,*2.00,,,*1.00,,,,,,,底標,,*1.00,,,,,,,,,,,30%,審查資料,面試,,,true,true,true,,,true,true,,,,,,,true,true,true,,,,,學測國文級分,面試,審查資料,
輔仁大學,歷史學系,020022,48,144,1,無,無,115.5.16115.5.17,,,*2.00,,,*1.00,,,,,,,底標,3,*2.00,,,,,,,,,,,30%,審查資料,面試,,,true,true,true,,true,true,true,,,,,,,true,true,true,,,,,面試,審查資料,學測社會級分,學測國文級分
輔仁大學,哲學系,020032,44,132,5,無,無,115.5.15115.5.16,後標,8,*1.50,,,*1.00,,,,,,,,3,*1.50,,,,,,,,,,,20%,審查資料,面試,,,true,true,true,,true,true,,,,,,,,true,true,true,,,,,面試,審查資料,學測國文級分,學測社會級分
輔仁大學,人文與社區創新學士學位學程,020042,19,57,無,無,無,115.5.15115.5.16,,,*1.00,,,*1.00,,,,,,,底標,3,*1.50,,,,,,,,,,,30%,審查資料,面試,,,true,true,true,,true,true,true,,true,,,,,true,true,true,,,,,面試,審查資料,學測國英社級分總和,學測社會級分
輔仁大學,景觀設計學系,020052,22,66,2,無,無,,後標,,*1.00,後標,,*1.50,,,,,,,,,,,,,,,,國英,,3,,40%,審查資料,,,,true,true,true,,,,,,,true,true,,,true,true,true,true,,,,指定項目甄試成績,學測國英級分總和,學測英文級分,學測國文級分
輔仁大學,景觀設計學系(青年儲蓄帳戶組),020062,1,50,無,無,無,,,,,,,,,,,,,,,,,,,,,,,,,,,,,,,,true,true,true,,,,,,,true,true,,,true,true,true,true,true,,,,,,
輔仁大學,影像傳播學系,020072,26,78,1,1,無,115.5.17,均標,5,*1.50,,,,,,,,,,均標,4,*2.00,,,,,,,國社,,3,,40%,審查資料,面試,,,true,,,,,true,,,,,,,,true,,true,true,,,,指定項目甄試成績,學測國社級分總和,學測社會級分,學測國文級分
輔仁大學,新聞傳播學系,020082,29,87,2,無,無,115.5.17,均標,3,*2.00,,3,*1.00,,,,,,,,3,*2.00,,,,,,,,,,,40%,審查資料,面試,,,true,,,,,true,,,,,,,,true,true,true,,true,,,學測社會級分,學測國文級分,面試,學測英文級分
輔仁大學,廣告傳播學系,020092,30,90,1,無,無,115.5.16,,4,*1.50,均標,3,*2.00,,,,,4,*1.50,,5,*1.00,,,,,,,,,,,40%,審查資料,面試,,,true,,,,,true,,true,,true,,true,,true,,true,true,,,,指定項目甄試成績,學測國英數B社級分總和,學測英文級分,審查資料
輔仁大學,圖書資訊學系,020102,31,93,無,無,無,,底標,,*1.00,,,*1.00,,,,,,*1.00,,,,,,,,,,國英數B,,3,,40%,審查資料,,,,true,,,,,,true,true,true,,,,,true,true,,,,,,審查資料,學測國英數B級分總和,學測英文級分,學測國文級分
輔仁大學,教育領導與科技發展學士學位學程,020112,18,54,無,無,無,,後標,,*1.00,,,*1.00,,,,,,,後標,,*1.00,,,,,,,國英社,,3,,30%,審查資料,,,,true,true,,true,true,true,true,true,true,,,,,true,true,true,true,true,,,指定項目甄試成績,學科能力測驗成績,學測國文級分,學測英文級分
輔仁大學,護理學系,020122,46,138,無,1,無,115.5.14,,,*1.00,底標,3,*1.00,,,,,,,,,,後標,8,*1.00,,,,,,,,30%,審查資料,面試,,,true,,,,,,,true,true,,,true,,true,,true,true,,,,面試,學測英文級分,學測國文級分,
輔仁大學,公共衛生學系,020132,26,78,1,1,無,115.5.16,,,*1.00,底標,,*1.00,,,,,,,,,,,,,,,,國英,,3,,20%,審查資料,面試,,,true,true,,true,true,true,true,,true,,,,,true,,true,true,,,,面試,審查資料,學測英文級分,學測國文級分
輔仁大學,公共衛生學系(青年儲蓄帳戶組),020142,1,50,無,無,無,115.5.16,,,,,,,,,,,,,,,,,,,,,,,,,,,,,,,true,true,,true,true,true,true,,true,,,,,true,,true,true,true,,,面試,審查資料,,
輔仁大學,醫學系,020152,15,45,無,無,無,115.5.16,,,,,,,,,,,,,,,,,,,,,,,,,,,,,,,true,,,true,,true,true,,true,,,,,true,true,true,,,,,面試,學科能力測驗成績,學測自然級分,學測英文級分
輔仁大學,醫學系(公費生),020162,4,12,無,無,無,115.5.16,,,,,,,,,,,,,,,,,,,,,,,,,,,,,,,true,,,true,,true,true,,true,,,,,true,true,true,,,,,面試,學科能力測驗成績,學測自然級分,學測英文級分
輔仁大學,臨床心理學系,020172,36,108,2,1,無,115.5.18,後標,,*1.00,均標,,*1.00,後標,,*1.00,,,,,,,,,,,,,國英數A,,3,,30%,審查資料,面試,,,true,,,true,true,true,,,true,,,,,true,true,true,true,,,,面試,審查資料,學測英文級分,學測數學A級分
輔仁大學,職能治療學系,020182,30,90,無,無,無,115.5.15,,,,,,,,,,,,,,,,,,,,,,,,,,,,,,,true,,,,,true,,,true,,,,,true,,,,,,,面試,學測英文級分,學測自然級分,學測數學A級分
輔仁大學,呼吸治療學系,020192,23,69,無,無,無,115.5.16,後標,,*1.00,後標,8,*1.00,,,,,,,,,,後標,3,*1.00,,,,,,,,40%,審查資料,面試,,,true,,,,,true,true,,true,,,,,true,,,,,,,面試,審查資料,學測英文級分,學測自然級分
輔仁大學,數學系資訊數學組,020202,28,84,1,無,無,115.5.15115.5.16,,,,,,,,,,,,,,,,,,,,,,,,,,,,,,,true,true,,,,true,,,,,,,,true,,,,true,,,面試,學測數學A級分,學測英文級分,審查資料
輔仁大學,數學系應用數學組,020212,29,87,1,無,無,115.5.15115.5.16,,,,,,,,,,,,,,,,,,,,,,,,,,,,,,,true,true,,,,true,,,,,,,,true,,,,true,,,面試,學測數學A級分,學測英文級分,審查資料
輔仁大學,化學系,020222,57,171,7,無,無,115.5.16115.5.17,,,,,,,,,,,,,,,,,,,,,,,,,,,,,,,true,,,,,true,,,,,,,,true,,,true,,,,學測自然級分,學測英文級分,學測數學A級分,學科能力測驗成績
輔仁大學,資訊工程學系,020232,52,156,無,1,無,115.5.15115.5.16,,,,,,,,,,,,,,,,,,,,,,,,,,,,,,,true,true,true,,,true,,,,,,,,true,,,,,,,面試,學測英數A級分總和,審查資料,學測數學A級分
輔仁大學,資訊工程學系(APCS組),020242,2,6,無,無,無,115.5.15,,,,,,,,,,,,,,,,,,,,,,,,,,,,,,,true,true,true,,,true,,,,,,,,true,,,,,,,面試,學測英數A級分總和,審查資料,學測數學A級分
輔仁大學,生命科學系,020252,66,198,6,無,無,,,,,,,,,,,,,,,,,,,,,,,,,,,,,,,,true,true,,,,true,,,,,,,,true,,,,,,,審查資料,學測自然級分,學測英文級分,
輔仁大學,物理學系電子物理組,020262,22,66,2,無,無,115.5.16115.5.17,,,,,,,,,,,,,,,,,,,,,,,,,,,,,,,true,true,,,,true,,,,,,,,true,,,,,,,學測數學A級分,學測英文級分,學測自然級分,指定項目甄試成績
輔仁大學,物理學系光電物理組,020272,35,105,3,無,無,115.5.16115.5.17,,,,,,,,,,,,,,,,,,,,,,,,,,,,,,,true,true,,,,true,,,,,,,,true,,,,,,,學測數學A級分,學測英文級分,學測自然級分,指定項目甄試成績
輔仁大學,電機工程學系,020282,55,165,無,無,無,,,,,,,,,,,,,,,,,,,,,,,,,,,,,,,,true,true,,true,,true,,,,true,,,true,true,true,true,true,,,,學測英數A自級分總和,審查資料,學測數學A級分,學測英文級分
輔仁大學,電機工程學系(APCS組),020292,5,15,無,無,無,,,,,,,,,,,,,,,,,,,,,,,,,,,,,,,,true,true,,true,,true,,,,true,,,true,true,true,true,true,,,,學測英數A自級分總和,審查資料,學測數學A級分,學測英文級分
輔仁大學,醫學資訊與創新應用學士學位學程,020302,30,90,無,無,無,115.5.15115.5.16,,,,,,,,,,,,,,,,,,,,,,,,,,,,,,,true,true,true,,,true,,,,,,,,true,,,,,,,學測英數A級分總和,審查資料,學測數學A級分,學測英文級分
輔仁大學,醫學資訊與創新應用學士學位學程(APCS組),020312,3,24,無,無,無,115.5.16,,,,,,,,,,,,,,,,,,,,,,,,,,,,,,,true,true,true,,,true,,,,true,,true,true,true,,,,,,,學測英數A級分總和,審查資料,學測數學A級分,學測英文級分
輔仁大學,醫學資訊與創新應用學士學位學程(資安組),020322,3,24,無,無,無,115.5.15,,,,,,,,,,,,,,,,,,,,,,,,,,,,,,,true,true,true,,,true,,,,true,,true,true,true,,,,,,,學測英數A級分總和,審查資料,學測數學A級分,學測英文級分
輔仁大學,人工智慧與資訊安全學士學位學程,020332,30,90,無,無,無,115.5.15115.5.16,,,,,,,,,,,,,,,,,,,,,,,,,,,,,,,true,true,true,,,true,,,,,,,,true,,,,,,,學測英數A級分總和,審查資料,學測數學A級分,學測英文級分
輔仁大學,人工智慧與資訊安全學士學位學程(APCS組),020342,3,24,無,無,無,115.5.16,,,,,,,,,,,,,,,,,,,,,,,,,,,,,,,true,true,true,,,true,,,,true,,true,true,true,,,,,,,學測英數A級分總和,審查資料,學測數學A級分,學測英文級分
輔仁大學,人工智慧與資訊安全學士學位學程(資安組),020352,3,24,無,無,無,115.5.15,,,,,,,,,,,,,,,,,,,,,,,,,,,,,,,true,true,true,,,true,,,,true,,true,true,true,,,,,,,學測英數A級分總和,審查資料,學測數學A級分,學測英文級分
輔仁大學,英國語文學系,020362,29,87,1,1,無,115.5.15115.5.16,均標,5,*1.00,前標,3,*1.50,,,,,,,,,*1.00,,,,,,,,,,,30%,審查資料,英文面試,,,true,true,,,,,,,,true,,true,true,true,,,,true,,,英文面試,審查資料,學測英文級分,學測國英社級分總和
輔仁大學,法國語文學系,020372,34,102,2,無,無,115.5.15115.5.16,,5,*1.00,均標,3,*1.50,,,,,,,,,*1.00,,,,,,,,,,,40%,審查資料,面試,,,true,true,,,,,,,,,,,true,true,true,true,,,,,面試,學測英文級分,學測國文級分,審查資料
輔仁大學,西班牙語文學系,020382,27,81,3,無,無,,,5,*1.50,後標,3,*1.50,,,,,,,,,,,,,,,,,,,,40%,審查資料,,,,true,true,,,,,,,,,,true,true,true,true,true,true,,,,學測英文級分,學測國文級分,指定項目甄試成績,
輔仁大學,日本語文學系,020392,59,177,2,2,無,115.5.17115.5.18,均標,3,*1.50,,4,*1.50,,,,,,,,,,,,,,,,,,,,40%,審查資料,面試,,,true,true,,,,true,,true,,true,,true,,true,true,true,,,,,面試,學測國文級分,學測英文級分,審查資料
輔仁大學,義大利語文學系,020402,35,105,2,無,無,115.5.15115.5.16,,5,*1.50,後標,3,*1.50,,,,,,,,,,,,,,,,,,,,30%,審查資料,面試,,,true,true,,,,true,true,,,true,,true,,true,,true,true,,,,面試,審查資料,學測英文級分,學測國文級分
輔仁大學,德語語文學系,020412,37,111,2,無,無,,後標,3,*1.00,後標,6,*1.00,,,,,,,,,,,,,,,,,,,,20%,審查資料,,,,true,true,,,,true,,,,,,,true,true,true,true,true,,,,審查資料,學測國英級分總和,學測英文級分,學測國文級分
輔仁大學,國際溝通與科技創新學士學位學程,020422,16,48,無,無,無,115.5.17115.5.18,,5,*1.00,均標,3,*1.50,,,,,,,,,*1.00,,,,,,,,,,,30%,審查資料,面試,,,true,true,,,,true,,,,,,true,true,true,true,true,,,,,面試,審查資料,學測英文級分,學測國英社級分總和
輔仁大學,織品服裝學系織品設計組,020432,40,120,1,無,無,115.5.15,,,*1.50,後標,3,*2.00,,,,,,,,,,,,,,,,國英,,5,,25%,審查資料,面試,,,true,,true,,,true,,,,,,,,true,,,,,,,面試,審查資料,學測英文級分,學測國英級分總和
輔仁大學,織品服裝學系服飾設計組,020442,33,99,1,無,無,115.5.15,,,*1.50,後標,3,*2.00,,,,,,,,,,,,,,,,國英,,5,,25%,審查資料,面試,,,true,,true,,,true,,,,,,,,true,,,,,,,面試,審查資料,學測英文級分,學測國英級分總和
輔仁大學,織品服裝學系織品服飾行銷組,020452,80,240,1,無,無,115.5.15,,,*1.50,後標,3,*2.00,,,,,,,,,,,,,,,,,,,,25%,審查資料,面試,,,true,true,,,,true,,,,,,,,true,,,,,,,面試,審查資料,學測英文級分,學測國英級分總和
輔仁大學,餐旅管理學系,020462,75,225,無,無,無,,,,*1.50,後標,3,*2.00,,,,,,,,,,,,,,,,,,,,40%,審查資料,,,,true,true,true,,true,true,true,true,,,true,,,true,true,true,true,,,,學測英文級分,學測國文級分,學測國英級分總和,審查資料
輔仁大學,兒童與家庭學系,020472,37,111,2,1,無,,,3,*1.50,後標,3,*1.50,,,,,,,,,,,,,,,,,,,,40%,審查資料,,,,true,true,true,,true,true,true,,true,,true,,,true,true,true,true,,,,學測國英級分總和,學測英文級分,學測國文級分,
輔仁大學,食品科學系,020482,36,108,1,1,無,115.5.16,,,,,,,,,,,,,,,,,,,,,,,,,,,,,,,true,true,true,true,,true,true,true,,,,,,true,true,true,true,,,,學科能力測驗成績,指定項目甄試成績,學測自然級分,
輔仁大學,營養科學系,020492,30,90,無,無,無,115.5.15,,,*1.00,後標,8,*2.00,,,,,,,,,,底標,3,*2.00,,,,,,,,30%,審查資料,面試,,,true,true,true,true,true,true,true,,true,,true,,,true,true,true,true,,,,學測國英自級分總和,學科能力測驗成績,指定項目甄試成績,學測英文級分
輔仁大學,法律學系,020502,67,201,2,1,無,,均標,,*1.00,均標,3,*1.00,,,,,,,,,*1.50,,,,,,,國英社,,4,,40%,審查資料,,,,true,true,,,true,true,,,,,,,,true,true,true,true,,,,學測國文級分,學測社會級分,審查資料,
輔仁大學,財經法律學系,020512,32,96,1,無,無,,均標,,*1.00,均標,3,*1.00,,,,,,,,,*1.50,,,,,,,國英社,,4,,40%,審查資料,,,,true,true,,,true,true,,,,,,,,true,true,true,true,,,,學測國文級分,學測社會級分,審查資料,
輔仁大學,企業管理學系,020522,90,270,3,2,無,115.5.18,,,*1.00,均標,,*2.00,,,,後標,5,*2.00,,,,,,,,,,英數B,,3,,40%,審查資料,面試,,,true,true,true,,,true,true,,,,,true,true,true,true,true,true,,,,學測國英數B級分總和,學測英文級分,學測數學B級分,面試
輔仁大學,會計學系,020532,50,150,1,無,無,,均標,,*1.00,,,*1.50,,,,,3,*1.00,,,,,,,,,,英社,,10,,40%,審查資料,,,,true,true,,,,true,true,,,,,,true,true,true,true,true,true,,,學測國英數B社級分總和,學測英文級分,學測數學B級分,審查資料
輔仁大學,資訊管理學系,020542,70,210,1,1,無,115.5.16,,10,*1.00,後標,,*1.00,,,,後標,5,*1.00,,,,,,,,,,英數B,,3,,40%,審查資料,面試,,,true,,,,,true,,,,,,,,true,true,true,true,,,,面試,審查資料,學測數學B級分,學測英文級分
輔仁大學,資訊管理學系(APCS組),020552,4,12,無,無,無,115.5.16,,10,*1.00,後標,,*1.00,,,,後標,,*1.00,,,,,,,,,,英數B,,3,,30%,審查資料,面試,,,true,,,,,true,,,,,,,,true,true,true,true,,,,面試,審查資料,學測數學B級分,學測英文級分
輔仁大學,統計資訊學系,020562,72,216,無,無,無,115.5.14,,,*1.00,,,*1.50,,,,均標,,*1.50,,,,,,,,,,英數B,,3,,40%,審查資料,面試,,,true,,,true,true,true,true,true,,,,,,true,true,true,true,true,,,指定項目甄試成績,學測國英數B級分總和,學測數學B級分,學測英文級分
輔仁大學,金融與國際企業學系,020572,66,198,1,1,無,115.5.15,均標,10,*1.00,,,*2.00,,,,,,*2.00,,,,,,,,,,英數B,,3,,40%,審查資料,面試,,,true,,,,,true,,,,true,,true,true,true,,,,,,,學科能力測驗成績,面試,審查資料,學測英文級分
輔仁大學,社會學系,020582,30,90,無,無,無,115.5.16115.5.17,,,,,,,,,,,,,,,,,,,,,,,,,,,,,,,true,,,,true,true,,,,,,,,true,true,true,true,,,,學科能力測驗成績,面試,學測英文級分,學測社會級分
輔仁大學,社會工作學系,020592,26,78,6,1,無,,,3,*1.00,,,,,,,,,,後標,5,*1.00,,,,,,,,,,,40%,審查資料,,,,true,true,,,,true,,true,,,,,,true,true,,,true,,,審查資料,學測社會級分,學測國社級分總和,學測國文級分
輔仁大學,經濟學系,020602,56,168,無,無,無,115.5.18,,,,,,,,,,,,,,,,,,,,,,,,,,,,,,,true,,,,,,,,,,,true,true,true,true,true,true,true,,,學測英數B級分總和,學測數學B級分,學測英文級分,審查資料
輔仁大學,宗教學系,020612,51,153,3,無,無,115.5.15115.5.16,底標,,*1.00,,,,,,,,,,,,*1.00,,,,,,,國社,,3,,10%,審查資料,面試,,,true,true,,,,true,,,,,,,,true,,true,true,,,,審查資料,面試,學科能力測驗成績,學測國文級分
輔仁大學,心理學系(社會組),020622,17,51,1,1,無,,後標,,*1.00,後標,,*1.00,,,,後標,,*1.00,,,,,,,,,,國英數B,,3,,20%,審查資料,,,,true,true,true,true,true,true,true,,,,true,,,true,true,true,true,,,,指定項目甄試成績,學測國英數B級分總和,學測英文級分,學測國文級分
輔仁大學,心理學系(自然組),020632,17,51,1,無,無,,後標,,*1.00,後標,,*1.00,後標,,*1.00,,,,,,,,,,,,,國英數A,,3,,20%,審查資料,,,,true,true,true,true,true,true,true,,true,,true,,,true,true,true,true,,,,指定項目甄試成績,學測國英數A級分總和,學測英文級分,學測國文級分
輔仁大學,天主教研修學士學位學程,020642,11,44,無,無,無,,底標,4,*1.00,,,,,,,,,,,,,,,,,,,,,,,30%,審查資料,,,,true,true,,,,,,,true,,,,,true,,,true,,,,審查資料,學科能力測驗成績,學測國文級分,
輔仁大學,跨領域全英語學士學位學程,020652,9,45,無,無,無,115.5.17,,,*1.50,均標,5,*2.00,,,,,,,,,,,,,,,,國英,,8,,30%,審查資料,英文面試,,,true,true,,,,true,true,,true,,,,true,true,true,true,true,,,,英文面試,學測國英級分總和,審查資料,
輔仁大學,音樂學系應用音樂組,020662,2,30,1,無,無,115.5.16,,15,,,15,,,,,,,,,,,,,,,,,,,,,0%,審查資料,面試,,,true,,,,,,,,,,true,,,true,true,true,true,true,,,面試,審查資料,,
輔仁大學,音樂學系器樂組,020672,25,375,1,無,無,,,,,,,,,,,,,,,,,,,,,,,,,,,,,,,,true,,,,,,true,,,,,,,true,,,,,,,主修術科考試,聽寫術科考試,樂理術科考試,
輔仁大學,音樂學系爵士音樂組,020682,2,30,1,無,無,115.5.16,,15,,,15,,,,,,,,,,,,,,,,,,,,,0%,審查資料,面試,,,true,,,,,,true,,,,,,,true,,,,true,,,面試,審查資料,,
輔仁大學,音樂學系音樂治療組,020692,3,45,無,無,無,115.5.15115.5.16,底標,15,*1.00,底標,15,*1.00,,,,,,,,,,,,,,,,,,,,10%,審查資料,面試,,,true,,,,,,true,,true,,,,true,true,true,true,true,,,,面試,審查資料,,
輔仁大學,應用美術學系,020702,45,270,2,1,無,115.5.15115.5.16,,,*1.00,,6,*1.00,,,,,,,,,,,,,,,,,,,,15%,審查資料,面試,,,true,,true,,,,true,,,true,,,,true,,true,,true,,,創意表現術科考試,審查資料,面試,
輔仁大學,體育學系體育學組,020712,21,95,3,無,無,115.5.16115.5.17,,4.5,*2.00,,4.5,*2.00,,,,,,,,,,,,,,,,,,,,20%,審查資料,面試,,,true,,,,,,true,true,,true,,,true,true,,true,true,,,,面試,審查資料,學測英文級分,學測國文級分
輔仁大學,體育學系運動健康管理組,020722,33,149,3,1,無,115.5.16115.5.17,,4.5,*2.00,,4.5,*2.00,,,,,,,,,,,,,,,,,,,,20%,審查資料,面試,,,true,,,,,,true,true,,true,,,true,true,,true,true,,,,面試,審查資料,學測英文級分,學測國文級分
國立臺灣海洋大學,商船學系,021012,57,171,5,無,3,,,,,,,,,,,,,,,,,,,,,,,,,,,,,,,,true,true,,true,,,,,,true,,true,,true,true,true,true,true,,,學測英文級分,學測數學A級分,學科能力測驗成績,審查資料
國立臺灣海洋大學,航運管理學系,021022,51,153,無,無,3,,,,*1.00,均標,3,*2.00,,,,均標,5,*1.50,,,,,,,,,,國英數B社,,6,,40%,審查資料,,,,true,true,,,true,,true,,,true,,true,,true,true,true,true,true,,,學測國英數B社級分總和,學測英文級分,學測數學B級分,學測國文級分
國立臺灣海洋大學,運輸科學系A組,021032,24,72,3,無,1,,,,,,,,,,,,,,,,,,,,,,,,,,,,,,,,true,true,,,true,true,,,,true,true,true,,true,true,true,true,true,,,學測英文級分,審查資料,,
國立臺灣海洋大學,運輸科學系B組,021042,24,72,2,無,1,,,,,,,,,,,,,,,,,,,,,,,,,,,,,,,,true,true,,true,,true,,,,true,true,true,,true,true,true,true,true,,,學科能力測驗成績,學測英文級分,學測數學A級分,審查資料
國立臺灣海洋大學,輪機工程學系,021052,40,120,6,無,2,,,,*1.00,均標,4,*1.50,均標,3,*1.50,,,,,,,均標,6,*1.50,,,,,,,,40%,審查資料,,,,true,true,,true,,true,,,,,,,,true,true,true,true,true,,,學科能力測驗成績,學測自然級分,學測英文級分,學測數學A級分
國立臺灣海洋大學,海洋觀光管理學士學位學程,021062,14,42,2,無,無,,均標,5,*1.25,後標,3,*1.50,,,,後標,6,*1.00,後標,5.5,*1.25,,,,,,,,,,,40%,審查資料,,,,true,true,,,true,,true,,,true,,true,,true,true,true,true,true,,,學測英文級分,學測國文級分,學測社會級分,學測數學B級分
國立臺灣海洋大學,海洋觀光管理學士學位學程(青年儲蓄帳戶組),021072,1,50,無,無,無,,後標,,,後標,,,,,,,,,後標,,,,,,,,,,,,,0%,審查資料,,,,true,true,,,true,,,,,,,,,,true,true,true,true,,,,,,
國立臺灣海洋大學,海洋經營管理學士學位學程,021082,12,48,2,無,1,115.5.18至115.5.19,,,,,,,,,,,,,,,,,,,,,,,,,,,,,,,true,true,,,,,true,,,true,,true,,true,true,true,true,true,,,面試,學測英文級分,學測社會級分,學測數學B級分
國立臺灣海洋大學,食品科學系,021092,43,129,無,無,3,,,,*1.00,均標,3,*1.50,,,,,,,,,,均標,10,*1.50,,,,,,,,50%,審查資料,,,,true,true,,true,,,true,,,true,,true,,true,true,true,true,true,,,學科能力測驗成績,學測自然級分,學測英文級分,審查資料
國立臺灣海洋大學,水產養殖學系,021102,41,123,5,無,3,,,,*1.00,,,*1.00,,,,,,,,,,均標,3,*1.50,,,,,,,,50%,審查資料,,,,true,true,,true,,,true,,,true,,true,,true,true,true,true,true,,,學科能力測驗成績,審查資料,學測自然級分,學測英文級分
國立臺灣海洋大學,生命科學暨生物科技學系,021112,20,60,3,無,1,,,,*1.00,,,*1.00,,,,,,,,,,均標,3,*1.00,,,,國英自,,8,,50%,審查資料,,,,true,true,,true,,,true,,,true,,true,,true,true,true,true,true,,,學科能力測驗成績,審查資料,學測英文級分,學測自然級分
國立臺灣海洋大學,海洋生物科技學士學位學程,021122,14,42,2,無,1,115.5.18至115.5.19,,,*1.00,後標,7,*1.00,,,,,,,,,,後標,3,*1.25,,,,,,,,50%,審查資料,面試,,,true,true,,true,,,true,,,true,true,true,,true,true,true,true,true,,,學科能力測驗成績,學測自然級分,學測英文級分,審查資料
國立臺灣海洋大學,環境生物與漁業科學學系,021132,19,57,2,無,1,115.5.18至115.5.19,,,,,,,,,,,,,,,,,,,,,,,,,,,,,,,true,true,,true,,true,true,true,,,,true,,true,true,true,true,true,,,學測英自級分總和,學測英文級分,面試,審查資料
國立臺灣海洋大學,環境生物與漁業科學學系(青年儲蓄帳戶組),021142,1,50,無,無,無,115.5.18至115.5.19,,,,,,,,,,,,,,,,,,,,,,,,,,,,,,,true,true,,true,,true,true,true,,,,true,,true,true,true,true,true,,,面試,審查資料,,
國立臺灣海洋大學,海洋環境資訊系,021152,29,87,3,無,1,,,,,,,,,,,,,,,,,,,,,,,,,,,,,,,,true,true,,true,,,true,,,true,,true,,true,true,true,true,true,,,學測英數A自級分總和,學測數學A級分,學測自然級分,學測英文級分
國立臺灣海洋大學,機械與機電工程學系,021162,42,126,6,無,4,,,,*1.00,,3,*1.50,均標,5.5,*1.50,,,,,,,均標,6,*1.50,,,,數A自,,4.5,,40%,審查資料,,,,true,true,,true,,true,,,,true,,true,,true,true,true,true,true,,,學測數學A級分,學測自然級分,學測國英數A自級分總和,審查資料
國立臺灣海洋大學,系統工程暨造船學系,021172,31,93,3,無,1,,,,,,,,,,,,,,,,,,,,,,,,,,,,,,,,true,true,,true,,true,,,,true,,true,,true,true,true,true,true,,,學測英數A自級分總和,學測數學A級分,學測自然級分,學測英文級分
國立臺灣海洋大學,河海工程學系,021182,51,153,6,無,4,,,,*1.00,,,*1.00,後標,3,*1.50,,,,,,,,,*1.25,,,,,,,,40%,審查資料,,,,true,true,,true,,,true,,,true,,true,,true,true,true,true,true,,,學測國英數A自級分總和,學測數學A級分,學測自然級分,學測英文級分
國立臺灣海洋大學,海洋工程科技學士學位學程,021192,13,46,2,無,1,,,,*1.00,,,*1.50,後標,3.5,*1.50,,,,,,,均標,4.5,*1.50,,,,數A自,,5,,40%,審查資料,,,,true,true,,true,,,true,,,true,,true,,true,true,true,true,true,,,學測數學A級分,學測自然級分,學測英文級分,學測國英數A自級分總和
國立臺灣海洋大學,電機工程學系,021202,46,138,6,無,3,115.5.18115.5.19,均標,,,均標,,*1.00,前標,3,*1.00,,,,,,,均標,,*1.00,,,,英數A自,,3.5,,50%,審查資料,面試,,,true,true,,true,,true,,,,,,,true,true,true,true,true,true,,,學測國英數A自級分總和,面試,學測數學A級分,學測英文級分
國立臺灣海洋大學,電機工程學系(青年儲蓄帳戶組),021212,1,50,無,無,無,115.5.18115.5.19,,,,,,,,,,,,,,,,,,,,,,,,,,,,,,,true,true,,true,,true,,,,,,,true,true,true,true,true,true,,,面試,審查資料,,
國立臺灣海洋大學,資訊工程學系,021222,44,132,6,無,3,115.5.18至115.5.20,,,,,,,,,,,,,,,,,,,,,,,,,,,,,,,true,true,true,true,,true,true,,,true,,true,,true,true,true,true,true,,,面試,學測數學A級分,學測英文級分,學測自然級分
國立臺灣海洋大學,資訊工程學系(APCS組),021232,3,18,無,無,無,115.5.18至115.5.20,,,,,,,,,,,,,,,,,,,,,,,,,,,,,,,true,true,true,true,,true,true,,,true,,true,,true,true,true,true,true,,,面試,學測數學A級分,學測英文級分,
國立臺灣海洋大學,資訊工程學系(資安組),021242,3,18,無,無,無,115.5.18至115.5.20,,,,,,,,,,,,,,,,,,,,,,,,,,,,,,,true,true,true,true,,true,true,,,true,,true,,true,true,true,true,true,,,面試,學測數學A級分,學測英文級分,
國立臺灣海洋大學,通訊與導航工程學系,021252,21,63,3,無,2,115.5.18至115.5.19,,,*1.00,均標,6,*1.00,均標,3,*1.00,,,,,,,均標,5.5,*1.00,,,,國英數A自,,5,,50%,審查資料,面試,,,true,true,,true,,,,,,,,,true,true,true,true,true,true,,,學測國英數A自級分總和,學測數學A級分,學測英文級分,學測自然級分
國立臺灣海洋大學,光電與材料科技學系,021262,15,45,2,無,2,115.5.18至115.5.19,,,*1.00,均標,,*1.00,均標,3,*1.00,,,,,,,均標,,*1.00,,,,英數A自,,5,,50%,審查資料,面試,,,true,true,,true,,,true,,,true,true,true,,true,true,true,true,true,,,學測國英數A自級分總和,學測自然級分,學測數學A級分,學測英文級分
國立臺灣海洋大學,海洋文創設計產業學士學位學程,021272,15,45,2,無,2,,均標,3,*1.00,,,*1.00,,,,,,,,,,,,,,,,,,,,30%,審查資料,,,,true,true,true,,true,,,,,true,true,true,,true,true,true,true,,,,學測國文級分,學測英文級分,指定項目甄試成績,學科能力測驗成績
國立臺灣海洋大學,海洋文創設計產業學士學位學程(青年儲蓄帳戶組),021282,2,50,無,無,無,,均標,,,,,,,,,,,,,,,,,,,,,,,,,0%,審查資料,,,,true,true,true,,true,,,,,true,true,true,,true,true,true,true,true,,,,,,
國立臺灣海洋大學,海洋法政學士學位學程,021292,16,48,2,無,2,115.5.18至115.5.19,,6,*1.00,均標,3,*2.00,均標,,,均標,,,,,,,,,,,,,,,,40%,審查資料,面試,,,true,true,true,,true,,true,,,true,,true,,true,true,true,true,true,,,學測英文級分,學測國文級分,面試,審查資料
國立臺灣海洋大學,海洋法政學士學位學程(青年儲蓄帳戶組),021302,1,50,無,無,無,115.5.18至115.5.19,,,,,,,,,,,,,,,,,,,,,,,,,,,,,,,true,true,true,,true,,true,,,true,,true,,true,true,true,true,true,,,,,,
國立高雄師範大學,國文學系,022012,35,105,2,2,無,115.5.18,均標,3,*2.00,,,*1.00,,,,,,,均標,10,*1.00,,,,,,,,,,,40%,審查資料,面試,,,true,true,,,,true,,,,,,,true,true,,true,true,,,,面試,審查資料,學測國文級分,學測國英社級分總和
國立高雄師範大學,英語學系,022022,26,78,1,無,無,115.5.18,,5,*1.75,均標,10,*2.00,,,,,,,,3,*1.75,,,,B級,,,,,,,25%,審查資料,面試,,,true,true,,,true,true,,,,,,true,,true,true,true,true,true,,,學測國英社級分總和,指定項目甄試成績,學測英文級分,學測國文級分
國立高雄師範大學,地理學系,022032,17,51,2,無,無,115.5.18,均標,6,*1.00,,12,*1.00,,,,,,,均標,3,*1.25,,,,,,,,,,,50%,審查資料,面試,,,true,true,,,true,true,true,,,,,true,true,true,true,true,true,true,,,學測國英社級分總和,學測社會級分,面試,審查資料
國立高雄師範大學,數學系數學組,022042,18,54,2,無,無,115.5.18,,,,,,,,,,,,,,,,,,,,,,,,,,,,,,,true,true,,true,,true,,,,true,,,true,true,true,true,true,true,,,面試,學測數學A級分,審查資料,學測英文級分
國立高雄師範大學,數學系應用數學組,022052,15,45,2,無,無,115.5.18,,,,,,,,,,,,,,,,,,,,,,,,,,,,,,,true,true,,true,,true,,,,true,,,true,true,true,true,true,true,,,面試,學測數學A級分,審查資料,學測英文級分
國立高雄師範大學,化學系,022062,20,60,2,1,無,115.5.18,,,,,,,,,,,,,,,,,,,,,,,,,,,,,,,true,true,true,true,,true,,,,true,true,,,true,true,true,true,,,,學測英數A自級分總和,學測自然級分,學測英文級分,學測數學A級分
國立高雄師範大學,物理學系,022072,18,54,1,無,無,115.5.18,,,,,,,,,,,,,,,,,,,,,,,,,,,,,,,true,,,true,,true,,,,,,,true,true,,,,,,,團體面試,學測數學A級分,學測自然級分,審查資料
國立高雄師範大學,生物科技系,022082,19,57,3,1,無,115.5.18,,,*1.00,,,*1.00,,,,,,,,,,均標,,*1.00,,,,國英自,,3,,45%,審查資料,生物科能力檢定,,,true,true,,true,,true,,,,,true,true,true,true,,true,true,true,,,審查資料,生物科能力檢定,學測自然級分,學測英文級分
國立高雄師範大學,教育學系,022092,14,49,1,無,無,115.5.18,,10,*1.50,均標,5,*1.50,,,,,3.5,*1.50,,,*1.00,,,,,,,,,,,40%,審查資料,面試,,,true,true,true,,,true,true,,true,,,,true,true,true,true,true,true,,,學科能力測驗成績,面試,審查資料,學測國英數B社級分總和
國立高雄師範大學,特殊教育學系,022102,17,51,2,無,無,115.5.18,均標,5,*1.25,,,,,,,,3,*1.00,,,,,,,,,,,,,,40%,審查資料,面試,,,true,true,,,,true,true,true,true,,,,,true,true,true,true,,,,面試,審查資料,學測國數B級分總和,學測國文級分
國立高雄師範大學,事業經營學系,022112,14,49,1,無,無,115.5.18,,,*1.50,均標,3.5,*2.00,,,,均標,4.5,*2.00,,,,,,,,,,,,,,40%,審查資料,面試,,,true,true,true,,true,true,,,true,true,,,true,true,true,true,true,,,,面試,學測英文級分,學測數學B級分,學測國文級分
國立高雄師範大學,工業科技教育學系科技教育與訓練組,022122,11,50,2,無,無,115.5.18,,,*1.00,,4.5,*1.00,後標,4.5,*1.00,,,,,,,均標,4.5,*1.00,,,,,,,,30%,審查資料,面試,,,true,true,true,true,,true,true,true,,true,,,,true,true,true,true,true,,,學科能力測驗成績,學測英文級分,學測數學A級分,學測自然級分
國立高雄師範大學,工業科技教育學系能源與冷凍空調組,022132,7,42,1,無,無,115.5.18,,,*1.00,,6,*1.00,後標,6,*1.00,,,,,,,均標,6,*1.00,,,,,,,,30%,審查資料,面試,,,true,true,true,true,,true,true,true,,true,,,,true,true,true,true,true,,,學科能力測驗成績,學測數學A級分,學測英文級分,學測自然級分
國立高雄師範大學,工業設計學系(A組),022142,8,48,1,無,無,115.5.18,,6,*1.00,均標,6,*1.00,底標,,,底標,,,均標,6,,,,,,,,,,,,30%,審查資料,面試,,,,,true,,,true,true,,,true,true,,,true,true,true,true,true,,,面試,審查資料,學測英文級分,學測社會級分
國立高雄師範大學,工業設計學系(B組),022152,7,49,1,無,無,115.5.18,,7,*1.00,均標,7,*1.00,底標,,,底標,,,,,,均標,7,,,,,,,,,30%,審查資料,面試,,,,,true,,,true,true,,,true,true,,,true,true,true,true,true,,,面試,審查資料,學測英文級分,學測國文級分
國立高雄師範大學,電機工程學系,022162,17,51,2,無,無,115.5.18,,,,,,,,,,,,,,,,,,,,,,,,,,,,,,,true,true,,true,,true,,true,,true,,,true,true,true,true,true,,,,面試,學測數學A級分,學測英文級分,學測自然級分
國立高雄師範大學,電子工程學系,022172,20,60,2,無,無,115.5.18,,,*1.00,,,*1.00,,,*1.00,,,,,,,均標,,*1.00,,,,國英數A自,,3,,50%,審查資料,面試,,,true,true,,true,,true,true,,,true,,,true,true,,true,true,true,,,學測國英數A自級分總和,面試,學測自然級分,學測數學A級分
國立高雄師範大學,軟體工程與管理學系,022182,10,50,1,無,無,115.5.18,,,,,,,,,,,,,,,,,,,,,,,,,,,,,,,true,true,true,true,,true,,,,,true,true,true,true,true,true,true,true,,,審查資料,學測數學A級分,學測英文級分,面試
國立高雄師範大學,軟體工程與管理學系(APCS組),022192,3,48,無,無,無,115.5.18,,16,*1.00,,16,*1.00,後標,16,*1.00,,,,,,,,,,,,,,,,,30%,審查資料,面試,APCS,,true,true,true,true,,true,,,,,true,true,true,true,true,true,true,true,,,審查資料,學測數學A級分,學測英文級分,面試
國立高雄師範大學,軟體工程與管理學系(資安組),022202,3,50,無,無,無,115.5.18,,16.5,*1.00,,16.5,*1.00,後標,16.5,*1.00,,,,,,,,,,,,,,,,,30%,審查資料,面試,APCS,,true,true,true,true,,true,,,,,true,true,true,true,true,true,true,true,,,審查資料,學測數學A級分,學測英文級分,面試
國立高雄師範大學,音樂學系,022212,28,420,1,無,無,,,,*1.00,,,*1.00,,,,,,,,,,,,,,,,,,,,10%,審查資料,主修原始成績,,,true,true,true,,,true,,true,,true,true,,,true,,,,,,,主修術科考試,學測國文級分,聽寫術科考試,副修術科考試
國立高雄師範大學,美術學系,022222,17,85,1,無,無,115.5.18,,,*1.00,,,*1.00,,,,,,,,,,,,,,,,國英,,5,,20%,審查資料,面試,,,true,true,true,,,,true,,,true,true,,true,true,,true,,true,,,審查資料,術科考試成績,學科能力測驗成績,素描術科考試
國立高雄師範大學,視覺設計學系,022232,15,90,1,1,無,,,,*1.00,,,*1.00,,,,,,,,,,,,,,,,國英,,7,,35%,審查資料,,,,,,,,,true,,,,true,,,,true,,true,true,true,,,審查資料,術科考試成績,學科能力測驗成績,創意表現術科考試
國立高雄師範大學,體育學系,022242,9,54,1,2,無,115.5.18,均標,6,*2.00,,6,*1.25,,,,,6,*1.00,,,,,,,,,,,,,,40%,審查資料,面試,,,true,true,,,,true,,,,true,,true,true,true,true,true,true,true,,,學測國文級分,學測英文級分,體育(百分等級)術科考試,
國立彰化師範大學,輔導與諮商學系學校輔導與諮商組,023012,16,48,3,無,無,115.5.23,前標,3,*2.00,前標,,*1.00,,,,均標,,*1.00,均標,,*1.00,,,,,,,國英數B社,,5,,37%,審查資料,面試(含人際溝通),,,true,true,,,true,true,true,,true,true,,,,true,true,true,true,,,,面試(含人際溝通),學科能力測驗成績,審查資料,學測英文級分
國立彰化師範大學,輔導與諮商學系社區輔導與諮商組,023022,13,39,3,無,無,115.5.23,前標,3,*2.00,前標,,*1.00,,,,均標,,*1.00,均標,,*1.00,,,,,,,國英數B社,,5,,37%,審查資料,面試(含人際溝通),,,true,true,,,true,true,true,,true,true,,,,true,true,true,true,,,,面試(含人際溝通),學科能力測驗成績,審查資料,學測英文級分
國立彰化師範大學,特殊教育學系,023032,14,42,無,無,無,115.5.23,均標,3,*1.25,,5,*1.00,,,,,,*1.00,,,,,,,,,,,,,,40%,審查資料,面試,,,true,true,true,,,true,true,,true,,,,true,true,true,true,true,,,,面試,審查資料,學測國文級分,學測英文級分
國立彰化師範大學,數學系,023042,35,105,6,無,無,115.5.17,,,*1.00,,8,*1.50,前標,3,*2.00,,,,,,,,,*1.50,,,,國英數A自,,10,,50%,審查資料,面試,,,true,true,,,,true,true,true,,true,,,,true,true,true,true,,,,學測數學A級分,學測英文級分,審查資料,面試
國立彰化師範大學,物理學系物理組,023052,19,57,3,無,無,115.5.23,,,,,,,,,,,,,,,,,,,,,,,,,,,,,,,true,,,true,,true,,,,,,,,true,,true,,,,,學測數學A級分,學測自然級分,面試,審查資料
國立彰化師範大學,物理學系光電組,023062,19,57,3,無,無,115.5.23,,,,,,,,,,,,,,,,,,,,,,,,,,,,,,,true,,,true,,true,,,,,,,,true,,true,,,,,學測數學A級分,學測自然級分,面試,審查資料
國立彰化師範大學,生物學系,023072,18,54,3,無,無,115.5.23,,,*1.00,均標,3,*1.00,,,,,,,,,,均標,5,*1.00,,,,,,,,25%,審查資料,面試,,,true,true,true,true,,true,true,,,true,true,,,true,,true,true,,,,面試,審查資料,學測自然級分,學測英文級分
國立彰化師範大學,化學系,023082,21,63,4,無,無,115.5.23,,,,,,,,,,,,,,,,,,,,,,,,,,,,,,,true,true,,true,,true,,,,true,,,true,true,true,true,,,,,面試,審查資料,學科能力測驗成績,學測自然級分
國立彰化師範大學,智慧車輛工程學系,023092,5,30,1,無,無,115.5.17,,,*1.00,均標,7,*1.00,均標,8,*1.00,,,,,,,均標,6,*1.00,,,,國英數A自,,10,,50%,審查資料,面試,,,true,true,,true,,,,,,true,,true,true,true,true,true,true,,,,審查資料,學科能力測驗成績,學測數學A級分,學測自然級分
國立彰化師範大學,英語學系,023102,19,57,3,無,無,115.5.18,,8,*1.25,均標,3,*2.00,,,,,,,,8,*1.00,,,,,,,,,,,40%,審查資料,面試,,,true,true,true,,true,true,,,,,,true,,true,true,true,true,,,,面試,審查資料,學測英文級分,學測國文級分
國立彰化師範大學,國文學系,023112,28,84,6,無,無,115.5.22,均標,3,*1.50,,,,,,,,,,均標,6,*1.00,,,,,,,,,,,35%,審查資料,面試,,,true,true,true,,,true,,,,,,,true,true,,true,true,,,,學科能力測驗成績,面試,審查資料,學測國文級分
國立彰化師範大學,地理學系,023122,19,57,3,無,無,115.5.22,,,,,,,,,,,,,,,,,,,,,,,,,,,,,,,true,true,true,true,true,true,,true,,true,,,true,true,,true,true,,,,面試,學科能力測驗成績,學測社會級分,學測英文級分
國立彰化師範大學,機電工程學系,023132,18,54,4,無,無,115.5.21,均標,,*1.00,均標,,*2.00,均標,6,*2.00,,,,,,,均標,3,*2.00,,,,,,,,40%,審查資料,面試,,,true,true,,true,,true,,,,true,true,,,true,true,true,true,,,,學科能力測驗成績,審查資料,學測數學A級分,學測自然級分
國立彰化師範大學,電機工程學系,023142,17,51,3,無,無,115.5.21,,,,,,,,,,,,,,,,,,,,,,,,,,,,,,,true,true,true,true,,true,,,,true,true,,,true,,,,,,,面試,學科能力測驗成績,審查資料,學測數學A級分
國立彰化師範大學,電子工程學系,023152,21,63,4,無,無,115.5.21,,,*1.00,均標,3,*1.00,均標,3,*1.00,,,,,,,均標,3,*1.00,,,,國英數A自,,5,,50%,審查資料,面試,,,true,true,,true,,,,,,true,,true,true,true,true,true,true,,,,學科能力測驗成績,審查資料,學測自然級分,學測數學A級分
國立彰化師範大學,資訊工程學系,023162,13,46,3,無,無,115.5.18,,,,,,,,,,,,,,,,,,,,,,,,,,,,,,,true,true,true,true,,true,,,,true,,true,,true,true,,true,,,,學科能力測驗成績,面試,審查資料,學測數學A級分
國立彰化師範大學,資訊工程學系(APCS組),023172,1,10,無,無,無,115.5.18,,,,,,,,,,,,,,,,,,,,,,,,,,,,,,,true,true,true,true,,true,,,,true,,true,,true,true,,true,,,,APCS,面試,學科能力測驗成績,審查資料
國立彰化師範大學,企業管理學系,023182,21,63,4,無,無,115.5.24,均標,3,*1.00,均標,8,*2.00,後標,,,均標,,,,,,,,,,,,,,,,50%,審查資料,面試,,,true,true,,,,true,,true,,,,,,true,true,true,true,,,,面試,學測英文級分,學測國文級分,學科能力測驗成績
國立彰化師範大學,會計學系,023192,27,81,8,無,無,115.5.23至115.5.24,均標,6,*1.50,均標,3,*2.00,後標,,,均標,,,,,,,,,,,,,,,,40%,審查資料,面試,,,true,true,,true,true,true,,,true,true,,true,,true,,true,,,,,學測英文級分,學測國文級分,面試,審查資料
國立彰化師範大學,資訊管理學系資訊管理組,023202,11,44,1,無,無,115.5.23,,,,,,,,,,,,,,,,,,,,,,,,,,,,,,,true,true,,,,true,,,,,,,true,true,,,,,,,學測英文級分,學測數學B級分,審查資料,面試
國立彰化師範大學,資訊管理學系數位內容科技與管理組,023212,9,36,1,無,無,115.5.23,,,,,,,,,,,,,,,,,,,,,,,,,,,,,,,true,true,,,,true,,,,,,,true,true,,,,,,,學測英文級分,學測數學B級分,審查資料,面試
國立彰化師範大學,公共事務與公民教育學系公民教育組,023222,9,45,1,無,無,115.5.22,,,*1.25,,6,*1.25,,,,,,,均標,5,*2.00,,,,,,,國英社,,8,,40%,審查資料,面試,,,true,true,,,true,true,,,,,,,,true,,,,,,,面試,審查資料,學測社會級分,學測國文級分
國立彰化師範大學,公共事務與公民教育學系公共事務組,023232,9,45,1,無,無,115.5.22,,,*1.25,,6,*1.25,,,,,,,均標,5,*2.00,,,,,,,國英社,,8,,40%,審查資料,面試,,,true,true,,,true,true,,,,,,,,true,,,,,,,面試,審查資料,學測社會級分,學測國文級分
國立彰化師範大學,揚鷹招生A組(教社),023242,3,30,無,無,無,,均標,10,*1.50,,,*1.00,,,,,,,,,,,,,,,,國英,,12,,40%,審查資料,,,,true,true,,,,true,,,,,,,,true,true,true,true,true,true,true,審查資料,學科能力測驗成績,學測國文級分,學測英文級分
國立彰化師範大學,揚鷹招生B組(文),023252,3,30,無,無,無,,,,*1.00,,,*1.00,,,,,,,均標,,*1.00,,,,,,,國英,,10,,40%,審查資料,,,,true,true,true,,,true,,,,,,,,true,true,true,true,true,true,true,審查資料,學科能力測驗成績,學測英文級分,學測國文級分
國立彰化師範大學,揚鷹招生C組(管理),023262,3,30,無,無,無,,,,,,,,,,,,,,,,,,,,,,,,,,,,,,,,true,true,,,,true,,,,,,,,true,true,true,true,true,true,true,審查資料,學科能力測驗成績,學測英文級分,學測數學B級分
國立彰化師範大學,揚鷹招生D組(理),023272,4,40,無,無,無,,,,,,,,,,,,,,,,,,,,,,,,,,,,,,,,true,true,,,,true,,,,,,,,true,true,true,true,true,true,true,審查資料,學科能力測驗成績,學測數學A級分,學測自然級分
國立彰化師範大學,揚鷹招生E組(工),023282,8,40,無,無,無,,,,,,,,,,,,,,,,,,,,,,,,,,,,,,,,true,true,,true,,true,,,,true,,,,true,true,true,true,true,true,true,審查資料,學科能力測驗成績,學測數學A級分,學測自然級分
國立彰化師範大學,美術學系,023292,21,84,2,無,無,115.5.20至115.5.21,,,,,,,,,,,,,,,,,,,,,,,,,,,,,,,true,,true,,true,true,,,,true,true,,,true,,,,true,true,,面試,審查資料,術科考試成績,素描術科考試
國立彰化師範大學,運動學系(競技運動與表演藝術組),023302,34,340,3,無,無,115.5.20,,,*1.00,,,*1.00,,,,,,,,,,,,,,,,國英,,10,,10%,審查資料,專長測驗,,,true,true,,,,,,,,true,,true,,true,true,,,,,,專長測驗,審查資料,學科能力測驗成績,學測英文級分
國立彰化師範大學,運動學系(運動健康組),023312,8,48,2,無,無,115.5.19,,,*1.00,,6,*1.00,,,,,,,,,,,,,B級,,,國英,,7,,40%,審查資料,面試,,,true,true,,,,,,,,true,,true,,true,true,true,,,,,面試,學科能力測驗成績,審查資料,學測英文級分
中山醫學大學,醫學系,026012,70,210,無,無,無,115.5.16至115.5.17,頂標,3,*1.00,頂標,3,*1.00,頂標,8,*1.00,,,,,,,頂標,8,*1.00,,,,,,,,20%,審查資料,面試,,,true,true,,true,,true,true,,true,,,,true,true,true,,,,,,面試,學測英文級分,學測數學A級分,學測自然級分
中山醫學大學,牙醫學系,026022,27,81,無,3,無,115.5.23至115.5.24,前標,10,*1.00,前標,3,*1.00,前標,8,*1.00,,,,,,,前標,5,*1.00,,,,,,,,20%,審查資料,面試,術科(素描),,true,true,,,,true,,,true,,,,true,true,,true,true,,,,面試,學測英文級分,學測自然級分,學測國英數A自級分總和
中山醫學大學,物理治療學系,026032,14,42,2,無,無,115.5.16至115.5.17,,,*1.50,均標,3,*1.00,,,,,,,,,,均標,5,*1.00,,,,,,,,10%,審查資料,面試,,,true,true,,,,true,,,,,,,,true,true,true,true,,,,面試,學測英文級分,學測自然級分,審查資料
中山醫學大學,職能治療學系(A組),026042,10,50,1,無,無,115.5.16至115.5.17,,,,,,,,,,,,,,,,,,,,,,,,,,,,,,,true,,,true,,true,,,true,,,true,true,true,true,true,true,,,,學測英文級分,學測自然級分,審查資料,面試
中山醫學大學,職能治療學系(B組),026052,8,40,1,無,無,115.5.16至115.5.17,,,,,,,,,,,,,,,,,,,,,,,,,,,,,,,true,,,true,,true,,,true,,,true,true,true,true,true,true,,,,學測英文級分,學測社會級分,審查資料,面試
中山醫學大學,語言治療與聽力學系語言治療組,026062,25,75,1,2,無,115.5.16至115.5.17,,3,*1.00,,3,*1.50,,3,*1.00,,,,,,,後標,3,*1.00,,,,,,,,30%,審查資料,面試,,,true,,,true,,true,,,true,,,,,true,true,true,true,,,,面試,學測英文級分,學測國文級分,學測自然級分
中山醫學大學,語言治療與聽力學系聽力組,026072,25,75,1,無,無,115.5.16至115.5.17,,3,*1.00,,3,*1.50,,3,*1.00,,,,,,,後標,3,*1.50,,,,,,,,30%,審查資料,面試,,,true,,,true,,true,,,,,,,,true,true,true,true,,,,面試,學測英文級分,學測自然級分,學測國文級分
中山醫學大學,生物醫學科學學系,026082,34,102,4,無,無,115.5.23至115.5.24,,,*1.00,,,*1.50,後標,,,,,,,,,後標,3,*2.00,,,,國英,,10,,20%,審查資料,面試,,,true,true,,true,,true,true,,,,true,,,true,true,true,true,true,,,面試,學測自然級分,學測英文級分,審查資料
中山醫學大學,視光學系,026092,32,96,1,無,無,115.5.16至115.5.17,後標,6,*1.00,後標,3,*1.00,,,,,,,,,,,,,,,,,,,,20%,審查資料,面試,,,true,true,,,,true,,,,,,,,true,true,true,true,true,,,面試,學測英文級分,學測國文級分,審查資料
中山醫學大學,醫學影像暨放射科學系,026102,38,114,2,無,無,115.5.23至115.5.24,,,*1.00,,5,*1.25,後標,,,後標,,,,,,後標,3,*1.50,,,,,,,,10%,審查資料,面試,,,true,true,,,,true,,,true,true,,,true,true,true,true,,true,,,面試,審查資料,學測自然級分,學測英文級分
中山醫學大學,心理學系,026112,24,72,3,無,無,115.5.16至115.5.17,,,*1.50,後標,,*2.00,,,*1.00,,,,,,,,,,,,,國英,,3,,20%,審查資料,面試,,,true,true,,,,true,,,,,,,true,true,true,true,,,,,面試,學測英文級分,學測數學A級分,學測國文級分
中山醫學大學,營養學系(A組),026122,18,54,1,無,無,115.5.16至115.5.17,,,,,,,,,,,,,,,,,,,,,,,,,,,,,,,true,true,,,,true,,,true,true,,,,true,true,true,true,,,,面試,審查資料,學測自然級分,學測英文級分
中山醫學大學,營養學系(B組),026132,16,48,1,無,無,115.5.16至115.5.17,後標,3,*2.00,,3,*2.00,,,,,,,,3,*1.00,,,,,,,,,,,10%,審查資料,面試,,,true,true,,,,true,,,true,true,,,,true,true,true,true,,,,面試,審查資料,學測國文級分,學測英文級分
中山醫學大學,職業安全衛生學系,026142,30,90,2,無,無,115.5.16至115.5.17,底標,,*1.00,底標,,*1.00,,,,,,,,,,底標,,*1.00,,,,國英自,,3,,20%,審查資料,面試,,,true,true,,,,true,,true,,,true,,true,true,true,true,true,,,,學測自然級分,審查資料,面試,學測英文級分
中山醫學大學,醫學應用化學系(A組),026152,12,48,1,無,無,115.5.16,,,*1.00,,,,,,*1.00,,,,,,,均標,,*1.50,,,,國數A自,,4,,10%,審查資料,面試,,,true,true,,true,,true,,,,,,,,true,,true,,,,,面試,學測自然級分,學測數學A級分,審查資料
中山醫學大學,醫學應用化學系(B組),026162,10,50,2,無,無,115.5.17,,,*1.00,,,,,,,,,,,,,均標,,*1.50,,,,國自,,5,,10%,審查資料,面試,,,true,true,,true,,true,,,,,,,,true,,true,,,,,面試,學測自然級分,審查資料,
中山醫學大學,健康產業科技管理學系,026172,31,93,2,無,無,115.5.16至115.5.17,,3,*1.00,底標,,*1.00,,,,,,,,,,,,*1.00,,,,,,,,20%,審查資料,面試,,,true,true,,,,true,,,,,,,,true,true,,,true,,,學測自然級分,學測國文級分,學測英文級分,面試
中山醫學大學,護理學系,026182,57,171,2,無,無,115.5.16至115.5.17,,,*1.00,,3,*1.00,,,,,,,,,,底標,,*1.00,,,,國英自,,10,,20%,審查資料,面試,,,true,true,,,,true,,,true,,,true,,true,true,true,true,,,,面試,學測自然級分,學測英文級分,學測國文級分
中山醫學大學,醫學檢驗暨生物技術學系,026192,38,114,3,無,無,115.5.23至115.5.24,,,,,,,,,,,,,,,,,,,,,,,,,,,,,,,true,true,,,,true,,,,,,,,true,,true,,,,,面試,審查資料,學測自然級分,學測英文級分
中山醫學大學,應用外國語言學系,026202,26,78,1,無,無,115.5.16至115.5.17,,3,*1.00,均標,3,*2.00,,,,,,,,3,*1.00,,,,,,,,,,,20%,審查資料,面試,,,true,true,,,,true,true,,,true,,true,,true,true,true,true,,,,學測英文級分,面試,審查資料,
中山醫學大學,公共衛生學系(A組),026212,18,54,2,無,無,115.5.16至115.5.17,底標,,*1.00,,,*1.00,,,,,,,,,,,,*1.00,,,,國自,,3,,20%,審查資料,面試,,,true,true,,,,true,true,true,,,,,true,true,true,true,,,,,審查資料,面試,學測自然級分,學測國文級分
中山醫學大學,公共衛生學系(B組),026222,18,54,2,無,無,115.5.16至115.5.17,底標,10,*1.00,,,*1.00,,,,,,,,3,*1.00,,,,,,,,,,,20%,審查資料,面試,,,true,true,,,,true,true,true,,,,,true,true,true,true,,,,,審查資料,面試,學測社會級分,學測國文級分
中山醫學大學,醫學社會暨社會工作學系,026232,55,165,8,無,無,115.5.16至115.5.17,,3,*1.00,,,*1.00,,,,,,,後標,3,*1.00,,,,,,,,,,,20%,審查資料,面試,,,true,true,,,true,true,true,true,true,,,,,true,true,true,true,,,,面試,學測國文級分,審查資料,學測社會級分
中山醫學大學,醫學資訊學系,026242,22,66,2,無,無,115.5.16,,,*1.00,後標,5,*1.50,後標,3,*1.50,,,,,,,,,*1.00,,,,,,,,20%,審查資料,面試,,,true,true,,,,,true,,,true,,true,true,true,,true,true,,,,面試,學測英文級分,學測數學A級分,審查資料
中山醫學大學,醫學資訊學系(APCS組),026252,3,15,無,無,無,115.5.17,,,*1.00,底標,5,*1.50,後標,5,*1.50,,,,,,,,,*1.00,,,,,,,,20%,審查資料,面試,,,true,true,,,,,true,,,true,,true,true,true,,true,true,,,,面試,學測英文級分,學測數學A級分,審查資料
中山醫學大學,醫療產業科技管理學系,026262,19,57,2,無,無,115.5.16至115.5.17,,,,,,,,,,,,,,,,,,,,,,,,,,,,,,,true,true,,,,true,,,,,,,,true,true,true,true,true,,,面試,學測英文級分,學測數學B級分,學科能力測驗成績
國立中山大學,中國文學系,027012,15,45,1,無,無,115.5.16,前標,3,*2.00,,,*1.00,,,,,,,,,*1.00,,,,,,,國英社,,10,,40%,審查資料,面試,,,true,true,true,,true,true,true,,,true,,true,,true,true,true,true,,,,面試,審查資料,學測國文級分,學測英文級分
國立中山大學,外國語文學系,027022,24,72,1,無,無,115.5.16,均標,8,*1.25,前標,3,*2.00,,,,,,,均標,8,*1.00,,,,,,,,,,,40%,審查資料,面試,,,true,true,true,,,true,true,,,true,,true,,true,true,true,true,,,,學科能力測驗成績,審查資料,面試,學測英文級分
國立中山大學,劇場藝術學系,027032,30,180,1,無,無,115.5.16至115.5.17,均標,8,*1.50,後標,6,*1.50,,,,,,,,,,,,,,,,,,,,10%,審查資料,面試(含術科考試),,,true,true,true,,true,true,true,,,true,,,true,true,true,true,true,true,,,面試(含術科考試),審查資料,學測國英級分總和,學測國文級分
國立中山大學,生物科學系,027042,12,48,2,無,無,115.5.16,,,*1.00,均標,20,*1.00,均標,10,*1.00,,,,,,,前標,4,*1.00,,,,,,,,30%,審查資料,面試,,,true,true,true,true,,true,,,,true,true,,true,true,true,true,true,,,,面試,學測自然級分,學測數學A級分,學測國英數A自級分總和
國立中山大學,生物科學系英語組,027052,11,44,無,無,無,115.5.16,均標,,*1.00,均標,10,*1.50,均標,10,*1.00,,,,,,,前標,4,*1.00,,,,,,,,30%,審查資料,面試,,,true,true,true,true,,true,,,,true,true,,true,true,true,true,true,,,,面試,學測自然級分,學測數學A級分,學測國英數A自級分總和
國立中山大學,化學系,027062,9,50,1,無,無,115.5.16至115.5.17,,,*1.00,,10,*1.00,均標,,*1.00,,,,,,,均標,,*1.00,,,,國數A自,,5.5,,40%,審查資料,面試,,,true,true,true,true,,true,,true,,,,true,true,true,true,true,true,,,,面試,學科能力測驗成績,學測自然級分,審查資料
國立中山大學,化學系英語組,027072,8,48,無,無,無,115.5.16至115.5.17,,,*1.00,前標,,*1.00,均標,,*1.00,,,,,,,均標,,*1.00,A級,,,國英數A自,,6,,40%,審查資料,面試,,,true,true,true,true,,true,,true,,,,true,true,true,true,true,true,,,,面試,學科能力測驗成績,學測自然級分,審查資料
國立中山大學,物理學系,027082,12,48,1,無,無,115.5.16,均標,,*1.00,均標,4,*2.00,均標,4,*1.50,,,,,,,均標,4,*1.50,,,,,,,,30%,審查資料,面談,,,true,true,true,true,,true,,,,true,,true,true,true,true,true,true,true,,,學測國英數A自級分總和,學測數學A級分,學測英文級分,學測自然級分
國立中山大學,物理學系量子科技組(全英),027092,11,50,1,無,無,115.5.16,,,,,,,,,,,,,,,,,,,,,,,,,,,,,,,true,true,true,true,,true,,,,true,,true,true,true,true,true,true,true,true,,學測英數A自級分總和,學測英文級分,學測數學A級分,學測自然級分
國立中山大學,應用數學系,027102,14,49,1,無,無,,,,*1.00,均標,,*1.00,均標,3.5,*2.00,,,,,,,均標,,*1.00,,,,國英數A自,,5,,50%,審查資料,,,,true,true,true,true,,true,,,,,true,true,true,true,true,true,true,,,,學測數學A級分,學科能力測驗成績,學測國英數A自級分總和,學測自然級分
國立中山大學,應用數學系英語組,027112,16,48,1,無,無,,,,*1.00,均標,5,*2.00,均標,3,*2.00,,,,,,,,,*1.00,,,,國英數A自,,7,,50%,審查資料,,,,true,true,true,true,,true,,,,,true,true,true,true,true,true,true,,,,學測數學A級分,學科能力測驗成績,學測國英數A自級分總和,學測英文級分
國立中山大學,電機工程學系,027122,25,75,1,1,無,,,,,,,,,,,,,,,,,,,,,,,,,,,,,,,,true,true,true,true,,true,,,,true,true,true,,true,true,true,true,true,,,學科能力測驗成績,學測數學A級分,學測自然級分,
國立中山大學,電機工程學系英語組,027132,27,81,無,無,無,,,,,,,,,,,,,,,,,,,,,,,,,,,,,,,,true,true,true,true,,true,,,,true,true,true,,true,true,true,true,true,,,學科能力測驗成績,學測數學A級分,學測自然級分,
國立中山大學,電機工程學系(APCS組),027142,3,15,無,無,無,,,,,,,,,,,,,,,,,,,,,,,,,,,,,,,,true,true,true,true,,true,,,,true,true,true,,true,true,true,true,true,,,學測英數A自級分總和,學測數學A級分,學測英文級分,
國立中山大學,機械與機電工程學系,027152,38,114,1,無,無,,,,,,,,,,,,,,,,,,,,,,,,,,,,,,,,true,,true,true,,true,,,,true,,true,true,true,true,true,true,true,,,學測自然級分,學測數學A級分,學測英文級分,審查資料
國立中山大學,機械與機電工程學系全英語組,027162,27,81,無,無,無,,,,,,,,,,,,,,,,,,,,,,,,,,,,,,,,true,,true,true,,true,,,,true,,true,true,true,true,true,true,true,,,學測自然級分,學測數學A級分,審查資料,學測英文級分
國立中山大學,資訊工程學系,027172,25,75,1,2,無,115.5.16,均標,10,*1.00,均標,3,*1.00,前標,3,*1.00,,,,,,,前標,6,*1.00,,,,國英數A自,,4,,40%,審查資料,團體面談及心得報告,,,true,,,true,,true,,,,true,,true,true,true,true,true,true,,,,審查資料,學測數學A級分,學測自然級分,學測英文級分
國立中山大學,資訊工程學系全英語學士班,027182,16,48,無,無,無,115.5.16,均標,,*1.00,前標,,*1.00,前標,3,*1.00,,,,,,,均標,5,*1.00,,,,國英數A自,,8,,40%,審查資料,面試,,,true,,,true,,true,,,,true,,true,true,true,true,true,true,true,,,審查資料,學測數學A級分,學測英文級分,學測自然級分
國立中山大學,光電工程學系,027192,12,36,1,無,無,115.5.18,,,,,,,,,,,,,,,,,,,,,,,,,,,,,,,true,true,true,true,,true,true,,,true,,,true,true,true,true,true,,,,面試,審查資料,學測數學A級分,學測自然級分
國立中山大學,光電工程學系全英語組,027202,16,48,無,無,無,115.5.18,,,,,,,,,,,,,,,,,,,,,,,,,,,,,,,true,true,true,true,,true,true,,,true,,,true,true,true,true,true,,,,面試,審查資料,學測數學A級分,學測自然級分
國立中山大學,材料與光電科學學系,027212,14,49,無,1,無,115.5.16,均標,5,*1.00,均標,5,*1.00,前標,3.5,*1.00,,,,,,,前標,3.5,*1.00,,,,,,,,40%,審查資料,面試,,,true,true,true,true,,true,true,,,true,,,true,true,true,,true,,,,面試,審查資料,學測數學A級分,學測自然級分
國立中山大學,材料與光電科學學系全英語組,027222,13,46,無,無,無,115.5.16,,,,,,,,,,,,,,,,,,,,,,,,,,,,,,,true,true,true,true,,true,true,,,true,,,true,true,true,,true,,,,面試,審查資料,學測數學A級分,學測自然級分
國立中山大學,企業管理學系,027232,38,114,無,1,無,,,,,,,,,,,,,,,,,,,,,,,,,,,,,,,,true,true,,,true,,true,,true,,,true,true,true,,true,true,,,,審查資料,學測英數B級分總和,學測英文級分,學測數學B級分
國立中山大學,資訊管理學系,027242,26,78,無,1,無,115.5.18,,3,*1.00,均標,3,*1.50,均標,3,*2.00,,,,,,,,,,,,,,,,,40%,審查資料,面試,,,true,true,,,,true,true,,,,,,true,true,true,true,true,,,,審查資料,面試,學測國英數A級分總和,學測數學A級分
國立中山大學,財務管理學系,027252,26,78,2,2,無,115.5.18,均標,,*1.00,均標,3,*1.50,均標,8,*1.50,,,,,,,,,,,,,,,,,30%,審查資料,面試,,,true,true,,,true,true,true,,,,,true,true,true,true,true,true,,,,面試,審查資料,學測國英數A級分總和,學測數學A級分
國立中山大學,國際經營管理全英語學士學位學程,027262,14,49,無,無,無,115.5.18,,,,,,,,,,,,,,,,,,,,,,,,,,,,,,,true,true,,,true,,,true,,true,,true,true,true,,true,true,,,,審查資料,面試,學測英文級分,學測數學B級分
國立中山大學,海洋生物科技暨資源學系,027272,19,57,2,無,無,115.5.16,,,,,,,,,,,,,,,,,,,,,,,,,,,,,,,true,true,,true,,true,,,,true,,true,true,true,true,true,true,,,,學測英自級分總和,學測英文級分,學測自然級分,面試
國立中山大學,海洋環境及工程學系,027282,26,78,2,1,無,115.5.16,,,,,,,,,,,,,,,,,,,,,,,,,,,,,,,true,true,,true,,true,,,,true,,true,true,true,true,true,true,,,,學科能力測驗成績,審查資料,面試,指定項目甄試成績
國立中山大學,海洋科學系,027292,20,60,2,無,無,115.5.16,,,*1.00,均標,5,*1.00,均標,3,*1.00,,,,,,,均標,6,*1.00,,,,,,,,30%,審查資料,面試,,,true,true,,true,,true,,,,true,,true,true,true,true,true,true,,,,面試,學測國英數A自級分總和,學測自然級分,學測數學A級分
國立中山大學,政治經濟學系,027302,28,84,無,無,無,115.5.16,,,*1.00,均標,3,*1.50,均標,,,均標,,,,,,,,,,,,國英,,5,,40%,審查資料,面試,筆試,,true,true,true,,true,true,true,,,,true,,true,true,true,true,true,,,,面試,學科能力測驗成績,學測英文級分,學測國文級分
國立中山大學,社會學系,027312,14,49,3,無,無,115.5.17,,,,,,,,,,,,,,,,,,,,,,,,,,,,,,,true,,,,true,true,true,,,true,,,true,true,true,true,true,,,,面試,學科能力測驗成績,學測社會級分,學測英文級分
國立中山大學,人文暨科技跨領域學系,027322,17,51,1,無,無,115.5.18,均標,3,*1.00,均標,3,*1.50,均標,,,前標,,,,,,,,,,,,,,,,40%,審查資料,面試,,,true,true,true,true,true,true,true,,,,true,,true,true,true,true,true,,,,面試,審查資料,指定項目甄試成績,學科能力測驗成績
國立中山大學,生物醫學科技學系全英語學士班生物醫學組,027332,8,40,無,無,無,115.5.16,,,*1.00,均標,10,*1.50,均標,5,*1.00,,,,,,,均標,10,*1.00,,,,,,,,40%,審查資料,面試,,,true,true,,true,,true,true,,,true,,,true,true,,true,true,,,,面試,學測自然級分,學測數學A級分,學測國英數A自級分總和
國立中山大學,生物醫學科技學系全英語學士班生醫工程組,027342,9,45,1,無,無,115.5.16,均標,,*1.00,均標,10,*1.00,均標,5,*1.50,,,,,,,均標,10,*1.50,,,,,,,,35%,審查資料,面試,,,true,true,true,true,,true,true,,,true,,,true,true,,true,true,,,,面試,學測自然級分,學測數學A級分,學測國英數A自級分總和
國立中山大學,護理學系,027352,29,87,無,無,無,115.5.16至115.5.17,,,*1.00,均標,8,*1.00,後標,,,,,,,,,均標,3,*1.00,,,,,,,,30%,審查資料,面試,,,true,true,,true,,true,,,true,,,true,true,true,true,true,true,true,,,面試,學科能力測驗成績,學測自然級分,學測英文級分
國立中山大學,西灣南星A組(文),027362,2,10,無,無,無,,均標,5,*1.00,均標,5,*1.00,,,,,,,均標,5,*1.00,,,,,,,,,,,50%,審查資料,,,,true,true,,,true,true,,,true,,,,true,true,true,true,true,true,true,,審查資料,學測英文級分,學測國文級分,學測社會級分
國立中山大學,西灣南星B組(管),027372,5,25,無,無,無,,均標,5,*1.00,均標,5,*1.00,,,,均標,5,*1.00,,,,,,,,,,,,,,50%,審查資料,,,,true,true,,,,true,true,true,,,,,true,true,true,true,true,true,true,,審查資料,學測英文級分,學測數學B級分,學測國文級分
國立中山大學,西灣南星C組(理),027382,4,20,無,無,無,,,,,,,,,,,,,,,,,,,,,,,,,,,,,,,,true,true,,true,,true,,,true,,,true,true,true,true,true,true,true,true,,審查資料,學測自然級分,學測數學A級分,學測英文級分
國立中山大學,西灣南星D組(工),027392,7,35,無,無,無,,,,,,,,,,,,,,,,,,,,,,,,,,,,,,,,true,true,,true,,true,,,,,true,,true,true,true,true,true,true,true,,審查資料,學測自然級分,學測數學A級分,學測英文級分
國立中山大學,西灣南星E組(海),027402,4,20,無,無,無,,,,,,,,,,,,,,,,,,,,,,,,,,,,,,,,true,true,,true,,true,,,true,,,,true,true,true,true,true,true,true,,審查資料,學測英文級分,學測自然級分,學測數學A級分
國立中山大學,西灣南星F組(社),027412,2,10,無,無,無,,均標,5,*1.00,均標,5,*1.00,均標,,,均標,,,均標,5,*1.00,,,,,,,,,,,50%,審查資料,,,,true,true,,,true,true,,,true,,,,true,true,true,true,true,true,true,,審查資料,學測社會級分,學測英文級分,學測國文級分
國立中山大學,西灣南星G組(西灣),027422,1,5,無,無,無,,均標,5,*1.00,均標,5,*1.00,均標,,,前標,,,,,,,,,,,,,,,,50%,審查資料,,,,true,true,,,,true,,,true,,,,true,true,true,true,true,true,true,,審查資料,學測英文級分,學測國文級分,
國立中山大學,西灣南星H組(醫),027432,2,12,無,無,無,,,,*1.00,均標,12,*1.50,均標,9,*1.00,,,,,,,均標,6,*2.00,,,,,,,,40%,審查資料,,,,true,true,,true,,true,true,,true,,,true,,true,true,true,true,true,true,,審查資料,學測國英數A自級分總和,學測自然級分,學測英文級分
國立中山大學,音樂學系,027442,16,240,無,無,無,,,,*1.00,,,*1.00,,,,,,,,,,,,,,,,,,,,5%,審查資料,,,,true,true,,,,true,,,,true,,,true,true,true,true,true,true,,,主修術科考試,聽寫術科考試,樂理術科考試,
國立中山大學,音樂學系創作與應用組,027452,4,32,無,無,無,115.5.17,,,*1.00,,,*1.00,,,,,,,,,,,,,,,,,,,,10%,審查資料,筆試,面試,,true,true,true,,,true,,,,true,true,,true,true,true,true,true,true,,,面試,審查資料,聽寫術科考試,樂理術科考試
國立臺北藝術大學,音樂與影像跨域學士學位學程,028012,4,52,無,無,無,115.5.21至115.5.22,均標,13,,均標,15,,,,,,,,,,,,,,B級,,,,,,,0%,審查資料,面試,,,true,true,,,,true,true,,,true,true,,,true,true,true,true,true,,,面試,學測國文級分,學測英文級分,審查資料
國立臺北藝術大學,劇場設計學系,028022,11,99,無,無,無,115.5.22至115.5.23,均標,9,,均標,10,,,,,,,,,,,,,,,,,,,,,0%,審查資料,面試,,,true,true,,,,true,true,,,true,true,,,true,true,true,true,true,,,面試,學測國文級分,學測英文級分,審查資料
國立臺北藝術大學,新媒體藝術學系,028032,16,128,無,1,無,115.5.22至115.5.23,,,,,,,,,,,,,,,,,,,,,,,,,,,,,,,true,,true,,,,,,,true,true,,,true,,true,true,true,,,面試,學測數學A級分,學測自然級分,學測英文級分
國立臺北藝術大學,新媒體藝術學系(青年儲蓄帳戶組),028042,1,50,無,無,無,115.5.22至115.5.23,前標,,,前標,,,,,,,,,,,,前標,,,,,,,,,,0%,審查資料,面試,,,true,,true,,,,,,,true,true,,,true,,true,true,true,true,,面試,審查資料,,
長庚大學,醫學系,030012,59,177,無,無,無,115.5.15至115.5.18,前標,3,*1.00,前標,3,*1.00,前標,3,*1.00,,,,,,,前標,3,*1.00,,,,,,,,20%,審查資料,面試,,,true,,,true,,,true,true,true,,,,true,true,true,true,true,,,,面試,學測國英數A自級分總和,學測自然級分,審查資料
長庚大學,中醫學系,030022,31,93,無,2,無,115.5.15115.5.16,前標,,*1.00,頂標,6,*1.00,頂標,6,*1.00,,,,,,,頂標,3,*1.00,,,,,,,,30%,審查資料,面試,,,true,true,,true,,true,true,,true,,,true,,true,true,true,true,,,,面試,學測國英數A自級分總和,學測數學A級分,學測自然級分
長庚大學,護理學系,030032,52,156,1,無,無,115.5.16,,,,,,,,,,,,,,,,,,,,,,,,,,,,,,,true,true,,true,true,true,,true,true,,,true,,true,true,true,true,true,,,面試,學測英文級分,學測自然級分,學測英自級分總和
長庚大學,醫學生物技術暨檢驗學系,030042,26,78,1,無,無,115.5.15,,,,,,,,,,,,,,,,,,,,,,,,,,,,,,,true,true,,true,,true,true,true,,,,,true,true,true,true,true,true,,,面試,學測英自級分總和,學測自然級分,學測英文級分
長庚大學,醫學影像暨放射科學系,030052,19,57,1,無,無,115.5.15,,,,,,,,,,,,,,,,,,,,,,,,,,,,,,,true,true,,true,,true,true,true,,,,,,true,true,true,true,true,,,面試,學測英數A自級分總和,學測數學A級分,學測自然級分
長庚大學,物理治療學系,030062,22,66,1,無,無,115.5.15115.5.16,均標,3,*1.00,均標,3,*1.00,,,,,,,,,,均標,3,*1.00,,,,,,,,50%,審查資料,面試,,,true,,true,true,true,true,true,true,true,,,,,true,true,true,true,,,,面試,學測英文級分,學測自然級分,學測國英自級分總和
長庚大學,職能治療學系,030072,21,63,1,1,無,115.5.15115.5.16,,,,,,,,,,,,,,,,,,,,,,,,,,,,,,,true,true,,true,,true,,true,true,,,true,,true,true,true,,true,,,面試,學測英文級分,學測自然級分,學測英自級分總和
長庚大學,生物醫學系,030082,54,162,1,無,無,115.5.15115.5.16,,,,,,,,,,,,,,,,,,,,,,,,,,,,,,,true,true,true,true,,true,,,,,,,,true,true,true,true,true,,,面試,審查資料,學測英文級分,學測自然級分
長庚大學,呼吸治療學系,030092,22,66,1,無,無,115.5.18115.5.19,,,,,,,,,,,,,,,,,,,,,,,,,,,,,,,true,true,,true,,true,true,,true,,true,,,true,true,true,true,true,,,學測英文級分,學測自然級分,面試,審查資料
長庚大學,電機工程學系,030102,52,156,1,無,無,115.5.15115.5.16,,,,,,,,,,,,,,,,,,,,,,,,,,,,,,,true,true,true,true,,true,,,,true,true,,true,true,true,true,true,,,,學測數學A級分,學測自然級分,學測英文級分,學測英數A自級分總和
長庚大學,機械工程學系,030112,17,51,1,無,無,115.5.15115.5.16,,3,*1.00,,,,後標,3,*1.00,,,,,,,,3,*1.00,,,,,,,,50%,審查資料,面試,,,true,true,true,true,,true,true,,,,,,,true,true,,true,,,,學測數學A級分,學測自然級分,學測國文級分,面試
長庚大學,化工與材料工程學系(化學工程組),030122,15,45,1,無,無,115.5.15115.5.16,,,,,,,,,,,,,,,,,,,,,,,,,,,,,,,true,,,true,,true,true,,,true,,,,true,true,true,true,true,,,學測英數A自級分總和,學測數學A級分,學測自然級分,學測英文級分
長庚大學,化工與材料工程學系(材料工程組),030132,21,63,無,無,無,115.5.15115.5.16,,,,,,,,,,,,,,,,,,,,,,,,,,,,,,,true,,,true,,true,true,,,true,,,,true,true,true,true,true,,,學測英數A自級分總和,學測自然級分,學測數學A級分,學測英文級分
長庚大學,電子工程學系,030142,35,105,1,無,無,115.5.14115.5.15115.5.16,,,,,,,,,,,,,,,,,,,,,,,,,,,,,,,true,,,true,,true,,,,true,,true,true,true,true,true,true,true,,,學測自然級分,學測數學A級分,學測英文級分,面試
長庚大學,資訊工程學系,030152,28,84,1,1,無,115.5.15115.5.16,,,,,,,,,,,,,,,,,,,,,,,,,,,,,,,true,true,true,true,,true,,,,true,true,,true,true,true,true,true,,,,學測英數A級分總和,學測數學A級分,學測英文級分,面試
長庚大學,資訊工程學系(資安組),030162,3,18,無,無,無,115.5.15115.5.16,,,,,,,,,,,,,,,,,,,,,,,,,,,,,,,true,true,true,true,,true,,,,true,true,,true,true,true,true,true,,,,學測英數A級分總和,學測數學A級分,學測英文級分,面試
長庚大學,生物醫學工程學系,030172,16,48,1,無,無,115.5.15,,,,,,,,,,,,,,,,,,,,,,,,,,,,,,,true,true,true,true,,true,,true,,,true,,true,true,true,true,true,true,,,面試,學測數學A級分,學測自然級分,學測英文級分
長庚大學,生物醫學工程學系(國際雙聯學位組),030182,2,12,無,無,無,115.5.15,,,,,,,,,,,,,,,,,,,,,,,,,,,,,,,true,true,true,true,,true,,true,,,true,,true,true,true,true,true,true,,,面試,審查資料,學測英文級分,學測數學A級分
長庚大學,人工智慧學系,030192,20,60,1,無,無,115.5.15115.5.16,,,,,,,,,,,,,,,,,,,,,,,,,,,,,,,true,true,true,true,,true,,,,true,true,,true,true,true,true,true,,,,學測英數A自級分總和,面試,學測數學A級分,學測自然級分
長庚大學,人工智慧學系(資安組),030202,4,20,無,無,無,115.5.15115.5.16,,,,,,,,,,,,,,,,,,,,,,,,,,,,,,,true,true,true,true,,true,,,,true,true,,true,true,true,true,true,,,,學測英數A自級分總和,面試,學測數學A級分,學測英文級分
長庚大學,醫務管理學系,030212,27,81,1,無,無,115.5.15115.5.16,,3,*1.00,均標,3,*1.50,後標,,,均標,,,,,,,,,,,,,,,,50%,審查資料,面試,,,true,true,,,,true,true,true,true,,,,,true,true,true,true,true,,,面試,學測英文級分,學測國文級分,審查資料
長庚大學,工商管理學系,030222,18,54,1,無,無,115.5.15,,,*1.00,,3,*2.00,,,,後標,,,,,,,,,,,,,,,,50%,審查資料,面試,,,true,true,,,true,true,true,,true,,,,true,true,true,true,true,,,,學測英文級分,學測國文級分,面試,審查資料
長庚大學,工商管理學系(雙聯學位組）,030232,17,51,無,無,無,115.5.14,,,,,,,,,,,,,,,,,,,,,,,,,,,,,,,true,true,,,true,true,true,,true,,,,true,true,true,true,true,,,,學測英文級分,面試,審查資料,學測數學B級分
長庚大學,工商管理學系(青年儲蓄帳戶組),030242,1,50,無,無,無,115.5.15,,,,,,,,,,,,,,,,,,,,,,,,,,,,,,,true,true,,,true,true,true,,true,,,,true,true,true,true,true,true,,,面試,審查資料,,
長庚大學,工業設計學系,030252,20,60,1,無,無,115.5.15115.5.16,,3,*1.00,後標,3,*2.00,,,,,,,,,,,,,,,,,,,,30%,審查資料,面試,,,true,true,true,true,true,true,,,,true,true,,true,true,true,true,true,true,,,面試,學測國英級分總和,學測國文級分,學測英文級分
長庚大學,工業設計學系(青年儲蓄帳戶組),030262,2,50,無,無,無,115.5.15,,,,,,,,,,,,,,,,,,,,,,,,,,,,,,,true,true,true,true,true,true,,,,true,true,,true,true,true,true,true,true,,,面試,審查資料,,
長庚大學,資訊管理學系,030272,26,78,1,無,無,115.5.15115.5.16,,3,*1.00,,3,*2.00,,,,均標,3,*2.00,,,,,,,,,,,,,,40%,審查資料,面試,,,true,true,true,,,true,true,true,,,true,,,true,true,true,true,true,,,學測英文級分,學測國英數B級分總和,面試,學測數學B級分
長庚大學,資訊管理學系(資安組),030282,3,24,無,無,無,115.5.15115.5.16,,8,,,8,,,,,均標,8,,,,,,,,,,,,,,,0%,審查資料,面試,,,true,true,true,,,true,true,true,,,true,,,true,true,true,true,true,,,學測英文級分,面試,審查資料,
長庚大學,數位金融科技學系(甲組),030292,12,48,1,無,無,115.5.16115.5.17,,,*1.00,,4,*2.00,後標,4,*2.00,,,,,,,,,,,,,,,,,50%,審查資料,面試,,,true,true,true,,,true,true,,,,,true,true,true,true,true,true,true,,,學測國英數A級分總和,學測數學A級分,學測英文級分,學測國文級分
長庚大學,數位金融科技學系(乙組),030302,14,49,無,無,無,115.5.16115.5.17,,,*1.00,,3.5,*2.00,,,,均標,3.5,*2.00,,,,,,,,,,,,,,50%,審查資料,面試,,,true,true,true,,,true,true,,,,,true,true,true,true,true,true,true,,,學測國英數B級分總和,學測數學B級分,學測英文級分,學測國文級分
國立臺中教育大學,全校不分系學士學位學程,031012,12,48,1,無,無,115.5.15,均標,,*1.00,,4,*1.20,,,,,,,,,,,,,,,,國英,,10,,20%,審查資料,面試,,,true,,true,,,true,,,,,true,,,true,true,true,,,,,審查資料,面試,學科能力測驗成績,學測英文級分
國立臺中教育大學,教育學系,031022,20,60,2,無,無,115.5.15,均標,5,*1.50,,3,*1.00,,,,,4,*1.25,,,,,,,,,,,,,,30%,審查資料,面試,,,true,true,true,,,true,,,true,,,,,true,true,true,true,,,,審查資料,面試,,
國立臺中教育大學,特殊教育學系,031032,19,57,無,無,無,115.5.15,均標,,*1.00,,,*1.00,,,,,,,,,,,,,,,,國英,,3,,30%,審查資料,口試,,,true,true,,,,true,,,,,,,,true,,true,true,,,,審查資料,口試,指定項目甄試成績,學科能力測驗成績
國立臺中教育大學,幼兒教育學系,031042,22,66,2,無,無,115.5.15,均標,3,*1.00,,,*1.00,,,,,,,,,*1.00,,,,,,,國英社,,5,,30%,審查資料,面試,,,true,true,true,,true,true,,,,,true,,,true,true,,,,,,面試,審查資料,學測國英社級分總和,學測社會級分
國立臺中教育大學,柳川招生組,031052,6,48,無,無,無,,均標,8,*1.50,,10,*1.00,,,,,,,,,,,,,,,,,,,,30%,審查資料,,,,true,true,true,,,true,,true,true,,,,,true,true,true,true,true,true,,審查資料,學科能力測驗成績,學測國文級分,
國立臺中教育大學,體育學系非運動專長組,031062,7,49,無,無,無,115.5.15,,,*1.50,,,*2.00,,,,後標,7,*1.75,,,,,,,,,,,,,,30%,審查資料,面試,,,true,,,,,,,true,,true,,,true,true,true,true,true,,,,審查資料,面試,學測國文級分,
國立臺中教育大學,語文教育學系,031072,6,36,2,無,無,115.5.15,均標,6,*2.00,,,*1.25,底標,,,底標,,,,,*1.25,,,,,,,國英社,,8,,30%,審查資料,面試,,,true,true,true,,true,true,true,,,true,,,true,true,true,true,true,,,,審查資料,面試,學測國文級分,
國立臺中教育大學,區域與社會發展學系,031082,13,39,2,1,無,115.5.20,,,*1.00,,,*1.00,,,,,,*1.00,均標,3,*1.50,,,,,,,,,,,35%,審查資料,面試,,,true,true,true,,,true,,,,,true,,true,true,true,true,true,,,,面試,審查資料,學測社會級分,學測國文級分
國立臺中教育大學,諮商與應用心理學系,031092,20,60,2,1,無,115.5.18,均標,4,*2.00,後標,3,*2.00,,,,後標,,,,,,,,,,,,,,,,30%,審查資料,面試,,,true,true,,,true,true,,,true,,,,,true,true,true,,,,,審查資料,面試,學測國文級分,學測英文級分
國立臺中教育大學,諮商與應用心理學系(公費生A組),031102,3,18,無,無,無,115.5.18,均標,6,*2.00,均標,12,*1.00,,,,均標,,,,,,,,,,,,,,,,30%,審查資料,面試,,,true,true,,,true,true,,,true,,,,,true,true,true,,,,,面試,審查資料,學測國文級分,學測英文級分
國立臺中教育大學,諮商與應用心理學系(公費生B組),031112,1,6,無,無,無,115.5.18,均標,6,*2.00,均標,12,*1.00,,,,均標,,,,,,,,,,,,,,,,30%,審查資料,面試,,,true,true,,,true,true,,,true,,,,,true,true,true,,,,,面試,審查資料,學測國文級分,學測英文級分
國立臺中教育大學,臺灣語文學系,031122,21,63,2,無,無,115.5.15,均標,3,*1.50,,,,,,,,,,均標,10,*1.00,,,,,,,,,,,30%,審查資料,台語口試,,,true,,,,,true,,,,true,,true,true,true,,,,,,,審查資料,台語口試,學測國文級分,
國立臺中教育大學,臺灣語文學系（青年儲蓄帳戶組),031132,1,50,無,無,無,115.5.15,均標,,,,,,,,,,,,均標,,,,,,,,,,,,,0%,審查資料,台語口試,,,,,,,,,,,,,,,,,,,,true,,,審查資料,台語口試,,
國立臺中教育大學,英語學系,031142,16,48,2,1,無,115.5.16,,3,*1.00,均標,3,*1.00,,,,,,,,3,*1.00,,,,,,,,,,,30%,審查資料,英文口試,,,true,true,,,,true,,,,,,,true,true,,true,true,,,,英文口試,審查資料,學測英文級分,學測國文級分
國立臺中教育大學,數學教育學系,031152,12,48,2,無,無,115.5.16,,,*1.00,,,*1.00,均標,4,*1.50,,,,,,,,,,,,,,,,,30%,審查資料,面試,,,true,true,true,true,,true,,true,,true,,,true,true,true,true,true,,,,審查資料,面試,學測數學A級分,學測英文級分
國立臺中教育大學,科學教育與應用學系,031162,21,63,2,無,無,115.5.18,,,*1.00,,,*1.00,,,*1.00,,,,,,,後標,,*1.50,,,,國英數A自,,3,,30%,審查資料,面試,,,true,true,true,true,,true,,,,,true,true,true,true,,true,true,,,,審查資料,學測國英數A自級分總和,學測自然級分,面試
國立臺中教育大學,資訊工程學系,031172,26,78,無,無,無,115.5.18,,,*1.00,,,*1.00,均標,,*1.25,,,,,,,,,,,,,國英數A,,3,,35%,審查資料,面試,,,true,true,true,true,,true,,,,true,true,,true,true,true,true,true,,,,審查資料,面試,學測數學A級分,學測英文級分
國立臺中教育大學,數位內容科技學系,031182,24,72,3,無,無,115.5.19,,,*1.10,後標,,*1.10,,,,均標,,*1.20,,,,,,,,,,國英數B,,3,,30%,審查資料,團體面試,,,true,true,true,,,true,,,,,,,true,true,true,true,true,,,,審查資料,團體面試,學科能力測驗成績,學測數學B級分
國立臺中教育大學,數位內容科技學系（青年儲蓄帳戶組),031192,1,50,無,無,無,115.5.19,,,,,,,,,,,,,,,,,,,,,,,,,,,,,,,,,,,,,,,,,,,,,,,,true,,,,,,
國立臺中教育大學,國際企業學系,031202,10,50,2,1,無,115.5.16,,8,*1.00,均標,5,*1.25,,,,,,*1.00,,,*1.00,,,,,,,國英數B,,10,,20%,審查資料,面試,,,true,true,true,,true,true,,,true,,,,true,true,true,true,true,,,,面試,審查資料,學測英文級分,學測國文級分
國立臺中教育大學,文化創意產業設計與營運學系,031212,16,48,1,無,無,115.5.20,,10,*1.00,後標,5,*2.00,,,,,,,,6,*1.00,,,,,,,英社,,3,,10%,審查資料,面試,,,true,true,true,,,,,,,,,,true,true,,true,,,,,面試,審查資料,學測英文級分,學測社會級分
國立臺中教育大學,音樂學系（A組）,031222,19,285,3,無,無,,,,,,,,,,,,,,,,,,,,,,,,,,,,,,,,,,,,,,true,,,true,,,true,true,,true,true,,,,主修術科考試,指定項目甄試成績,,
國立臺中教育大學,音樂學系（B組）,031232,10,150,無,無,無,,,15,*1.00,,,*1.00,,,,,,,,,,,,,,,,,,,,10%,審查資料,,,,,,,,,,true,,,true,,,true,true,,true,true,true,,,指定項目甄試成績,學測國文級分,學測英文級分,
國立臺中教育大學,美術學系,031242,15,75,4,無,無,115.5.15,後標,15,*1.00,,,*1.00,,,,,,,,,*1.00,,,,,,,,,,,20%,審查資料,面試,,,true,true,true,,,true,,,,true,true,,true,true,,true,,true,,,素描術科考試,面試,彩繪技法術科考試,審查資料
國立臺中教育大學,體育學系運動專長組,031252,28,392,3,無,無,115.5.16,,15,*1.00,,,,,,,,14,*1.00,,,,,,,,,,,,,,10%,審查資料,專項術科專長測驗,,,,,,,,,,,,true,,,,true,,,,true,,,專項術科專長測驗,審查資料,學科能力測驗成績,
國立臺北教育大學,教育學系,032012,24,72,3,2,無,115.5.22至115.5.23,均標,8,*1.50,,,,,,,均標,,*1.50,,,,,,,,,,國數B,,3,,50%,審查資料,面試,,,true,true,true,true,true,true,true,true,true,,,,,true,true,true,true,,,,面試,學科能力測驗成績,審查資料,學測數學B級分
國立臺北教育大學,教育學系（芝山組）,032022,2,12,無,無,無,115.5.22至115.5.23,均標,,*1.00,,,,,,,,,*1.00,,,,,,,,,,國數B,,6,,50%,審查資料,面試,,,true,true,true,true,true,true,true,true,true,,,,,true,true,true,true,,,,面試,學科能力測驗成績,審查資料,學測數學B級分
國立臺北教育大學,教育學系（公費生）,032032,1,6,無,無,無,115.5.18,均標,,*1.00,,,,,,,均標,,*1.00,,,,均標,,*1.00,,,,數B自,,6,,50%,審查資料,面試,,,true,true,true,true,true,true,,true,true,,true,,,true,true,true,true,,,,面試,學科能力測驗成績,學測國文級分,學測數學B級分
國立臺北教育大學,教育經營與管理學系,032042,19,57,3,無,無,115.5.23,均標,5,*1.00,均標,3,*1.50,,,,均標,3,*1.50,,,,,,,,,,,,,,40%,審查資料,面試,,,true,true,,,true,true,true,,true,,,,true,true,true,true,true,,,,面試,學科能力測驗成績,學測英文級分,學測數學B級分
國立臺北教育大學,教育經營與管理學系（芝山組）,032052,2,10,無,無,無,115.5.23,均標,6,*1.00,均標,7,*1.50,,,,均標,5,*1.50,,,,,,,,,,,,,,30%,審查資料,面試,,,true,true,,,true,true,true,,true,,,,true,true,true,true,true,,,,面試,學科能力測驗成績,學測數學B級分,學測國文級分
國立臺北教育大學,幼兒與家庭教育學系,032062,16,48,3,無,無,115.5.23,均標,5,*1.00,均標,3,*1.00,,,,均標,,*1.00,均標,,*1.00,,,,,,,,,,,30%,審查資料,面試,,,true,true,true,,,true,true,,true,,,,true,true,true,true,true,,,,審查資料,面試,學科能力測驗成績,學測英文級分
國立臺北教育大學,幼兒與家庭教育學系（芝山組）,032072,2,6,無,無,無,115.5.23,均標,5,*1.00,均標,3,*1.00,,,,均標,,*1.00,均標,,*1.00,,,,,,,,,,,30%,審查資料,面試,,,true,true,true,,,true,true,,true,,,,true,true,true,true,true,,,,審查資料,面試,學科能力測驗成績,學測英文級分
國立臺北教育大學,幼兒與家庭教育學系（公費生）,032082,1,3,無,無,無,115.5.23,均標,5,*1.00,均標,3,*1.00,,,,均標,,*1.00,均標,,*1.00,,,,,,,,,,,30%,審查資料,面試,,,true,true,true,,,true,true,,true,,,,true,true,true,true,true,,,,審查資料,面試,學科能力測驗成績,學測英文級分
國立臺北教育大學,特殊教育學系,032092,22,66,2,無,無,115.5.22至115.5.23,均標,,*1.50,,,*1.50,,,,,,*1.00,,,,,,,,,,國英數B,,3,,10%,審查資料,面試,,,true,true,true,,true,true,true,,true,,,,true,true,true,true,,,,,面試,審查資料,學科能力測驗成績,
國立臺北教育大學,特殊教育學系（芝山組）,032102,3,9,無,無,無,115.5.22至115.5.23,均標,,*1.50,,,*1.50,,,,,,*1.00,,,,,,,,,,國英數B,,3,,10%,審查資料,面試,,,true,true,true,,true,true,true,,true,,,,true,true,true,true,,,,,面試,審查資料,學科能力測驗成績,
國立臺北教育大學,心理與諮商學系,032112,13,46,1,2,無,115.5.23,均標,6,,均標,5,,,,,均標,3.5,,,,,,,,,,,,,,,0%,審查資料,面試,,,true,true,true,true,true,true,true,,true,,,,true,true,true,true,true,,,,面試,審查資料,,
國立臺北教育大學,心理與諮商學系（芝山組）,032122,6,24,無,無,無,115.5.23,均標,6,,均標,5,,,,,後標,4,,,,,,,,,,,,,,,0%,審查資料,面試,,,true,true,true,true,true,true,true,,true,,,,true,true,true,true,true,,,,面試,審查資料,,
國立臺北教育大學,社會與區域發展學系,032132,20,60,4,無,無,115.5.17115.5.18,,,,,,,,,,,,,,,,,,,,,,,,,,,,,,,true,true,true,,true,true,true,true,,,,,true,true,true,true,true,,,,學測英文級分,學測社會級分,學測數學B級分,
國立臺北教育大學,社會與區域發展學系(青年儲蓄帳戶組),032142,1,50,無,無,無,115.5.17115.5.18,,,,,,,,,,,,,,,,,,,,,,,,,,,,,,,true,,,,,,,,,,,,,,,,,true,,,審查資料,面試,,
國立臺北教育大學,兒童英語教育學系,032152,24,72,3,無,無,115.5.23,均標,,*1.00,前標,3,*2.00,,,,均標,,*1.00,,,,,,,,,,,,,,30%,審查資料,英語朗讀,英語會話,,true,true,true,,,true,,,,true,,true,,true,true,true,true,,,,指定項目甄試成績,學測英文級分,英語會話,英語朗讀
國立臺北教育大學,兒童英語教育學系（公費生）,032162,1,6,無,無,無,115.5.22,均標,,*1.00,前標,6,*2.00,,,,均標,,*1.00,,,,,,,,,,,,,,30%,審查資料,英語朗讀,英語會話,,true,true,true,,,true,,,,true,,true,,true,true,true,true,,,,指定項目甄試成績,學測英文級分,英語會話,英語朗讀
國立臺北教育大學,語文與創作學系語文師資組,032172,16,48,3,無,無,115.5.16,前標,3,*2.00,均標,5,*2.00,,,,均標,,*1.00,均標,,*1.00,,,,,,,國英數B社,,6,,40%,審查資料,面試,,,true,true,true,,true,true,,,,,true,true,true,true,true,true,true,,,,學測國文級分,學測英文級分,面試,審查資料
國立臺北教育大學,語文與創作學系文學創作組,032182,18,54,1,無,無,,前標,3,*2.00,均標,5,*2.00,,,,,,,均標,,*1.00,,,,,,,國英社,,6,,50%,審查資料,,,,true,true,true,,,true,,,,true,true,,true,true,true,true,true,,,,審查資料,學測國文級分,學測英文級分,學測國英社級分總和
國立臺北教育大學,文化創意產業經營學系,032192,28,84,2,無,無,115.5.15至115.5.16,均標,,*1.50,均標,,*1.50,均標,,,均標,,,均標,,*1.50,,,,,,,國英社,,3,,30%,審查資料,面試,,,true,true,true,,true,true,,,,,,,,true,,,true,,,,面試,審查資料,學測國英社級分總和,
國立臺北教育大學,文化創意產業經營學系(青年儲蓄帳戶組),032202,2,50,無,無,無,115.5.15至115.5.16,均標,,,均標,,,,,,,,,均標,,,,,,,,,,,,,0%,審查資料,面試,,,true,true,true,,true,true,,,,,,,,true,,,true,true,,,審查資料,面試,,
國立臺北教育大學,台灣語言與文化學系,032212,12,48,3,無,無,115.5.22至115.5.23,均標,10,,,,,,,,,,,均標,4,,,,,,,,,,,,0%,審查資料,口試,,,true,,,,,true,,,,,,,,true,true,true,true,true,,,審查資料,口試,,
國立臺北教育大學,數學暨資訊教育學系數學組,032222,14,49,2,無,無,115.5.17至115.5.18,,15,*1.00,,,,均標,3.5,*2.00,,,,,,,,,,,,,,,,,20%,審查資料,面試,,,true,true,,,,true,true,true,true,,,,,true,true,true,true,true,,,面試,學測數學A級分,審查資料,學測國文級分
國立臺北教育大學,數學暨資訊教育學系人工智慧與資訊教育組,032232,14,49,2,無,無,115.5.17至115.5.18,,,,,,,,,,,,,,,,,,,,,,,,,,,,,,,true,true,true,,,true,true,,,true,,true,,true,true,true,true,,,,面試,學測數學A級分,審查資料,學測英文級分
國立臺北教育大學,數學暨資訊教育學系人工智慧與資訊教育組(APCS組),032242,2,10,無,無,無,115.5.18,,,,,,,,,,,,,,,,,,,,,,,,,,,,,,,true,true,true,,,true,true,,,true,,true,,true,,,,,,,面試,學測數學A級分,審查資料,
國立臺北教育大學,數學暨資訊教育學系人工智慧與資訊教育組（公費生）,032252,1,3,無,無,無,115.5.18,前標,4,*1.50,前標,5,*1.00,前標,3,*2.00,,,,,,,,,,,,,,,,,20%,審查資料,面試,,,true,true,true,,,true,true,,,true,,true,,true,true,true,true,,,,面試,學測數學A級分,審查資料,學測英文級分
國立臺北教育大學,自然科學教育學系,032262,29,87,2,1,無,115.5.17至115.5.18,均標,,*1.00,均標,,*1.00,均標,5,*1.50,,,,,,,均標,3,*2.00,,,,,,,,30%,審查資料,面試,,,true,,,true,,true,true,,,true,,,true,true,true,true,true,,,,學測自然級分,面試,學測數學A級分,學測英文級分
國立臺北教育大學,自然科學教育學系（芝山組）,032272,2,10,2,無,無,115.5.18至115.5.19,,,,,,,,,,,,,,,,,,,,,,,,,,,,,,,true,,,true,,true,true,,,true,,,true,true,true,true,true,,,,學測自然級分,面試,學測數學A級分,審查資料
國立臺北教育大學,自然科學教育學系（公費生A組),032282,1,6,無,無,無,115.5.18至115.5.19,均標,,*1.00,前標,,*1.00,前標,10,*1.50,,,,,,,前標,6,*2.00,,,,,,,,30%,審查資料,面試,,,true,,,true,,true,true,,,true,,,true,true,true,true,true,,,,學測自然級分,面試,學測數學A級分,學測英文級分
國立臺北教育大學,自然科學教育學系（公費生B組),032292,1,6,無,無,無,115.5.18至115.5.19,均標,,*1.00,前標,,*1.00,前標,10,*1.50,,,,,,,前標,6,*2.00,,,,,,,,30%,審查資料,面試,,,true,,,true,,true,true,,,true,,,true,true,true,true,true,,,,學測自然級分,面試,學測數學A級分,學測英文級分
國立臺北教育大學,資訊科學系,032302,26,78,1,無,無,115.5.16,,,*1.00,均標,,*1.00,均標,,*1.50,,,,,,,,,*1.50,,,,英數A自,,3,,50%,審查資料,筆試(電腦概論),,,true,true,true,,,true,true,true,,,,true,,true,true,true,true,,,,審查資料,筆試(電腦概論),學科能力測驗成績,學測數學A級分
國立臺北教育大學,數位科技設計學系,032312,20,60,無,無,無,115.5.23,均標,,*1.00,均標,4,*1.50,,,,均標,3,*1.50,,,,,,,,,,國英數B,,5,,45%,審查資料,創意素描,,,true,,true,,,true,,,,true,true,,,true,true,true,true,,,,學測國英數B級分總和,創意素描,審查資料,
國立臺北教育大學,數位科技設計學系(APCS組),032322,3,15,無,無,無,115.5.14,,,,,,,,,,,,,,,,,,,,,,,,,,,,,,,true,,true,,,true,,,,true,true,,,true,true,true,true,,,,面試,學測數學B級分,,
國立臺北教育大學,藝術與造形設計學系設計組,032332,20,60,無,無,無,115.5.22,均標,,*1.00,均標,,*1.50,,,,均標,,*1.00,,,,,,,,,,國英數B,,3,,40%,審查資料,面試,,,true,true,true,,,true,,,,true,true,,true,true,,true,true,,,,學測國英數B級分總和,學測英文級分,學測數學B級分,學測國文級分
國立臺北教育大學,藝術與造形設計學系藝術組,032342,21,63,3,無,無,115.5.22,均標,,*1.50,後標,,*1.50,,,,後標,,*1.00,均標,,*1.00,,,,,,,國英數B社,,3,,30%,審查資料,面試,,,true,,true,,,true,,,,true,true,,true,true,,true,true,,,,,學測國英數B社級分總和,術科考試成績,學科能力測驗成績
國立臺北教育大學,體育學系,032352,10,40,3,無,無,115.5.15至115.5.16,,,,,,,,,,,,,,,,,,,,,,,,,,,,,,,true,true,true,,,true,true,,,true,,,true,true,true,true,true,,,,面試,學測英社級分總和,審查資料,體育(百分等級)術科考試
國立臺北教育大學,體育學系（雙語教學組）,032362,8,40,無,無,無,115.5.15至115.5.16,,,,,,,,,,,,,,,,,,,,,,,,,,,,,,,true,true,true,,,true,true,,,true,,,true,true,true,true,true,,,,面試,學測英文級分,審查資料,體育(百分等級)術科考試
國立臺南大學,教育學系,033012,51,153,2,無,無,115.5.15115.5.16115.5.17,後標,4,*2.00,,5,*1.00,,,,,,,,,,,,,,,,國英,,3,,30%,審查資料,面試,,,true,true,,,true,true,,,true,,,true,true,true,true,true,true,,,,面試,學測國文級分,學測英文級分,審查資料
國立臺南大學,教育學系(公費生),033022,1,10,無,無,無,115.5.17,均標,12,*2.00,均標,15,*2.00,,,,,12,*1.00,,,,,,,,,,國英數B,,10,,30%,審查資料,面試,,,true,true,,,true,true,,,true,,,true,true,true,true,true,true,,,,面試,學測國文級分,學測英文級分,審查資料
國立臺南大學,諮商與輔導學系,033032,20,60,1,2,無,115.5.22,均標,,*1.00,均標,,*1.00,,,,均標,,*1.00,,,,,,,,,,國英數B,,3,,30%,審查資料,面試,,,true,true,true,,true,true,true,,true,,,,true,true,true,true,true,,,,面試,指定項目甄試成績,學科能力測驗成績,學測國英數B級分總和
國立臺南大學,特殊教育學系,033042,18,54,無,無,無,115.5.16,後標,3,*2.00,,3,*2.00,,,,,3,*1.50,,,,,,,,,,,,,,30%,審查資料,面試,,,true,true,,,true,,,,true,,,,true,true,,true,,,,,學測國英數B級分總和,學測國文級分,審查資料,面試
國立臺南大學,特殊教育學系(青年儲蓄帳戶組),033052,1,50,無,無,無,115.5.16,均標,,,,,,,,,,,,,,,,,,,,,,,,,0%,審查資料,面試,,,,,,,,,,,,,,,,,,,,true,,,審查資料,面試,,
國立臺南大學,幼兒教育學系,033062,17,51,2,無,無,115.5.15,均標,3,*1.00,後標,,*1.00,,,,,,,,,,,,,,,,國英,,4,,30%,審查資料,面試,,,true,true,true,true,true,true,true,,true,,,,true,true,true,true,,,,,學測國英級分總和,面試,學測國文級分,學測英文級分
國立臺南大學,文化與自然資源學系,033072,17,51,1,無,3,115.5.22,均標,,*1.00,後標,,*1.00,,,,,,,均標,,*2.00,,,,,,,國英社,,3,,30%,審查資料,面試,,,true,,,,true,true,true,true,,true,,,,true,true,true,true,,,,學科能力測驗成績,面試,審查資料,學測國英社級分總和
國立臺南大學,國語文學系,033082,35,105,4,1,無,115.5.23,均標,3,*2.00,,,*1.00,,,,,,,,,*1.00,,,,,,,國英社,,5,,30%,審查資料,面試,,,true,true,true,,,true,,,,true,true,true,,true,true,true,,,,,學測國文級分,面試,學科能力測驗成績,審查資料
國立臺南大學,英語學系,033092,14,42,2,無,2,115.5.15至115.5.16,均標,,*1.00,均標,3,*2.00,,,,,,,,,,,,,,,,,,,,30%,審查資料,面試,,,true,true,true,,,,true,,,true,,true,true,true,true,true,,,,,學測英文級分,面試,學科能力測驗成績,審查資料
國立臺南大學,英語學系(公費生),033102,2,8,無,無,無,115.5.15至115.5.16,前標,,*1.00,頂標,4,*2.00,,,,,,,,,,,,,,,,,,,,30%,審查資料,面試,,,true,true,true,,,,true,,,true,,true,true,true,true,true,,,,,學測英文級分,面試,學科能力測驗成績,審查資料
國立臺南大學,應用數學系,033112,16,48,2,無,1,115.5.20,,,,,,,,,,,,,,,,,,,,,,,,,,,,,,,true,true,,,,true,true,true,,true,,,,true,true,true,true,,,,學測數學A級分,面試,審查資料,學測英文級分
國立臺南大學,數位學習科技學系,033122,25,75,1,無,5,115.5.23,,,*1.00,,3,*1.50,,,,後標,5,*2.00,,,,,,,,,,,,,,30%,審查資料,面試,,,true,true,,,,true,,,,true,true,,,true,true,true,true,,,,面試,審查資料,學測數學B級分,學測英文級分
國立臺南大學,數位學習科技學系(公費生),033132,1,4,無,無,無,115.5.23,,,*1.00,前標,5,*1.50,,,,前標,4,*2.00,,,,,,*1.00,,,,,,,,40%,審查資料,面試,,,true,true,true,true,true,true,,,true,,true,,,true,true,true,true,,,,面試,審查資料,學測數學B級分,學測英文級分
國立臺南大學,數位學習科技學系(資安組),033142,2,12,無,無,無,115.5.23,,,*1.00,,,*1.50,,,,均標,6,*2.00,,,,,,,,,,,,,,40%,審查資料,面試,,,true,true,,,,true,,,,true,true,true,,true,true,true,true,true,,,審查資料,面試,學測數學B級分,學測英文級分
國立臺南大學,材料科學系,033152,16,48,1,無,4,,,,,,,,,,,,,,,,,,,,,,,,,,,,,,,,true,true,,true,,true,true,,,,,true,,true,true,true,true,,,,學測自然級分,學測數學A級分,審查資料,學測英數A自級分總和
國立臺南大學,資訊工程學系,033162,16,48,無,無,無,115.5.20,,,*1.00,,,*1.25,均標,,*1.50,,,,,,,,,,,,,國英數A,,3,,40%,審查資料,面試,,,true,true,true,true,,true,,,,true,,true,true,true,true,true,true,,,,指定項目甄試成績,學測數學A級分,學測英文級分,學科能力測驗成績
國立臺南大學,資訊工程學系(APCS組),033172,3,9,無,無,無,115.5.20,,,*1.00,,,*1.25,均標,,*1.50,,,,,,,,,,,,,國英數A,,3,,30%,審查資料,APCS,面試,,true,true,true,true,,true,,,,true,,true,true,true,true,true,true,,,,指定項目甄試成績,學測數學A級分,學測英文級分,審查資料
國立臺南大學,電機工程學系,033182,22,66,1,無,無,,,,,,,,,,,,,,,,,,,,,,,,,,,,,,,,true,,,true,,true,true,,,true,,true,,true,,,,,,,學測數學A級分,學測英文級分,審查資料,
國立臺南大學,綠色能源科技學系,033192,27,81,2,無,2,115.5.23,,7,*1.00,,5,*1.00,後標,3,*1.00,,,,,,,,,,,,,,,,,30%,審查資料,面試,,,true,true,,true,,true,,,,,true,,,true,true,,,,,,學測數學A級分,學測英文級分,學測國文級分,指定項目甄試成績
國立臺南大學,生物科技學系,033202,14,42,3,無,4,115.5.23,,7,*1.00,,,*1.00,,,,,,,,,,底標,3,*1.00,,,,,,,,30%,審查資料,面試,,,true,true,,true,,true,true,true,,,true,,,true,true,true,true,,,,審查資料,學測國文級分,學測自然級分,學測英文級分
國立臺南大學,生態暨環境資源學系,033212,17,51,2,無,3,115.5.23,底標,,*1.00,,,*1.50,,,,,,,,,,,,,,,,國英,,3,,30%,審查資料,面試,,,true,true,,,,true,true,true,,,true,,,true,true,true,true,,,,學測國英級分總和,學測英文級分,學測國文級分,面試
國立臺南大學,戲劇創作與應用學系,033222,22,122,1,無,2,115.5.16,均標,,*1.00,底標,,*1.00,,,,,,,,,,,,,,,,國英,,5.5,,30%,審查資料,面試,,,true,true,true,,true,true,true,,,true,true,,,true,true,true,,true,,,面試,學測國英級分總和,審查資料,學測國文級分
國立臺南大學,行政管理學系,033232,20,60,1,無,3,115.5.22,後標,,*1.25,均標,,*1.25,,,,,,*1.00,,,*1.00,,,,,,,國英數B社,,3,,30%,審查資料,面試,,,true,true,,,true,true,true,,,,true,,,true,true,true,true,,,,學科能力測驗成績,面試,學測英文級分,學測國文級分
國立臺南大學,經營與管理學系,033242,15,45,2,1,2,115.5.22,,,*1.00,均標,3,*1.50,,,,,,*1.50,,,,,,,,,,國英數B,,6,,30%,審查資料,面試,,,true,true,true,,,true,,true,true,,,,true,true,,true,true,,,,學測英文級分,學測數學B級分,學科能力測驗成績,指定項目甄試成績
國立臺南大學,音樂學系(A組),033252,14,210,無,1,無,,,16,*1.00,,16,*1.00,,,,,,,,,,,,,,,,,,,,5%,審查資料,,,,true,,,,,,true,,,true,,,true,true,,,,true,,,主修術科考試,學測英文級分,學測國文級分,指定項目甄試成績
國立臺南大學,音樂學系(B組),033262,14,98,2,無,2,115.5.17,,7,*1.00,,7,*1.00,,,,,,,,,,,,,,,,,,,,5%,審查資料,面試,,,true,,,,,,true,,,true,,,true,true,,,,true,,,面試,學測英文級分,學測國文級分,審查資料
國立臺南大學,視覺藝術與設計學系,033272,27,216,2,無,2,,,12,*1.00,,12,*1.00,,,,,,,,,,,,,,,,,,,,30%,審查資料,,,,true,,true,,,,,,,true,true,,,true,,,true,,,,術科考試成績,學測國文級分,學測英文級分,指定項目甄試成績
國立臺南大學,體育學系,033282,16,80,2,無,5,115.5.16,,,*2.00,,,*1.00,,,,,,*2.00,,,,,,,,,,國英數B,,5,,40%,審查資料,面試,,,true,true,,,,,,,,true,,true,true,true,,true,true,,,,體育(百分等級)術科考試,學科能力測驗成績,面試,審查資料
國立東華大學,應用數學系數學科學組,034012,15,45,1,無,無,115.5.19,,,*1.00,底標,,*1.00,,3,*2.00,,,,,,,,,,,,,,,,,30%,審查資料,面試,,,true,true,true,true,,true,true,,,true,,,true,true,true,true,true,,,,面試,學測數學A級分,學測英文級分,審查資料
國立東華大學,應用數學系統計科學組,034022,16,48,1,無,無,115.5.19,,,*1.00,底標,,*1.00,,3,*2.00,,,,,,,,,,,,,,,,,30%,審查資料,面試,,,true,true,true,true,,true,true,,,true,,,true,true,true,true,true,,,,面試,學測數學A級分,學測英文級分,審查資料
國立東華大學,物理學系物理組,034032,18,54,1,無,無,115.5.19,,,,,,,,,,,,,,,,,,,,,,,,,,,,,,,true,true,true,true,,true,true,,,true,true,,,true,true,true,true,,,,學測數A自級分總和,學測自然級分,認識本系與心得報告,審查資料
國立東華大學,物理學系奈米與光電科學組,034042,14,49,1,無,無,115.5.19,,,,,,,,,,,,,,,,,,,,,,,,,,,,,,,true,true,true,true,,true,true,,,true,true,,,true,true,true,true,,,,學測數A自級分總和,學測自然級分,認識本系與心得報告,審查資料
國立東華大學,化學系,034052,26,78,2,無,4,115.5.19,,,,,,,,,,,,,,,,,,,,,,,,,,,,,,,true,true,true,true,,true,,,true,,true,,true,true,true,true,true,,,,學測自然級分,學測數學A級分,學測英數A自級分總和,審查資料
國立東華大學,生化暨分子醫學科學系,034062,20,60,1,無,無,115.5.19,,,,,,,,,,,,,,,,,,,,,,,,,,,,,,,true,true,true,true,,true,,,,true,,,,true,,true,,,,,學測英文級分,學測數學A級分,學測自然級分,審查資料
國立東華大學,資訊工程學系資工組,034072,26,78,2,無,4,,,,,,,,,,,,,,,,,,,,,,,,,,,,,,,,true,true,true,true,,true,true,,,true,,true,,true,true,true,true,,,,學測數學A級分,學測英文級分,審查資料,
國立東華大學,資訊工程學系資工組(APCS組),034082,3,18,無,無,無,,,,,,,,,,,,,,,,,,,,,,,,,,,,,,,,true,true,true,true,,true,true,,,true,,true,,true,true,true,true,,,,學測數學A級分,學測英文級分,審查資料,
國立東華大學,資訊工程學系資工組(資安組),034092,4,24,無,無,無,,,,,,,,,,,,,,,,,,,,,,,,,,,,,,,,true,true,true,true,,true,true,,,true,,true,,true,true,true,true,,,,學測數學A級分,學測英文級分,審查資料,
國立東華大學,資訊工程學系國際組,034102,10,50,1,無,無,,,,,,,,,,,,,,,,,,,,,,,,,,,,,,,,true,true,true,true,,true,true,,,true,,true,,true,true,true,true,,,,學測英文級分,學測數學A級分,審查資料,
國立東華大學,資訊工程學系國際組(資安組),034112,1,10,無,無,無,,,,,,,,,,,,,,,,,,,,,,,,,,,,,,,,true,true,true,true,,true,true,,,true,,true,,true,true,true,true,,,,學測英文級分,學測數學A級分,審查資料,
國立東華大學,電機工程學系智慧系統組,034122,23,69,1,無,2,,,,,,,,,,,,,,,,,,,,,,,,,,,,,,,,true,true,true,true,,true,,,,true,,true,true,true,true,true,true,,,,學測英數A自級分總和,學測數學A級分,學測自然級分,審查資料
國立東華大學,電機工程學系半導體組,034132,13,46,1,無,2,,,,,,,,,,,,,,,,,,,,,,,,,,,,,,,,true,true,true,true,,true,,,,true,,true,true,true,true,true,true,,,,學測英數A自級分總和,學測自然級分,學測數學A級分,審查資料
國立東華大學,材料科學與工程學系,034142,28,84,2,無,4,115.5.19,,,,,,,,,,,,,,,,,,,,,,,,,,,,,,,true,true,true,true,,true,true,,,true,,,true,true,true,true,,,,,學測自然級分,學測英文級分,學測數學A級分,審查資料
國立東華大學,光電工程學系,034152,25,75,3,無,4,,,,,,,,,,,,,,,,,,,,,,,,,,,,,,,,true,true,true,true,,true,true,,,true,true,,,true,true,true,true,,,,學測國英數A自級分總和,學測自然級分,學測數學A級分,審查資料
國立東華大學,理工學院大數據科學國際學士班,034162,9,45,無,無,無,115.5.19,,,*1.00,,6,*1.50,均標,5,*1.50,,,,,,,,,,,,,,,,,30%,審查資料,面試,,,true,true,true,true,,true,true,,,true,,,true,true,true,true,true,,,,面試,學測數學A級分,學測英文級分,審查資料
國立東華大學,企業管理學系管理科學組,034172,5,30,無,無,無,115.5.19,,,*1.00,後標,,*1.50,,6,*1.50,,,,,,,,,,,,,,,,,40%,審查資料,認識本系與心得報告,,,true,true,true,,true,true,,true,true,true,,,,true,true,true,true,,,,學測英文級分,學測數學A級分,學測國文級分,審查資料
國立東華大學,企業管理學系經營管理組,034182,18,54,5,無,4,115.5.19,,,*1.00,後標,,*1.50,,,,,3,*1.50,,,,,,,,,,,,,,40%,審查資料,認識本系與心得報告,,,true,true,true,,true,true,,true,true,true,,,,true,true,true,true,,,,學測英文級分,學測數學B級分,學測國文級分,審查資料
國立東華大學,會計學系,034192,26,78,2,無,無,115.5.19,,,*1.00,後標,3,*2.00,,,,,,*1.50,,,,,,,,,,,,,,30%,審查資料,面試,,,true,true,,,,true,true,,,true,,true,,true,true,true,true,,,,學測英文級分,學測數學B級分,學測國文級分,指定項目甄試成績
國立東華大學,資訊管理學系人工智慧與大數據組,034202,18,54,1,無,2,115.5.19,均標,,*1.00,,,*1.00,,,*1.50,,,,,,,,,,,,,國英數A,,3,,35%,審查資料,面試,,,true,true,true,true,true,true,true,,,true,,true,,true,true,true,true,,,,學測國英數A級分總和,學測數學A級分,面試,學測英文級分
國立東華大學,資訊管理學系人工智慧與商務組,034212,18,54,2,無,2,115.5.19,均標,,*1.00,,,*1.00,,,,,,*1.50,,,,,,,,,,國英數B,,3,,35%,審查資料,面試,,,true,true,true,true,true,true,true,,,true,,true,,true,true,true,true,,,,學測國英數B級分總和,學測數學B級分,面試,學測英文級分
國立東華大學,資訊管理學系(資安組),034222,3,18,無,無,無,115.5.19,均標,,*1.00,,,*1.00,,,*1.50,,,,,,,,,,,,,國英數A,,6,,35%,審查資料,面試,,,true,true,true,true,true,true,true,,,true,,true,,true,true,true,true,,,,學測國英數A級分總和,學測數學A級分,面試,學測英文級分
國立東華大學,國際企業學系,034232,20,60,2,無,4,115.5.19,,,*1.00,後標,,*2.00,,,,,,*1.50,,,,,,,,,,國英,,3,,30%,審查資料,面試,,,true,true,true,,true,true,,true,,,,true,true,true,true,true,true,,,,面試,審查資料,學測英文級分,學測數學B級分
國立東華大學,財務金融學系,034242,22,66,無,無,4,115.5.19,,,*1.00,後標,3,*1.00,,,,後標,8,*1.00,,,,,,,,,,,,,,30%,審查資料,面試,,,true,true,true,true,true,true,true,true,,,,true,,true,true,true,true,,,,面試,審查資料,學測國英數B級分總和,學測英文級分
國立東華大學,觀光暨休閒遊憩學系,034252,22,66,1,無,無,115.5.19,後標,,*1.00,,,*1.50,,,,,,*1.50,,,,,,,,,,英社,,3,,30%,審查資料,面試,,,true,true,,,,true,true,,,,,true,true,true,true,true,true,,,,學測英文級分,面試,學測國英數B社級分總和,學測國文級分
國立東華大學,管理學院管理科學與財金國際學士學位學程,034262,7,49,無,無,無,115.5.19,,,,,,,,,,,,,,,,,,,,,,,,,,,,,,,true,true,true,true,true,true,,,,true,,true,true,true,true,true,true,,,,學測英文級分,學測數學B級分,面試,學測社會級分
國立東華大學,管理學院會計與資訊管理國際學士班智慧會計與風險管理組,034272,5,30,無,無,無,115.5.19,,,*1.00,後標,,*1.00,,,*1.50,,,,,,,,,,,,,國英數A,,6,,35%,審查資料,面試,,,true,true,true,true,true,true,true,,,true,,true,,true,true,true,true,,,,學測國英數A級分總和,學測數學A級分,面試,學測英文級分
國立東華大學,管理學院會計與資訊管理國際學士班會計資訊與電腦稽核組,034282,5,30,無,無,無,115.5.19,,,*1.00,後標,,*1.00,,,,,,*1.50,,,,,,,,,,國英數B,,6,,35%,審查資料,面試,,,true,true,,,,true,true,,,true,,true,,true,true,true,true,,,,學測國英數B級分總和,學測數學B級分,面試,學測英文級分
國立東華大學,管理學院數位行銷與服務創新國際學士班,034292,2,20,無,無,無,115.5.19,均標,,,,10,*2.00,,,,,,*1.50,,,,,,,,,,,,,,35%,審查資料,面試,,,true,true,true,,,true,true,,,true,,,true,true,true,true,true,,,,面試,審查資料,學測英文級分,學測國文級分
國立東華大學,華文文學與創作學系,034302,19,57,2,無,無,115.5.19,後標,3,*2.00,,,,,,,,,,,,*1.00,,,,,,,,,,,30%,審查資料,認識本系與心得報告,,,true,true,,,,true,true,true,,,true,,,true,true,true,true,,,,審查資料,學測國文級分,學測社會級分,認識本系與心得報告
國立東華大學,中國語文學系,034312,18,54,4,無,無,115.5.19,後標,3,*2.00,,,,,,,,,,後標,6,*1.00,,,,,,,,,,,30%,審查資料,面試,,,true,true,,,true,true,true,,,true,,,true,true,true,true,true,,,,面試,審查資料,學測國文級分,學測社會級分
國立東華大學,英美語文學系,034322,17,51,3,無,無,115.5.19,,,*1.00,後標,3,*2.00,,,,,,,,,,,,,,,,,,,,30%,審查資料,面試,,,true,true,true,,true,true,,,,true,,true,,true,true,true,true,,,,審查資料,面試,學測英文級分,學測國文級分
國立東華大學,臺灣文化學系,034332,22,66,2,無,無,115.5.19,,,*1.00,,,,,,,,,,後標,3,*2.00,,,,,,,,,,,30%,審查資料,面試,,,true,true,true,,true,true,,,,,true,,true,true,true,true,true,,,,面試,審查資料,學測社會級分,學測國文級分
國立東華大學,歷史學系,034342,23,69,2,無,無,115.5.19,,,*1.00,,,,,,,,,,均標,3,*1.50,,,,,,,,,,,20%,審查資料,面試,,,true,true,,,true,,true,true,,,,,true,true,,true,true,,,,面試,審查資料,學測社會級分,學測國文級分
國立東華大學,經濟學系,034352,24,72,1,無,無,115.5.19,,,,,,,,,,,,,,,,,,,,,,,,,,,,,,,true,true,,,true,true,,,,,true,true,true,true,true,true,true,,,,學測數學B級分,學測英文級分,指定項目甄試成績,審查資料
國立東華大學,諮商與臨床心理學系,034362,28,84,無,無,無,115.5.19,,,,,,,,,,,,,,,,,,,,,,,,,,,,,,,true,true,true,,,true,true,,true,,,,true,true,true,true,true,,,,認識本系與心得報告,審查資料,學測數學B級分,學測英文級分
國立東華大學,社會學系,034372,17,51,3,無,無,115.5.19,,,*1.00,,,*1.00,,,,,,,均標,3,*1.50,,,,,,,國社,,10,,20%,審查資料,面試,,,true,true,true,,true,true,,,true,,,,true,true,true,true,true,,,,面試,學測社會級分,學測國文級分,學測英文級分
國立東華大學,公共行政學系,034382,15,45,1,無,無,,,3,*1.00,,,,,,,,,,後標,6,*1.50,,,,,,,,,,,40%,審查資料,,,,true,true,true,,,true,,,,,true,,true,true,true,true,true,,,,審查資料,學測社會級分,學測國文級分,學測國社級分總和
國立東華大學,法律學系,034392,11,50,1,無,無,115.5.19,,6,*1.25,,,*1.00,,,,,,,均標,,*1.50,,,,,,,國英社,,4.5,,30%,審查資料,面試,,,true,true,true,,,true,,,,,,,true,true,true,true,true,,,,面試,學測英文級分,學測社會級分,學測國文級分
國立東華大學,教育與潛能開發學系,034402,20,60,2,無,無,115.5.19,後標,5,*1.00,,3,*1.00,,,,,,*1.00,,,*1.00,,,,,,,,,,,30%,審查資料,面試,,,true,true,,,true,true,,,true,,true,,true,true,true,true,true,,,,面試,學測國英數B社級分總和,學測英文級分,學測國文級分
國立東華大學,教育行政與管理學系,034412,18,54,無,無,無,115.5.19,後標,6,*1.50,,,,,,,,,,,3,*1.00,,,,,,,,,,,30%,審查資料,面試,,,true,true,,,true,true,,,,,true,true,true,true,true,true,,,,,面試,審查資料,學測國文級分,學測社會級分
國立東華大學,特殊教育學系,034422,18,54,2,無,無,115.5.19,後標,6,*1.00,,,,,,,,,,,3,*1.00,,,,,,,,,,,40%,審查資料,面試,,,true,true,true,,,true,true,true,true,,,,,true,true,true,,,,,面試,學測國文級分,學測社會級分,審查資料
國立東華大學,幼兒教育學系,034432,18,54,3,無,無,115.5.19,後標,6,*1.00,,,,,,,,,,,3,*1.00,,,,,,,,,,,35%,審查資料,面試,,,true,true,true,,,true,,,true,,,,true,true,true,true,true,,,,面試,學測社會級分,學測國文級分,審查資料
國立東華大學,族群關係與文化學系,034442,14,49,3,無,無,115.5.19,,,*1.00,,,*1.00,,,,,,,後標,,*1.50,,,,,,,國英社,,3.5,,20%,審查資料,面試,,,true,true,,,true,true,,,true,,,,true,true,true,true,true,,,,面試,審查資料,學測社會級分,學測國文級分
國立東華大學,民族語言與傳播學系,034452,8,48,4,無,無,,,6,*1.00,,,,,,,,,,後標,9,*1.00,,,,,,,,,,,40%,審查資料,,,,true,true,true,,true,true,true,,,,true,,true,true,true,true,true,,,,學測社會級分,學測國文級分,審查資料,
國立東華大學,民族發展與社會工作學系民族發展組,034462,5,50,1,無,無,115.5.19,,12,*1.00,,,,,,,,,,後標,10,*1.50,,,,,,,,,,,30%,審查資料,面試,,,true,true,,,true,true,true,true,true,,,,,true,true,true,true,,,,學測社會級分,學測國文級分,審查資料,面試
國立東華大學,民族發展與社會工作學系社會工作組,034472,6,48,1,無,無,115.5.19,,12,*1.00,,,,,,,,,,後標,8,*1.50,,,,,,,,,,,30%,審查資料,面試,,,true,true,,,true,true,true,true,true,,,,,true,true,true,true,,,,學測社會級分,學測國文級分,審查資料,面試
國立東華大學,自然資源與環境學系,034482,29,87,無,無,4,115.5.19,,,,,,,,,,,,,,,,,,,,,,,,,,,,,,,true,true,true,true,true,true,true,,,true,,,true,true,true,true,true,,,,面試,學測自然級分,學測英文級分,審查資料
國立東華大學,縱谷跨域書院學士學位學程,034492,12,48,1,無,5,115.5.19,,4,*1.00,,,,,,,,,,均標,6,*2.00,,,,,,,,,,,10%,審查資料,面試,,,true,true,true,,,true,true,,true,,true,,,true,true,true,true,,,,面試,審查資料,學測社會級分,學測國文級分
國立東華大學,音樂學系,034502,12,120,1,無,無,,,,*1.00,,10,*1.00,,,,,,,,,,,,,,,,,,,,10%,審查資料,,,,true,,true,,,true,true,,,true,,,true,true,true,true,true,true,,,審查資料,學測國文級分,學測英文級分,學測國英級分總和
國立東華大學,藝術與設計學系,034512,24,120,3,無,無,115.5.19,,15,*1.00,,,,,,,,,,,20,,,,,,,,,,,,20%,審查資料,認識本系與創意表現,,,true,true,true,,,true,,,,true,true,,true,true,true,true,true,true,,,學測國文級分,素描術科考試,創意表現術科考試,審查資料
國立東華大學,藝術創意產業學系,034522,27,135,3,無,無,115.5.19,,5,*1.00,,,*1.00,,,,,,,,,,,,,,,,,,,,35%,審查資料,認識本系與創意表現,,,true,true,true,,true,true,true,,,,true,,true,true,true,true,true,,,,認識本系與創意表現,審查資料,學測國文級分,學測英文級分
國立東華大學,體育與運動科學系,034532,15,75,1,無,無,115.5.19,,8,*1.50,,5,*1.00,,,,,6,*1.50,,,,,,,,,,,,,,30%,審查資料,面試,,,true,true,,,,true,,true,true,true,,,,true,,true,true,,,,審查資料,面試,術科考試成績,學測國英數B級分總和
臺北市立大學,教育學系,035012,36,108,3,無,無,115.5.16115.5.17,均標,3,*1.25,均標,,*1.25,,,,底標,,*1.25,,,*1.00,,,,,,,,,,,50%,審查資料,面試,,,true,true,true,true,true,true,,,,,true,,true,true,true,true,true,,,,指定項目甄試成績,學測國英數B社級分總和,學測國文級分,學測英文級分
臺北市立大學,特殊教育學系,035022,20,60,無,無,無,115.5.16115.5.17,均標,3,*1.50,後標,5,*1.25,,,,後標,6,*1.25,,,,,,,,,,,,,,50%,審查資料,面試,,,true,true,true,,,true,,,true,,,true,true,true,true,true,true,,,,學科能力測驗成績,學測國文級分,面試,學測數學B級分
臺北市立大學,幼兒教育學系,035032,48,144,2,無,無,115.5.16115.5.17,均標,3,*1.50,,4,*1.50,,,,,,,,5,*1.00,,,,,,,,,,,20%,審查資料,面試,,,true,true,true,,true,true,true,,true,,,,true,true,true,true,true,,,,面試,學測英文級分,學測國文級分,學測社會級分
臺北市立大學,心理與諮商學系,035042,17,51,2,無,無,115.5.16115.5.17,均標,,*1.50,均標,,*2.00,,,,後標,,*1.50,,,,,,,,,,國英數B,,3,,30%,審查資料,面試,,,true,true,true,true,true,true,true,,true,,,,true,true,true,true,true,,,,學測國英數B級分總和,指定項目甄試成績,面試,學測英文級分
臺北市立大學,學習與媒材設計學系,035052,18,54,4,1,無,115.5.16115.5.17,均標,3,*2.00,均標,,*2.00,,,,底標,,*1.00,,,*2.00,,,,,,,,,,,50%,審查資料,面試,,,true,true,true,,true,true,true,,true,,true,,,true,true,true,true,true,true,,學測國英數B社級分總和,學測國文級分,學測英文級分,學測數學B級分
臺北市立大學,中國語文學系,035062,28,84,無,無,無,115.5.16115.5.17,均標,3,*2.00,底標,,,,,,,,,均標,,*1.00,,,,,,,,,,,45%,審查資料,面試,,,true,true,true,,,true,true,,,true,true,,,true,true,true,true,,,,面試,學測國文級分,學測國英社級分總和,審查資料
臺北市立大學,英語教學系,035072,23,69,2,無,無,115.5.16115.5.17,,,*1.00,均標,3,*2.00,,,,,,,,,,,,,,,,,,,,40%,審查資料,英文面試,,,true,true,true,,,true,,,true,,,,true,true,,true,true,,,,英文面試,學測英文級分,審查資料,學測國文級分
臺北市立大學,公共事務學系,035082,16,48,2,無,無,115.5.16115.5.17,均標,3,*1.00,均標,,*1.00,,,,,,,均標,,*1.00,,,,,,,,,,,50%,審查資料,面試,,,true,true,,,,true,,true,true,,,,,true,true,true,true,,,,指定項目甄試成績,審查資料,學測社會級分,學測國文級分
臺北市立大學,歷史與地理學系,035092,12,48,2,無,無,115.5.16115.5.17,均標,8,*1.50,均標,12,*1.00,,,,,,,均標,4,*1.50,,,,,,,,,,,50%,審查資料,面試,,,true,true,true,,true,true,true,,,,true,,true,true,true,true,true,,,,學科能力測驗成績,面試,學測社會級分,學測國文級分
臺北市立大學,地球環境暨生物資源學系,035102,22,66,2,無,無,115.5.16115.5.17,,,*1.00,,,*1.00,,,*1.00,,,,,,,均標,3,*1.50,,,,國英自,,8,,50%,審查資料,面試,,,true,true,,true,,true,true,,,,true,,true,true,true,true,true,true,,,學測自然級分,學測英文級分,學測數學A級分,學測國文級分
臺北市立大學,地球環境暨生物資源學系（青年儲蓄帳戶組）,035112,1,50,無,無,無,115.5.16115.5.17,均標,,,,,,,,,,,,,,,,,,,,,,,,,0%,審查資料,面試,,,true,true,,true,,true,true,,,,true,,true,true,true,true,true,true,,,面試,審查資料,,
臺北市立大學,應用物理暨化學系電子物理組,035122,9,50,無,無,無,115.5.16115.5.17,,,,,,,,,,,,,,,,,,,,,,,,,,,,,,,true,true,,true,,true,true,,,,,true,true,true,true,true,true,,,,學測自然級分,學測英文級分,學測數學A級分,學科能力測驗成績
臺北市立大學,應用物理暨化學系應用化學組,035132,9,50,無,無,無,115.5.16115.5.17,,,,,,,,,,,,,,,,,,,,,,,,,,,,,,,true,true,,true,,true,true,,,,,true,true,true,true,true,true,,,,學測自然級分,學測英文級分,學測數學A級分,學科能力測驗成績
臺北市立大學,應用物理暨化學系應用化學組（青年儲蓄帳戶組）,035142,1,50,無,無,無,115.5.16115.5.17,,,,,,,,,,,,,,,,,,,,,,,,,,,,,,,true,true,,true,,true,true,,,,,true,true,true,true,true,true,true,,,指定項目甄試成績,面試,審查資料,
臺北市立大學,數據科學與數學系,035152,18,54,無,無,無,115.5.16115.5.17,,,,,,,,,,,,,,,,,,,,,,,,,,,,,,,true,true,true,,,true,true,true,,true,,,,true,true,true,true,,,,面試,學測數學A級分,學測英文級分,學測自然級分
臺北市立大學,資訊科學系,035162,22,66,2,無,無,,,,,,,,,,,,,,,,,,,,,,,,,,,,,,,,true,true,true,,,true,true,,,true,,true,,true,,true,true,true,,,學科能力測驗成績,指定項目甄試成績,學測數學A級分,學測英文級分
臺北市立大學,資訊科學系（APCS組）,035172,3,15,無,無,無,,,,,,,,,,,,,,,,,,,,,,,,,,,,,,,,true,true,true,,,true,true,,,true,,true,,true,,true,true,true,,,學測數學A級分,學測英文級分,學測英數A級分總和,指定項目甄試成績
臺北市立大學,資訊科學系（資安組）,035182,3,21,無,無,無,,,,,,,,,,,,,,,,,,,,,,,,,,,,,,,,true,true,true,,,true,true,,,true,,true,,true,,true,true,true,,,指定項目甄試成績,學測數學A級分,學測英文級分,學測英數A級分總和
臺北市立大學,城市發展學系,035192,14,49,4,無,無,115.5.16115.5.17,均標,,*1.00,,5,*1.00,,,,,,,,3.5,*1.00,,,,,,,,,,,40%,審查資料,面試,,,true,true,true,,true,true,,,,true,,true,true,true,,true,true,,,,指定項目甄試成績,學科能力測驗成績,學測英文級分,學測國文級分
臺北市立大學,行銷與管理學系(數位行銷組),035202,8,48,2,無,無,115.5.16115.5.17,均標,10,*1.00,,,,,,,,6,*1.00,,,,,,,,,,,,,,30%,審查資料,面試,,,true,true,true,,true,true,true,,,,,,true,true,true,true,true,true,,,指定項目甄試成績,面試,學科能力測驗成績,學測數學B級分
臺北市立大學,行銷與管理學系(創新管理組),035212,7,49,1,無,無,115.5.16115.5.17,均標,,,,7,*1.00,,,,,10,*1.00,,,,,,,,,,,,,,30%,審查資料,面試,,,true,true,true,,true,true,true,,,,,,true,true,true,true,true,true,,,指定項目甄試成績,面試,學科能力測驗成績,學測英文級分
臺北市立大學,衛生福利學系,035222,13,46,2,無,無,115.5.16115.5.17,,,,,,,,,,,,,,,,,,,,,,,,,,,,,,,true,true,true,true,true,true,true,,,,,,true,true,,true,true,,,,指定項目甄試成績,學科能力測驗成績,學測英文級分,學測數學A級分
臺北市立大學,衛生福利學系（青年儲蓄帳戶組）,035232,1,50,無,無,無,115.5.16115.5.17,,,,,,,,,,,,,,,,,,,,,,,,,,,,,,,true,true,true,true,true,true,true,,,,,,true,true,,true,true,true,,,項目：,修課紀錄(A)、課程學習成果(B、C、D、E)、多元表現(F、G、M、N)、學習歷程自述(P、Q)、其他(R.體驗學習報告書),※,項目內容請參照本簡章「貳、分則」乙、審查資料項目內容對照表
臺北市立大學,音樂學系,035242,44,660,1,1,無,,,,*1.00,,,*1.00,,,,,,,,,,,,,,,,,,,,10%,審查資料,,,,true,true,true,,,,true,,,true,,true,true,true,,,true,,,,主修術科考試,副修術科考試,樂理術科考試,視唱術科考試
臺北市立大學,視覺藝術學系,035252,18,72,2,無,無,115.5.16115.5.17,後標,6,*2.00,,5,*1.00,,,,,,,,,,,,,,,,,,,,30%,審查資料,面試,,,true,true,true,,,true,,,,,true,,,true,true,,,,,,術科考試成績,學測國文級分,學測英文級分,素描術科考試
臺北市立大學,體育學系,035262,12,180,2,1,無,115.5.16115.5.17,,,*1.00,,,*2.00,,,,,,,,,,,,,,,,國英,,20,,40%,審查資料,面試,,,true,true,,,,,,,,true,,,true,true,,true,true,,,,學科能力測驗成績,體育(百分等級)術科考試,面試,審查資料
臺北市立大學,體育學系(公費生),035272,1,15,無,無,無,115.5.16,均標,,*1.00,頂標,,*2.00,均標,,,均標,,,,,,,,,,,,國英,,15,,50%,審查資料,面試,,,true,true,,,,,,,,true,,,true,true,,true,true,,,,學科能力測驗成績,面試,審查資料,
臺北市立大學,休閒運動管理學系,035282,28,252,3,1,無,115.5.16115.5.17,,,*1.00,,,,,,,,,,,,*1.50,,,,,,,國社,,9,,50%,審查資料,面試,,,true,true,,,true,true,true,true,,,,,true,true,true,true,true,,,,學科能力測驗成績,面試,審查資料,學測社會級分
臺北市立大學,運動健康科學系,035292,27,270,2,無,無,115.5.16115.5.17,,,*1.00,,,*1.50,,,,,,,,,,,,*1.00,,,,國英自,,10,,45%,審查資料,面試,,,true,true,,true,,true,,,,true,,,true,true,,true,,,,,指定項目甄試成績,學測國英自級分總和,面試,審查資料
臺北市立大學,運動健康科學系（青年儲蓄帳戶組）,035302,1,50,無,無,無,115.5.16115.5.17,後標,,,後標,,,,,,,,,,,,後標,,,,,,,,,,0%,審查資料,面試,,,true,true,,true,,true,,,,true,,,true,true,,true,,true,,,審查資料,面試,,
國立屏東大學,教育學系,036012,39,117,4,無,無,115.5.15至115.5.16,均標,5,*1.50,,3,*1.00,,,,,,,,,,,,,,,,,,,,50%,審查資料,面試,,,true,true,true,,true,true,,,true,,,,true,true,true,true,true,,,,面試,審查資料,學測英文級分,學測國文級分
國立屏東大學,幼兒教育學系,036022,40,120,3,無,無,115.5.15至115.5.16,均標,3,*1.50,,4,*1.00,,,,,,,,5,*1.50,,,,,,,,,,,40%,審查資料,面試,,,true,true,,,,true,,,true,,,,true,true,true,true,true,,,,面試,審查資料,學測國文級分,學測英文級分
國立屏東大學,特殊教育學系,036032,29,87,2,無,無,115.5.15至115.5.16,後標,3,*1.50,,,*1.00,,,,,,,,,,,,,,,,,,,,20%,審查資料,面試,,,true,true,true,true,true,true,true,,,,,,,true,true,true,true,,,,審查資料,面試,學科能力測驗成績,學測國文級分
國立屏東大學,特殊教育學系(公費生),036042,1,15,無,無,無,115.5.15至115.5.16,均標,15,*1.50,後標,,*1.00,,,,,,,,,,,,,,,,,,,,20%,審查資料,面試,,,true,true,true,true,true,true,true,,,,,,,true,true,true,true,,,,審查資料,面試,學科能力測驗成績,學測國文級分
國立屏東大學,教育心理與輔導學系,036052,15,45,2,無,無,115.5.14至115.5.15,均標,,*1.00,均標,,*1.00,,,,,,*1.00,,,,,,,,,,國英數B社,,3,,50%,審查資料,面試,,,true,true,true,,true,true,true,,true,,,,true,true,true,true,true,,,,學測國英數B社級分總和,面試,學測國文級分,學測英文級分
國立屏東大學,教育心理與輔導學系(公費生),036062,1,15,無,無,無,115.5.14至115.5.15,均標,,*1.00,均標,,*1.00,,,,,,*1.00,,,,,,,,,,國英數B社,,15,,50%,審查資料,面試,,,true,true,true,,true,true,true,,true,,,,true,true,true,true,true,,,,學測國英數B社級分總和,面試,學測國文級分,學測英文級分
國立屏東大學,中國語文學系,036072,20,60,2,無,無,115.5.14至115.5.15,均標,4,*2.00,,,*1.00,,,,,,,,,*1.25,,,,,,,國英社,,3,,50%,審查資料,面試,,,true,true,true,,true,true,true,,true,,true,,,true,true,true,true,,,,學測國文級分,面試,審查資料,學測社會級分
國立屏東大學,中國語文學系(青年儲蓄帳戶組),036082,1,50,無,無,無,,後標,,,,,,,,,,,,,,,,,,,,,,,,,0%,審查資料,,,,true,true,true,,true,true,true,,true,,true,,,true,true,true,true,true,,,,,,
國立屏東大學,文化創意產業學系,036092,21,63,2,無,無,115.5.14至115.5.15,均標,6,*2.00,後標,,*1.00,,,,,,,均標,3,*2.00,,,,,,,,,,,50%,審查資料,面試,,,true,true,true,,true,true,true,,,true,,,true,true,true,true,true,,,,面試,審查資料,學測國文級分,學測社會級分
國立屏東大學,社會發展學系,036102,20,60,2,無,無,115.5.15至115.5.16,,,*1.00,,,*1.00,,,,,,,均標,,*1.00,,,,,,,國英社,,3,,50%,審查資料,面試,,,true,true,true,,true,true,true,true,true,,,,,true,true,true,true,,,,學科能力測驗成績,指定項目甄試成績,學測社會級分,學測國文級分
國立屏東大學,英語學系,036112,16,48,2,無,2,115.5.15至115.5.16,,,*1.00,均標,3,*2.00,,,,,,,,,*1.00,,,,,,,,,,,50%,審查資料,英語口試,,,true,true,,,,,true,,true,true,,true,,true,true,,true,,,,英語口試,學測英文級分,學測國英社級分總和,審查資料
國立屏東大學,英語學系(公費生),036122,1,15,無,無,無,115.5.15至115.5.16,均標,,*1.50,前標,15,*2.00,,,,,,,,,*1.00,,,,,,,,,,,50%,審查資料,英語口試,,,true,true,,,,,true,,true,true,,true,,true,true,,true,,,,英語口試,學測英文級分,學測國英社級分總和,審查資料
國立屏東大學,應用英語學系,036132,7,49,2,無,3,,,,*1.00,後標,7,*2.00,,,,,,,,,*1.00,,,,,,,,,,,50%,審查資料,,,,true,true,true,,true,,true,,,true,,true,true,true,true,true,true,,,,學測英文級分,學測國文級分,學科能力測驗成績,指定項目甄試成績
國立屏東大學,應用日語學系,036142,9,50,3,無,無,,均標,5.5,*2.00,,,*1.11,,,,,,,,,*1.00,,,,,,,,,,,50%,審查資料,,,,true,true,true,,true,true,true,,,,,true,true,true,true,true,true,,,,指定項目甄試成績,學科能力測驗成績,學測國文級分,學測英文級分
國立屏東大學,商業大數據學系,036152,30,90,6,無,9,115.5.14至115.5.15,,,*1.00,底標,3,*1.50,,,,,,*1.50,,,*1.00,,,,,,,,,,,50%,審查資料,面試,,,true,true,true,,,true,,,true,,,,true,true,true,true,true,,,,面試,審查資料,學測英文級分,學測數學B級分
國立屏東大學,行銷與流通管理學系,036162,17,51,1,無,11,115.5.15至115.5.16,,,*1.50,底標,,*2.00,,,,,,*2.00,,,,,,,,,,國英數B,,3,,50%,審查資料,面試,,,true,true,true,,,true,,true,,true,,,true,true,true,true,true,,,,面試,審查資料,學測英文級分,學測數學B級分
國立屏東大學,企業管理學系,036172,14,49,2,無,11,115.5.14至115.5.15,,,*1.00,底標,3.5,*1.50,,,,,,*1.50,,,*1.00,,,,,,,,,,,40%,審查資料,面試,,,true,true,,,,true,,true,,true,,,true,true,true,true,true,,,,面試,審查資料,學測數學B級分,學測英文級分
國立屏東大學,財務金融學系,036182,19,57,無,無,10,115.5.14至115.5.15,,,*1.00,後標,,*1.00,,,,後標,,*1.00,,,,,,,,,,國英數B,,3,,40%,審查資料,面試,,,true,true,true,,true,true,,,,,,true,,true,true,true,true,,,,面試,審查資料,學測數學B級分,學測英文級分
國立屏東大學,休閒事業經營學系,036192,11,50,無,無,無,115.5.14至115.5.15,,,*1.50,後標,,*1.50,,,,,,,,,,,,,,,,英數B,,4.5,,50%,審查資料,面試,,,true,true,true,,,true,true,,,,,true,true,true,,true,true,,,,面試,審查資料,學科能力測驗成績,指定項目甄試成績
國立屏東大學,不動產經營學系,036202,14,49,2,無,無,115.5.15至115.5.16,後標,4.5,*2.00,,,*1.00,,,,,,,後標,3.5,*2.00,,,*1.00,,,,,,,,50%,審查資料,面試,,,true,true,,,,true,true,true,,,,,,true,,true,true,,,,面試,審查資料,學測國文級分,學測社會級分
國立屏東大學,國際經營與貿易學系,036212,10,50,4,無,無,115.5.14至115.5.15,,,*1.00,底標,,*1.00,,,,,,*1.00,,,*1.00,,,,,,,國英數B社,,5,,50%,審查資料,面試,,,true,true,true,,true,true,true,true,,,,,,true,,true,true,,,,審查資料,面試,學測英文級分,學測數學B級分
國立屏東大學,會計學系,036222,33,99,9,無,無,115.5.15至115.5.16,,,*1.00,後標,10,*2.00,,,,,3,*1.50,,,,,,,,,,,,,,50%,審查資料,面試,,,true,true,,,true,true,,,,true,,true,,true,true,true,true,,,,審查資料,面試,學測英文級分,學測數學B級分
國立屏東大學,應用化學系,036232,28,84,2,無,2,115.5.15至115.5.16,,,*1.00,,,*1.00,後標,3,*1.00,,,,,,,均標,5,*1.50,,,,,,,,50%,審查資料,團體面試與評量,,,true,true,true,true,,true,,,,true,,true,true,true,true,true,true,,,,學測自然級分,學測英文級分,學測數學A級分,指定項目甄試成績
國立屏東大學,應用數學系,036242,25,75,2,無,無,115.5.15至115.5.16,,,,,,,,,,,,,,,,,,,,,,,,,,,,,,,true,true,true,true,,true,,,,true,,true,true,true,true,true,true,,,,學測數學A級分,審查資料,學科能力測驗成績,學測自然級分
國立屏東大學,應用物理系半導體組,036252,17,51,2,無,1,115.5.15至115.5.16,,,,,,,,,,,,,,,,,,,,,,,,,,,,,,,true,true,true,true,,true,,,,true,,true,true,true,,true,true,,,,學測自然級分,學測數學A級分,指定項目甄試成績,學科能力測驗成績
國立屏東大學,應用物理系光電暨材料組,036262,17,51,2,無,1,115.5.15至115.5.16,,,,,,,,,,,,,,,,,,,,,,,,,,,,,,,true,true,true,true,,true,,,,true,,true,true,true,,true,true,,,,學測自然級分,學測數學A級分,指定項目甄試成績,學科能力測驗成績
國立屏東大學,科學傳播學系,036272,17,51,無,無,無,115.5.15至115.5.16,,,*1.50,底標,,*1.00,,,,,,,,,,底標,,*1.50,,,,英自,,3,,40%,審查資料,面試,,,true,,true,true,,true,,,true,,true,,true,true,true,true,true,true,,,面試,審查資料,學測自然級分,學測英文級分
國立屏東大學,科學傳播學系(青年儲蓄帳戶組),036282,1,50,無,無,無,115.5.15至115.5.16,,,,,,,,,,,,,,,,,,,,,,,,,,,,,,,true,,true,true,,true,,,true,,true,,true,true,true,true,true,true,,,審查資料,面試,,
國立屏東大學,電腦科學與人工智慧學系,036292,23,69,無,無,3,115.5.15至115.5.16,,,*1.00,,,*2.00,後標,3,*2.00,,,,,,,,,,,,,,,,,50%,審查資料,面試,,,true,,true,,,true,,,,true,,true,true,true,,true,,,,,審查資料,面試,學測數學A級分,學測英文級分
國立屏東大學,電腦科學與人工智慧學系(公費生),036302,1,15,無,無,無,115.5.15至115.5.16,,,*1.00,,,*2.00,均標,15,*2.00,,,,,,,,,,,,,,,,,50%,審查資料,面試,,,true,,true,,,true,,,,true,,true,true,true,,true,,,,,審查資料,面試,學測數學A級分,學測英文級分
國立屏東大學,電腦科學與人工智慧學系(資安組),036312,2,12,無,無,無,115.5.15至115.5.16,,,*1.00,,,*1.50,均標,6,*2.00,,,,,,,,,,,,,,,,,40%,審查資料,面試,,,true,,true,,,true,,,,true,,true,true,true,,true,,true,,,審查資料,面試,學測數學A級分,學測英文級分
國立屏東大學,智慧機器人學系,036322,17,51,無,無,3,115.5.15至115.5.16,,,,,,,,,,,,,,,,,,,,,,,,,,,,,,,true,true,true,true,,true,,,,true,true,true,,true,true,true,true,,,,面試,審查資料,學測數學A級分,學測自然級分
國立屏東大學,資訊工程學系,036332,14,42,2,無,7,,,,*1.00,,,*2.00,後標,3,*2.00,,,,,,,,,,,,,,,,,50%,審查資料,,,,true,true,true,true,,true,,,,true,,true,true,true,true,true,true,,,,學科能力測驗成績,指定項目甄試成績,學測數學A級分,學測英文級分
國立屏東大學,電腦與通訊學系,036342,6,48,無,無,3,,,8,*1.00,,15,*2.00,後標,15,*2.00,,,,,,,,,,,,,國英數A,,25,,50%,審查資料,,,,true,true,,true,,true,,,,true,,true,true,true,,true,,,,,學科能力測驗成績,指定項目甄試成績,學測數學A級分,學測英文級分
國立屏東大學,資訊管理學系,036352,10,50,3,無,無,115.5.14至115.5.15,,15,*1.00,後標,15,*2.00,,,,後標,5,*2.00,,,,,,,,,,,,,,50%,審查資料,面試,,,true,true,true,,,true,,,,true,true,,true,true,true,true,true,,,,面試,審查資料,學測數學B級分,學測英文級分
國立屏東大學,音樂學系A組,036362,4,60,1,無,無,,,,*1.00,,,*1.00,,,,,,,,,,,,,,,,,,,,10%,審查資料,,,,true,,true,,true,true,true,,,true,,,true,true,true,,,,,,術科考試成績,審查資料,學測英文級分,學測國文級分
國立屏東大學,音樂學系B組,036372,13,195,2,無,無,115.5.15至115.5.16,,15,*1.00,,15,*1.00,,,,,,,,,,,,,,,,,,,,5%,審查資料,面試,,,true,,true,,true,true,true,,,true,,,true,true,true,,,,,,面試,審查資料,學測英文級分,學測國文級分
國立屏東大學,視覺藝術學系美術組,036382,8,120,1,無,無,115.5.14至115.5.15,後標,17,*2.00,,16.5,*1.00,,,,,,,,,,,,,,,,,,,,20%,審查資料,面試,,,true,true,true,,true,true,,,,true,true,,true,true,true,true,true,true,,,素描術科考試,彩繪技法術科考試,學測國文級分,學測英文級分
國立屏東大學,視覺藝術學系數位媒體設計組,036392,4,60,1,無,無,115.5.14至115.5.15,均標,30,*2.00,,15,*1.50,,,,,,,,,,,,,,,,,,,,50%,審查資料,面試,,,true,true,true,true,true,true,,,,true,,,true,true,true,true,true,true,,,面試,審查資料,學測國文級分,學測英文級分
國立屏東大學,體育學系,036402,18,126,無,無,無,115.5.15至115.5.16,,,*1.00,,,*1.00,,,,,,*1.00,,,,,,,,,,國英數B自,,7,,35%,審查資料,面試,,,true,true,true,true,,true,true,,,true,,true,,true,,,true,,,,面試,審查資料,學測英文級分,學測數學B級分
國立臺東大學,全校不分系學士學位學程,038012,10,50,2,無,3,115.5.18,底標,15,*1.50,,5,*1.00,,,,,,,,,,,,,,,,,,,,10%,審查資料,面試,,,true,true,true,true,true,true,,,true,,true,,true,true,true,true,true,,,,指定項目甄試成績,學測國英級分總和,學科能力測驗成績,學測國文級分
國立臺東大學,教育學系,038022,30,90,5,無,無,115.5.18,後標,3,*1.00,,,,,,,,,,,,*1.00,,,,,,,,,,,20%,審查資料,面試,,,true,true,true,,,true,,true,true,,,,true,true,true,true,,,,,面試,學測國社級分總和,學測國文級分,
國立臺東大學,幼兒教育學系,038032,29,87,3,無,3,115.5.18,後標,3,*1.00,,4,*1.00,,,,,,,,,,,,,,,,,,,,20%,審查資料,面試,,,true,true,true,true,true,true,,,true,,true,,true,true,true,true,true,,,,面試,學科能力測驗成績,學測國文級分,審查資料
國立臺東大學,特殊教育學系,038042,29,87,4,無,無,115.5.18,底標,3,*2.00,,,*1.00,,,,,,,,,,,,,,,,,,,,10%,審查資料,面試,,,true,true,,,true,true,true,true,true,,,,,true,true,true,,,,,面試,學測國文級分,學科能力測驗成績,審查資料
國立臺東大學,文化資源與休閒產業學系,038052,26,78,5,無,無,115.5.18,底標,3,*1.50,,,,,,,,,,,,*1.25,,,,,,,,,,,20%,審查資料,面試,,,true,true,,,true,true,true,true,true,,,,,true,true,true,true,,,,面試,審查資料,學科能力測驗成績,學測國文級分
國立臺東大學,數位媒體與文教產業學系(設計組),038062,24,72,4,無,3,115.5.18,底標,3,*1.00,,,,,,,,,,,,,,,,,,,,,,,10%,審查資料,面試,,,true,true,true,,,true,true,,,,true,,true,true,true,true,,,,,面試,審查資料,學測國文級分,學科能力測驗成績
國立臺東大學,公共與文化事務學系,038072,25,75,4,無,5,115.5.18,後標,3,*1.00,,,,,,,,,,,,*2.00,,,,,,,,,,,20%,審查資料,面試,,,true,true,,,true,true,true,true,true,,,,,true,true,true,true,,,,學科能力測驗成績,學測社會級分,,
國立臺東大學,身心整合與運動休閒產業學系,038082,19,57,2,無,4,115.5.18,底標,3,*1.00,,,,,,,,,,,,,,,,,,,,,,,10%,審查資料,面試,,,true,true,true,true,true,true,true,,,true,,true,,true,true,true,true,,,,面試,審查資料,學測國文級分,
國立臺東大學,英美語文學系,038092,24,72,2,無,2,115.5.18,,6,*1.00,底標,3,*2.00,,,,,,,,,,,,,,,,,,,,20%,審查資料,面試,,,true,true,,,true,true,true,,true,,,true,,true,true,true,true,,,,學測英文級分,學測國文級分,,
國立臺東大學,華語文學系,038102,17,51,2,無,2,115.5.18,後標,3,*2.00,,,,,,,,,,,4,*1.00,,,,,,,,,,,10%,審查資料,面試,,,true,true,true,,,true,true,,,,,true,true,true,true,true,true,,,,學測國文級分,學測社會級分,,
國立臺東大學,生命科學系,038112,24,72,3,無,4,115.5.18,,,,,,,,,,,,,,,,,,,,,,,,,,,,,,,true,,,true,,true,true,,,,true,,true,true,true,true,true,,,,學測自然級分,面試,審查資料,
國立臺東大學,資訊工程學系,038122,49,147,4,無,無,115.5.18,,,,,,,,,,,,,,,,,,,,,,,,,,,,,,,true,,true,true,,true,,,,true,,true,true,true,true,true,true,,,,學測數學A級分,學測英文級分,面試,
國立臺東大學,資訊管理學系,038132,22,66,3,無,3,115.5.18,,,*1.50,底標,,*2.00,,,,,,*2.00,,,,,,,,,,國英數B,,3,,20%,審查資料,面試,,,true,true,true,true,true,true,,,true,,,true,true,true,,true,,,,,面試,學測英文級分,學測數學B級分,學測國文級分
國立臺東大學,應用數學系,038142,25,75,3,無,4,115.5.18,,,,,,,,,,,,,,,,,,,,,,,,,,,,,,,true,true,true,true,,true,,,,true,,true,true,true,true,true,true,,,,學測數學A級分,面試,,
國立臺東大學,應用科學系化學及奈米科學組,038152,26,78,3,無,3,115.5.18,,,,,,,,,,,,,,,,,,,,,,,,,,,,,,,true,true,,true,,true,true,,,true,,,true,true,,true,true,,,,學測自然級分,面試,學測數A自級分總和,
國立臺東大學,應用科學系物理暨光電科學組,038162,23,69,3,無,無,115.5.18,,,,,,,,,,,,,,,,,,,,,,,,,,,,,,,true,true,true,true,,,,true,,true,,true,true,true,,true,true,,,,學測自然級分,面試,學測數A自級分總和,
國立臺東大學,綠能與資訊科技學系,038172,20,60,2,無,4,115.5.18,,,,,,,,,,,,,,,,,,,,,,,,,,,,,,,true,true,true,true,true,true,,,,true,true,,true,true,true,true,true,,,,面試,審查資料,學測數B自級分總和,學測自然級分
國立臺東大學,護理學系,038182,20,60,無,無,無,115.5.18,後標,8,*1.00,,,*1.00,,,,,,,,,,,3,*2.00,,,,,,,,30%,審查資料,面試,,,true,true,,,,true,,,,,,,,true,,true,true,,,,面試,學測自然級分,學測國文級分,學測英文級分
國立臺東大學,音樂學系(A組),038192,1,15,無,無,無,115.5.18,,30,,,,,,,,,,,,,,,,,,,,,,,,0%,審查資料,面試,,,true,true,true,,true,true,true,,,true,,,true,true,true,true,true,,,,面試,審查資料,學測國文級分,
國立臺東大學,音樂學系(B組),038202,20,300,3,無,3,115.5.18,,15,,,,,,,,,,,,,,,,,,,,,,,,0%,審查資料,面試,,,true,true,true,,true,true,true,,,true,,,true,true,true,true,true,,,,面試,審查資料,學測國文級分,
國立臺東大學,數位媒體與文教產業學系(創作組),038212,2,30,無,無,無,115.5.18,,,,,,,,,,,,,,,,,,,,,,,,,,,,,,,true,true,true,,,,,,,true,true,,true,true,,,true,,,,審查資料,面試,學測英文級分,學科能力測驗成績
國立臺東大學,美術產業學系,038222,34,204,4,無,3,115.5.18,,7,*1.00,,,,,,,,,,,,,,,,,,,,,,,10%,審查資料,面試,,,true,true,true,,,true,,,,true,true,true,,true,,,true,true,,,素描術科考試,創意表現術科考試,學測國文級分,
國立臺東大學,體育學系,038232,23,230,無,無,2,115.5.18,,10,*1.00,,,,,,,,,,,,,,,,,,,,,,,20%,審查資料,面試,,,true,true,,,,,true,true,,,,true,true,true,,true,true,,,,面試,審查資料,學測國文級分,
國立體育大學,休閒產業經營學系,039012,12,36,3,無,無,115.5.22,底標,,,底標,,*1.00,,,,,,,,,*1.25,,,,,,,國英社,,3,,30%,審查資料,面試,,,true,true,true,true,true,true,true,,,,true,,true,true,true,true,true,,,,指定項目甄試成績,學測國英社級分總和,學測社會級分,學測英文級分
國立體育大學,運動保健學系(一般組),039022,20,60,2,無,無,115.5.22,,,*1.00,後標,,*1.25,底標,,,底標,,,,,,,,*1.00,,,,國英自,,3,,20%,審查資料,面試,,,true,true,,true,,true,,,true,true,,,true,true,,true,,true,,,面試,審查資料,學科能力測驗成績,學測英文級分
國立體育大學,休閒產業經營學系(青年儲蓄帳戶組),039032,1,50,無,無,無,115.5.23,底標,,,底標,,,,,,,,,,,,,,,,,,,,,,0%,審查資料,面試,,,true,true,true,true,true,true,true,,,,true,,true,true,true,true,true,true,,,指定項目甄試成績,審查資料,,
國立體育大學,運動保健學系(青年儲蓄帳戶組),039042,1,50,無,無,無,115.5.23,,,,,,,,,,,,,,,,,,,,,,,,,,,,,,,true,,,,,,,,true,,,,true,true,,true,,true,true,,面試,審查資料,,
國立體育大學,體育推廣學系(青年儲蓄帳戶組),039052,1,50,無,無,無,115.5.22,後標,,,,,,,,,,,,,,,,,,,,,,,,,0%,審查資料,面試,,,true,,true,,,,,,,,,,,,,,,true,true,,面試,審查資料,,
國立體育大學,適應體育學系(青年儲蓄帳戶組),039062,1,50,無,無,無,115.5.22,底標,,,底標,,,,,,,,,,,,,,,,,,,,,,0%,審查資料,面試,,,true,true,,true,true,true,,,true,,true,,true,true,true,true,true,true,true,,面試,審查資料,,
國立體育大學,體育推廣學系,039072,12,48,2,1,無,115.5.22,後標,,*1.25,,,*1.50,,,,,,,,,*1.00,,,,,,,國英社,,4,,40%,審查資料,面試,,,true,true,true,,,true,true,true,,,,,true,true,true,true,true,,,,面試,審查資料,指定項目甄試成績,學測英文級分
國立體育大學,適應體育學系,039082,22,88,2,無,無,115.5.22,底標,5,*1.50,底標,4,*2.00,,,,,,,,,,,,,,,,國英,,6,,25%,審查資料,面試,,,true,true,,true,true,true,,,true,,true,,true,true,true,true,true,,,,指定項目甄試成績,面試,審查資料,學測國英級分總和
國立體育大學,運動保健學系(體育術科組),039092,6,48,1,1,無,115.5.23,,,*1.00,底標,,*1.25,底標,,,底標,,,,,,,,*1.00,,,,國英自,,8,,20%,審查資料,面試,,,true,true,,true,,true,,,true,true,,,true,true,,true,,true,,,面試,審查資料,學科能力測驗成績,學測英文級分
元智大學,護理學系,040012,31,93,2,無,無,115.5.16至115.5.17,,,*2.00,後標,,*1.00,,,,,,,,,,,,*1.00,,,,國英自,,3,,30%,審查資料,面試,,,true,true,,,,,true,true,true,,,,true,true,true,true,true,true,,,面試,學測自然級分,學測英文級分,學測國文級分
元智大學,管理學院學士班(主修：數位行銷與人力資源),040022,54,162,4,無,無,115.5.16至115.5.17,後標,3,*2.00,,,,,,,,,,,5,*1.50,,,,,,,,,,,20%,審查資料,面試,,,true,true,true,,,true,true,,,true,,true,,true,true,true,true,,,,面試,審查資料,學測國社級分總和,學測國文級分
元智大學,管理學院學士班(主修：財務金融),040032,60,180,5,無,無,115.5.16至115.5.17,,3,*1.50,,3,*1.00,,,,後標,3,*1.50,,,,,,,,,,,,,,30%,審查資料,面試,,,true,true,true,,,true,true,,,true,,true,,true,true,true,true,,,,學測國英數B級分總和,面試,審查資料,學測英文級分
元智大學,管理學院學士班(主修：國際企業管理),040042,54,162,5,無,無,115.5.16至115.5.17,後標,5,*1.00,,3,*1.50,,,,,,,,,,,,,,,,,,,,20%,審查資料,面試,,,true,true,true,,,true,true,,,true,,true,,true,true,true,true,,,,面試,學測英文級分,學測國文級分,審查資料
元智大學,管理學院學士班(主修：會計),040052,40,120,5,無,無,115.5.16至115.5.17,,3,*1.50,,3,*1.00,,,,,,,後標,,*2.00,,,,,,,,,,,40%,審查資料,面試,,,true,true,true,,,true,true,,,true,,true,,true,true,true,true,,,,面試,審查資料,學測國英社級分總和,學測英文級分
元智大學,管理學院學士班(英語專班),040062,34,102,無,無,無,115.5.16至115.5.17,,,*1.50,後標,3,*2.00,,,,,,,,,,,,,,,,國英,,5,,30%,審查資料,面試,,,true,true,true,,,true,true,,,true,,true,,true,true,true,true,,,,學測國英級分總和,面試,審查資料,學測英文級分
元智大學,應用外語學系,040072,26,78,1,無,無,115.5.16至115.5.17,,,,,,,,,,,,,,,,,,,,,,,,,,,,,,,true,true,,,,,true,,,,,true,,true,,true,,,,,審查資料,面試,學測英文級分,學測國文級分
元智大學,中國語文學系,040082,23,69,無,無,無,115.5.16至115.5.17,後標,3,*1.00,,,,,,,,,,,,,,,,,,,,,,,20%,審查資料,面試,,,true,true,true,,,true,true,,,,,,true,true,true,true,true,true,,,面試,審查資料,學測國文級分,
元智大學,社會暨政策科學學系,040092,29,87,無,無,無,115.5.16至115.5.17,,5,*1.00,,,,,,,,,,後標,,*2.00,,,,,,,國社,,3,,20%,審查資料,面試,,,true,true,true,,,,true,,true,,,true,true,true,true,true,,,,,面試,審查資料,學測社會級分,學測國文級分
元智大學,藝術與設計學系(AI創新組),040102,5,50,1,無,無,115.5.16至115.5.17,後標,10,*1.00,,10,*1.00,,,,,,,,,,,,,,,,,,,,30%,審查資料,面試,,,true,,true,,,true,,,,,true,,,true,,true,,,,,面試,審查資料,學測英文級分,學測國文級分
元智大學,人文社會學院英語學士班,040112,6,24,無,無,無,115.5.16至115.5.17,,,*1.00,後標,,*1.00,,,,,,,,,,,,,,,,國英,,4,,30%,審查資料,面試,,,true,true,true,,,,,,,true,,true,,true,,true,,true,,,面試,學測英文級分,學測國英級分總和,審查資料
元智大學,資訊管理學系,040122,75,225,2,無,無,115.5.16至115.5.17,,3,*1.00,後標,3,*1.00,,,,,3,*1.00,,,,,,,,,,,,,,40%,審查資料,面試,,,true,true,true,,,,true,true,,,,,true,true,true,,true,,,,面試,審查資料,學測國英數B級分總和,學測英文級分
元智大學,資訊管理學系(資安組),040132,3,21,無,無,無,,,,,,,,,,,,,,,,,,,,,,,,,,,,,,,,true,true,true,,,true,true,,,true,,true,,true,true,,true,,,,審查資料,學測英數B級分總和,學測數學B級分,學測英文級分
元智大學,資訊傳播學系(智慧科技應用組),040142,34,102,2,無,無,115.5.16至115.5.17,後標,3,*2.00,,6,*1.00,,,,,6,*1.00,,,,,,,,,,,,,,40%,審查資料,面試,,,true,true,true,,,true,true,,,,true,,true,true,true,true,,true,,,審查資料,面試,學測數學B級分,學測英文級分
元智大學,資訊傳播學系(數位媒體設計_創作組),040152,27,81,2,無,無,115.5.16至115.5.17,後標,3,*2.00,,6,*1.00,,,,,,,,,,,,,,,,,,,,40%,審查資料,面試,,,true,true,true,,,true,true,,,,true,,true,true,true,true,,true,,,面試,審查資料,學測國文級分,學測英文級分
元智大學,資訊工程學系,040162,90,270,3,1,無,,,,*1.00,後標,,*1.00,,,*1.00,,,,,,,,,,,,,國英數A,,3,,50%,審查資料,,,,true,true,true,,,,true,,true,true,,true,,true,true,true,,,,,審查資料,學測數學A級分,學測英文級分,學測國文級分
元智大學,資訊工程學系(資安組),040172,3,21,無,無,無,,,,*1.00,後標,,*1.00,,,*1.00,,,,,,,,,,,,,國英數A,,7,,50%,審查資料,,,,true,true,true,,,true,,,,true,,true,true,true,true,true,,true,,,審查資料,學測數學A級分,學測英文級分,學測國文級分
元智大學,資訊工程學系(APCS組),040182,5,35,無,無,無,,,,,,,,,,,,,,,,,,,,,,,,,,,,,,,,true,true,true,,,,true,,true,true,,true,,true,true,true,,,,,學測英數A級分總和,審查資料,學測數學A級分,學測英文級分
元智大學,資訊學院英語學士班,040192,20,60,2,無,無,115.5.16至115.5.17,,3,*1.50,後標,3,*1.00,,3,*1.00,,,,,,,,,,,,,,,,,50%,審查資料,面試,,,true,true,true,true,true,true,true,,,true,true,,,true,true,true,,,,,面試,學測數學A級分,學測英文級分,審查資料
元智大學,機械工程學系,040202,69,207,3,無,無,115.5.16至115.5.17,,,*1.00,,,,後標,,,,,,,,,,,*1.00,,,,國自,,3,,30%,審查資料,面試,,,true,true,true,true,,true,true,,,,true,,true,true,true,true,,,,,學測數學A級分,學測自然級分,面試,審查資料
元智大學,化學工程與材料科學學系,040212,74,222,3,無,無,115.5.16至115.5.17,,,*2.00,,,*1.00,,,*1.00,,,,,,,後標,,*2.00,,,,國自,,3,,40%,審查資料,面試,,,true,true,,true,,true,true,true,,,,,,true,true,,,true,,,學測自然級分,學測英文級分,面試,學測數學A級分
元智大學,工業工程與管理學系,040222,76,228,3,無,無,115.5.16至115.5.17,,3,*1.00,,3,*1.25,後標,,,後標,,,,,,,,,,,,,,,,40%,審查資料,面試,,,true,true,,,,,true,,,,,true,,true,true,true,true,true,true,,面試,學測英文級分,學測國文級分,審查資料
元智大學,工程學院英語學士班,040232,16,48,1,無,無,115.5.16至115.5.17,,,,,,,,,,,,,,,,,,,,,,,,,,,,,,,true,true,,true,,true,true,,,,true,,true,true,true,true,,,,,面試,學測英文級分,學測數學A級分,學測自然級分
元智大學,電機工程學系(甲組),040242,73,219,3,無,無,,,,,,,,,,,,,,,,,,,,,,,,,,,,,,,,true,true,true,true,,true,true,,,,,true,true,true,,,,,,,學測英數A自級分總和,審查資料,學測數學A級分,學測自然級分
元智大學,電機工程學系(甲組)(APCS組),040252,5,50,無,無,無,,,,*1.00,後標,,*1.00,,10,*1.00,,,,,,,,,,,,,,,,,50%,審查資料,,,,true,true,true,true,,true,true,,,,,true,true,true,,,,,,,審查資料,學測數學A級分,學測英文級分,學測國英數A級分總和
元智大學,電機工程學系(乙組),040262,69,207,3,無,無,,,,*1.00,後標,,*1.00,後標,,,前標,,,,,,,,*1.00,,,,國自,,3,,50%,審查資料,,,,true,true,true,true,,true,true,,,true,,true,,true,true,true,true,true,,,學測國英自級分總和,審查資料,學測自然級分,學測英文級分
元智大學,電機工程學系(丙組),040272,39,117,3,無,無,,,,*1.00,,,*1.00,後標,,*1.00,,,,,,,,,,,,,國英數A,,3,,50%,審查資料,,,,true,true,true,true,,true,true,,,,,true,true,true,,,,true,,,學測國英數A級分總和,審查資料,學測數學A級分,學測英文級分
元智大學,電機通訊學院英語學士班,040282,26,78,2,無,無,,,,*1.00,,,*1.50,後標,,,前標,,,,,,,,*1.00,,,,英自,,3,,40%,審查資料,,,,true,true,true,true,,true,true,,,,,,true,true,,,,,,,審查資料,學測英文級分,學測自然級分,學測國文級分
元智大學,藝術與設計學系(藝術與設計組),040292,21,147,1,無,無,115.5.16至115.5.17,,20,*1.00,,20,*1.00,,,,,,,,,,,,,,,,,,,,20%,審查資料,面試,,,true,,true,,,true,,,,,true,,,true,,true,,,,,面試,審查資料,學測英文級分,學測國文級分
元智大學,資訊傳播學系(數位媒體設計_美術組),040302,7,56,無,無,無,115.5.16至115.5.17,後標,9,*2.00,,10,*1.00,,,,,,,,,,,,,,,,,,,,20%,審查資料,面試,,,true,true,true,,,true,true,,,,true,,true,true,true,true,,true,,,面試,術科考試成績,學測國文級分,學測國英級分總和
國立中正大學,中國文學系,041012,19,57,1,無,無,115.5.15,均標,3,*1.25,,10,*1.00,,,,,,,,8,*1.00,,,,,,,,,,,30%,審查資料,面試,,,true,true,true,,,true,,,,true,,,true,true,true,true,true,,,,學測國英社級分總和,學測國文級分,審查資料,面試
國立中正大學,外國語文學系,041022,14,49,1,無,無,115.5.15,均標,,*1.00,前標,3.5,*2.00,,,,,,,,,*1.00,,,,,,,,,,,30%,審查資料,面試,,,true,true,,,,true,,,,true,true,true,,true,true,true,true,true,,,面試,審查資料,學測英文級分,學測國文級分
國立中正大學,歷史學系,041032,22,66,2,1,無,115.5.15,均標,8,*1.50,均標,10,*1.50,,,,,,,,3,*2.00,,,,,,,,,,,30%,審查資料,面試,,,true,true,,,true,true,true,,,,true,,,true,true,true,true,,,,面試,審查資料,學測社會級分,學測國文級分
國立中正大學,哲學系,041042,23,69,2,無,無,115.5.15,均標,,*1.00,均標,3,*2.00,後標,,,後標,,,,,,,,,,,,,,,,40%,審查資料,面試,,,true,true,,,,true,,,,true,true,,true,true,true,true,true,,,,學測英文級分,學科能力測驗成績,面試,審查資料
國立中正大學,數學系,041052,19,57,1,無,無,115.5.16,,,,,,,,,,,,,,,,,,,,,,,,,,,,,,,true,,,,,true,true,,,true,,,true,true,true,true,true,,,,筆試,審查資料,學測英數A自級分總和,學測數學A級分
國立中正大學,地球與環境科學系,041062,24,72,1,無,無,115.5.14,,,,,,,,,,,,,,,,,,,,,,,,,,,,,,,true,,,true,,true,,,,true,true,,true,true,true,true,true,,,,審查資料,面試,學科能力測驗成績,學測英數A自級分總和
國立中正大學,物理學系,041072,33,99,1,無,無,115.5.15,,,,,,,,,,,,,,,,,,,,,,,,,,,,,,,true,,,true,,true,,,,true,,true,true,true,true,true,true,,,,面試,審查資料,學測數學A級分,學測自然級分
國立中正大學,化學暨生物化學系,041082,20,60,1,無,無,115.5.16,均標,,,均標,5,*1.00,均標,3,*1.00,,,,,,,均標,5,*1.00,,,,,,,,30%,審查資料,筆試(化學能力測驗),,,true,,,,,true,,,true,true,,,true,true,true,true,true,,,,筆試(化學能力測驗),學科能力測驗成績,學測自然級分,審查資料
國立中正大學,生物醫學科學系,041092,15,45,1,無,無,115.5.16,均標,,*1.00,均標,8,*1.50,均標,,*1.00,,,,,,,均標,6,*2.00,,,,國英數A自,,3,,50%,審查資料,生物學科筆試,,,true,,,true,,true,,,,,true,true,true,true,true,true,true,,,,學測自然級分,學測英文級分,學測國英數A自級分總和,審查資料
國立中正大學,社會福利學系,041102,20,60,2,無,無,,,,*1.00,,,*1.00,,,,,3,*1.00,均標,10,*1.50,,,,,,,國英,,6,,50%,審查資料,,,,true,,,,true,true,true,,true,,,,true,true,true,true,true,,,,學測社會級分,學測英文級分,學測數學B級分,審查資料
國立中正大學,心理學系,041112,21,63,2,1,無,,均標,,*1.00,均標,3,*1.25,均標,3,*1.25,,,,,,,均標,8,*1.25,,,,,,,,50%,審查資料,,,,true,true,true,,,true,,,,,,,,true,true,true,true,,,,學科能力測驗成績,學測數學A級分,學測英文級分,審查資料
國立中正大學,勞工關係學系,041122,21,63,1,無,無,115.5.15,均標,,*1.00,,3,*1.00,,,,,8,*1.00,,6,*1.00,,,,,,,,,,,20%,審查資料,面試,,,true,true,,,true,true,true,,,,,true,true,true,true,true,true,,,,面試,學測英文級分,學測國英數B社級分總和,審查資料
國立中正大學,政治學系,041132,23,69,2,無,無,115.5.15,,,*1.00,均標,3,*1.00,,,,,8,*1.00,,5,*1.00,,,,,,,,,,,20%,審查資料,面試,,,true,true,,,true,true,true,,true,,,,true,true,true,true,true,,,,學科能力測驗成績,面試,審查資料,學測英文級分
國立中正大學,傳播學系,041142,22,66,2,1,無,115.5.15,均標,3,*1.25,均標,6,*1.25,,,,,,,,8,*1.00,,,,,,,,,,,30%,審查資料,面試,,,true,true,true,,true,true,true,,true,,,,true,true,true,true,,true,true,,面試,審查資料,學測國文級分,學測英文級分
國立中正大學,資訊工程學系,041152,63,189,1,1,無,,,,*1.00,均標,,*1.25,均標,,*1.50,,,,,,,均標,,*1.00,,,,英數A自,,3,,50%,審查資料,,,,true,true,true,true,,true,,,,true,,true,true,true,true,true,true,,,,審查資料,學測數學A級分,學測英文級分,學測自然級分
國立中正大學,電機工程學系,041162,53,159,1,無,無,,,,*1.00,,,*1.50,均標,10,*2.00,,,,,,,均標,,*1.00,,,,國英數A自,,3,,50%,審查資料,,,,true,true,true,true,,true,true,,,true,,true,,true,true,true,true,true,,,審查資料,學測數學A級分,學測自然級分,學測英文級分
國立中正大學,機械工程學系機械工程組,041172,32,96,1,無,無,,,,*1.00,均標,,*1.50,均標,,*2.00,,,,,,,均標,,*1.50,,,,國英數A自,,3,,50%,審查資料,,,,true,true,true,true,,true,,,,,true,true,,true,true,true,true,true,,,審查資料,學測數學A級分,學測自然級分,學測英文級分
國立中正大學,機械工程學系光機電整合工程組,041182,16,48,1,無,無,,,,*1.00,均標,,*1.50,均標,,*2.00,,,,,,,均標,,*1.50,,,,國英數A自,,3,,50%,審查資料,,,,true,true,true,true,,true,,,,true,,true,,true,true,true,true,true,,,審查資料,學測數學A級分,學測自然級分,學測英文級分
國立中正大學,機械工程國際學士學位學程,041192,10,50,1,無,無,,,,*1.00,均標,,*1.50,均標,,*2.00,,,,,,,均標,,*1.50,,,,國英數A自,,5,,50%,審查資料,,,,true,true,true,true,true,true,,,,,true,true,true,true,true,true,true,,,,審查資料,學測數學A級分,學測自然級分,學測英文級分
國立中正大學,化學工程學系,041202,20,60,2,無,無,,,,,,,,,,,,,,,,,,,,,,,,,,,,,,,,true,true,true,true,,true,,,,true,,true,true,true,true,true,true,true,,,審查資料,學測數學A級分,學測自然級分,學測數A自級分總和
國立中正大學,通訊工程學系,041212,31,93,1,無,無,,,,*1.00,,,*1.50,均標,,*2.00,,,,,,,均標,,*1.00,,,,國英數A自,,3,,50%,審查資料,,,,true,true,true,true,,true,true,,,true,,true,,true,true,true,true,true,,,審查資料,學測數學A級分,學測自然級分,學測英文級分
國立中正大學,經濟學系,041222,41,123,2,無,無,115.5.15115.5.16,均標,5,*1.00,均標,4,*1.50,,,,前標,3,*2.00,,,,,,,,,,,,,,40%,審查資料,面試,,,true,true,,,true,true,,,,true,,true,true,true,true,true,,,,,學測數學B級分,學測英文級分,審查資料,面試
國立中正大學,財務金融學系,041232,29,87,2,無,無,,,,*1.00,前標,3,*2.00,,,,均標,4,,,,,,,,,,,國英數B,,8,,50%,審查資料,,,,true,true,,,,true,,,,,,true,true,true,true,true,true,true,,,審查資料,學測數學B級分,學測英文級分,學測國文級分
國立中正大學,企業管理學系,041242,42,126,1,無,無,115.5.18115.5.19,均標,12,*1.50,前標,3,*2.00,,,,均標,5,*2.00,,,,,,,,,,,,,,30%,審查資料,面試,,,true,true,,,,true,true,true,,,,true,,true,true,true,true,true,,,面試,學測英文級分,學測數學B級分,審查資料
國立中正大學,會計與資訊科技學系,041252,24,72,1,無,無,115.5.15至115.5.16,均標,12,*1.00,前標,3,*2.00,均標,,,均標,,,,,,,,,,,,,,,,40%,審查資料,面試,,,true,true,,,,true,,,,true,,true,true,true,true,true,true,,,,面試,學科能力測驗成績,學測英文級分,審查資料
國立中正大學,資訊管理學系,041262,13,46,1,無,無,115.5.15,均標,,*1.00,前標,3.5,*1.00,均標,10,*1.00,,,,,,,,,,,,,,,,,50%,審查資料,面試,,,true,true,,,,true,,true,,true,,true,,true,true,true,true,true,,,學測國英數A級分總和,學測數學A級分,學測英文級分,審查資料
國立中正大學,資訊管理學系(APCS組),041272,3,27,無,無,無,,均標,,*1.00,前標,10,*1.50,均標,12,*1.50,,,,,,,均標,,*1.00,,,,,,,,30%,審查資料,,,,true,true,,,,true,,true,,true,,true,,true,true,true,true,true,,,學測數學A級分,學測英文級分,學測自然級分,審查資料
國立中正大學,法律學系法學組,041282,13,46,1,無,無,,前標,5,*1.00,前標,8,*1.00,,,,均標,,*1.00,前標,3.5,*1.00,,,,,,,,,,,50%,審查資料,,,,true,true,true,,true,true,true,,,true,,true,,true,true,true,true,,,,學測國英數B社級分總和,學測英文級分,學測國文級分,審查資料
國立中正大學,法律學系法制組,041292,14,49,1,無,無,,前標,5,*1.00,前標,8,*1.00,,,,均標,,*1.00,前標,3.5,*1.00,,,,,,,,,,,50%,審查資料,,,,true,true,true,,true,true,true,,,true,,true,,true,true,true,true,,,,學測國英數B社級分總和,學測英文級分,學測國文級分,審查資料
國立中正大學,財經法律學系,041302,20,60,1,無,無,,前標,4,*1.00,前標,4,*1.00,,,,均標,,*1.00,前標,8,*1.00,,,,,,,國英數B社,,3,,50%,審查資料,,,,true,true,,,true,true,true,true,true,,,,,true,true,true,true,true,,,學測國英數B社級分總和,學測國文級分,學測英文級分,審查資料
國立中正大學,成人及繼續教育學系,041312,15,45,1,無,無,115.5.15,,6,*1.00,,3,*1.50,,,,,,*1.00,均標,10,*1.00,,,,,,,,,,,30%,審查資料,面試,,,true,true,,,true,true,,,,,,,true,true,true,true,true,,,,學測社會級分,面試,審查資料,學測英文級分
國立中正大學,犯罪防治學系,041322,13,46,1,2,無,,前標,3.5,*1.25,前標,3.5,*1.50,,,,均標,10,*1.00,均標,8,*1.50,,,,,,,,,,,50%,審查資料,,,,true,true,,,true,true,,,,,,true,true,true,true,true,true,,,,學測國英數B社級分總和,學測英文級分,學測國文級分,審查資料
國立中正大學,紫荊不分系學士學位學程,041332,18,54,4,無,無,115.5.15115.5.16,均標,3,*1.00,均標,8,*1.00,,,,,,,,,,,,,,,,,,,,20%,審查資料,面試,,,true,,,true,true,true,,,,true,,true,true,true,true,true,true,,,,面試,審查資料,學測國文級分,學測英文級分
國立中正大學,嘉星招生甲組(工),041342,13,46,無,無,無,,,,,,,,,,,,,,,,,,,,,,,,,,,,,,,,true,true,true,true,,true,,,,true,,true,true,true,true,true,true,true,true,,審查資料,學測數學A級分,學測自然級分,學測英文級分
國立中正大學,嘉星招生乙組(管),041352,13,46,無,無,無,,後標,7,*1.00,均標,6,*1.00,,,,均標,3.5,*1.00,,,,,,,,,,,,,,40%,審查資料,,,,true,,,,,true,,,,,,,,true,true,true,true,true,true,,審查資料,學測英文級分,學測數學B級分,學測國文級分
國立中正大學,嘉星招生丙組(法),041362,6,48,無,無,無,,均標,12,*1.00,均標,12,*1.00,,,,後標,15,*1.00,,,*1.00,,,,,,,國英數B社,,8,,50%,審查資料,,,,true,true,,,true,true,,,,,,,,true,true,true,true,true,true,,學測國英數B社級分總和,學測國文級分,學測英文級分,審查資料
國立中正大學,嘉星招生丁組(文),041372,9,45,無,無,無,,均標,5,*1.00,均標,5,*1.00,,,,,,,,8,*1.00,,,,,,,,,,,50%,審查資料,,,,true,true,true,,true,true,,,,,,,,true,,true,,true,true,,審查資料,學測英文級分,學測國文級分,學測社會級分
國立中正大學,嘉星招生戊組(理),041382,7,49,無,無,無,,,,,,,,,,,,,,,,,,,,,,,,,,,,,,,,true,,,,,true,,,,,,,,true,true,,,true,true,,審查資料,學測自然級分,學測數學A級分,學測英文級分
國立中正大學,嘉星招生己組(社),041392,5,25,無,無,無,,底標,6,*1.50,均標,5,*1.50,,,,均標,8,*1.00,,,,,,,,,,,,,,50%,審查資料,,,,true,true,,,true,true,true,,,,,,,true,true,true,true,true,true,,審查資料,學測英文級分,學測國文級分,學測數學B級分
國立中正大學,嘉星招生庚組(教),041402,3,30,無,無,無,,均標,12,*1.00,均標,12,*1.00,,,,,,*1.00,,15,*1.00,,,,,,,國英數B社,,10,,50%,審查資料,,,,true,true,,,true,true,true,,true,,,,,true,true,true,true,true,true,,審查資料,學測英文級分,學測國文級分,學測社會級分
國立中正大學,嘉星招生辛組(心),041412,1,5,無,無,無,,,,,,,,,,,,,,,,,,,,,,,,,,,,,,,,true,true,true,,,true,,,,,,,,true,true,true,true,true,true,,指定項目甄試成績,學測自然級分,學測數學A級分,審查資料
大葉大學,機械與自動化工程學系(智慧車輛與綠能科技組),042012,9,50,1,無,無,115.5.15至115.5.16,,5.5,*1.00,,,,底標,5.5,*1.00,,,,,,,,,,,,,,,,,10%,審查資料,面試,,,true,true,,,,true,true,true,true,,,,,true,true,true,,,,,面試,審查資料,學測數學A級分,
大葉大學,機械與自動化工程學系(AI機械與機器人科技組),042022,9,50,1,無,無,115.5.15至115.5.16,,,,,,,,,,,,,,,,,,,,,,,,,,,,,,,true,true,,,,true,true,true,true,,,,,true,true,true,,,,,面試,審查資料,學測數學A級分,
大葉大學,電機工程學系(半導體與光電組),042032,10,50,1,無,無,115.5.15至115.5.16,,,,,,,,,,,,,,,,,,,,,,,,,,,,,,,true,,true,true,,true,true,,,true,,true,,true,,true,true,,,,指定項目甄試成績,面試,審查資料,
大葉大學,電機工程學系(智慧系統組),042042,11,50,1,無,無,115.5.15至115.5.16,,,,,,,,,,,,,,,,,,,,,,,,,,,,,,,true,,true,true,,true,true,,,true,,true,,true,,true,true,,,,指定項目甄試成績,面試,審查資料,
大葉大學,電機工程學系(APCS組),042052,1,9,無,無,無,115.5.15至115.5.16,,,,,,,,,,,,,,,,,,,,,,,,,,,,,,,true,,true,true,,true,true,,,true,,true,,true,,true,true,,,,指定項目甄試成績,面試,審查資料,
大葉大學,半導體學士學位學程,042062,22,66,2,無,無,115.5.15至115.5.16,,,,,,,,,,,,,,,,,,,,,,,,,,,,,,,true,,true,true,,true,true,,,true,,true,,true,true,true,,,,,指定項目甄試成績,面試,審查資料,
大葉大學,資訊工程學系(資訊工程組),042072,7,49,1,無,無,115.5.15至115.5.16,,7,*1.00,,,,底標,8,*1.00,,,,,,,,,,,,,,,,,10%,審查資料,面試,,,true,true,,,,true,,,,,,,,true,,true,true,,,,指定項目甄試成績,面試,審查資料,學測數學A級分
大葉大學,資訊工程學系(人工智慧組),042082,8,48,1,無,無,115.5.15至115.5.16,,6,*1.00,底標,8,*1.00,,,,,,,,,,,,,,,,,,,,10%,審查資料,面試,,,true,true,,,,true,,,,,,,,true,,true,true,,,,指定項目甄試成績,面試,審查資料,學測國英級分總和
大葉大學,資訊工程學系(APCS組),042092,1,10,無,無,無,115.5.15至115.5.16,,,,,,,,,,,,,,,,,,,,,,,,,,,,,,,true,true,,,,true,,,,,,,,true,,true,true,,,,指定項目甄試成績,面試,審查資料,學測數學A級分
大葉大學,環境與安全工程學系(環境永續組),042102,8,48,1,無,無,115.5.15至115.5.16,,6,*1.00,底標,6,*2.00,,,,,,,,,,,,,,,,,,,,10%,審查資料,面試,,,true,true,,,,true,,,,,,,,true,,true,,,,,面試,審查資料,學測國文級分,學測英文級分
大葉大學,環境與安全工程學系(安全科技組),042112,7,49,無,無,無,115.5.15至115.5.16,底標,7,*2.00,,7,*1.00,,,,,,,,,,,,,,,,,,,,10%,審查資料,面試,,,true,true,,,,true,,,,,,,,true,,true,,,,,面試,審查資料,學測國文級分,學測英文級分
大葉大學,環境與安全工程學系(青年儲蓄帳戶組),042122,1,50,無,無,無,,底標,,,,,,,,,,,,,,,,,,,,,,,,,0%,審查資料,,,,true,true,,,,,,,,,,,,,,,,true,,,,,,
大葉大學,會計與資訊管理學系(人工智慧科技管理組),042132,5,50,1,無,無,115.5.15至115.5.16,,10,*2.00,底標,10,*2.00,,,,,,,,,,,,,,,,,,,,10%,審查資料,面試,,,true,true,,,,true,,,,,,,,true,,true,,true,,,面試,審查資料,學測英文級分,學測國文級分
大葉大學,會計與資訊管理學系(會計暨投資理財組),042142,5,50,無,無,無,115.5.15至115.5.16,底標,10,*2.00,,10,*2.00,,,,,,,,,,,,,,,,,,,,10%,審查資料,面試,,,true,true,,,,true,,,,,,,,true,,true,,true,,,面試,審查資料,學測國文級分,學測英文級分
大葉大學,會計與資訊管理學系(青年儲蓄帳戶組),042152,1,50,無,無,無,,,,,,,,,,,,,,,,,,,,,,,,,,,,,,,,true,true,,,,,,,,,,,,,,,,true,,,審查資料,指定項目甄試成績,,
大葉大學,財務金融學系(銀行專業組),042162,4,50,1,無,無,115.5.15至115.5.16,,20,,,,,,,,,,,底標,12.5,*1.00,,,,,,,,,,,10%,審查資料,面試,,,true,true,,,,true,,,,,,,,true,true,true,true,true,,,指定項目甄試成績,面試,學測國文級分,學測社會級分
大葉大學,財務金融學系(智慧投資組),042172,4,50,無,無,無,115.5.15至115.5.16,,,,,,,,,,,,,,,,,,,,,,,,,,,,,,,true,true,,,,true,,,,,,,,true,true,true,true,true,,,指定項目甄試成績,面試,學測英文級分,學測社會級分
大葉大學,財務金融學系(公司財務組),042182,4,50,無,無,無,115.5.15至115.5.16,,,,,,,,,,,,,,,,,,,,,,,,,,,,,,,true,true,,,,true,,,,,,,,true,true,true,true,true,,,指定項目甄試成績,面試,學測社會級分,
大葉大學,財務金融學系(青年儲蓄帳戶組),042192,1,50,無,無,無,,底標,,,,,,,,,,,,,,,,,,,,,,,,,0%,審查資料,,,,true,true,,,,,,,,,,,,,,,,true,,,審查資料,指定項目甄試成績,,
大葉大學,應用日語學系(AI商務應用組),042202,5,50,無,無,無,115.5.15至115.5.16,,,,,,,,,,,,,,,,,,,,,,,,,,,,,,,true,true,,,,true,true,true,,,,,,true,true,true,true,,,,面試,審查資料,學測英文級分,
大葉大學,應用日語學系(觀光旅遊組),042212,5,50,1,無,無,115.5.15至115.5.16,,,,,,,,,,,,,,,,,,,,,,,,,,,,,,,true,true,,,,true,true,true,,,,,,true,true,true,true,,,,面試,審查資料,學測社會級分,
大葉大學,生物醫學系(生物醫藥組),042222,7,49,1,無,無,115.5.15至115.5.16,,,,,,,,,,,,,,,,,,,,,,,,,,,,,,,true,true,,,,true,true,,true,,,,,true,,,true,,,,指定項目甄試成績,面試,審查資料,
大葉大學,生物醫學系(檢驗醫學組),042232,7,49,無,無,無,115.5.15至115.5.16,底標,7,*2.00,,,,,,,,,,,,,,,,,,,,,,,10%,審查資料,面試,,,true,true,,,,true,true,,true,,,,,true,,,true,,,,指定項目甄試成績,面試,審查資料,
大葉大學,藥用植物與食品保健學系(藥粧保健組),042242,4,50,1,無,無,115.5.15至115.5.16,,,,,,,,,,,,,,,,,,,,,,,,,,,,,,,true,true,,,,true,true,true,,,true,,,true,true,true,true,true,,,審查資料,面試,學測英文級分,
大葉大學,藥用植物與食品保健學系(食藥生技組),042252,4,50,無,無,無,115.5.15至115.5.16,底標,12.5,*2.00,,,,,,,,,,,,,,,,,,,,,,,10%,審查資料,面試,,,true,true,,,,true,true,true,,,true,,,true,true,true,true,true,,,審查資料,面試,學測國文級分,
大葉大學,觀光休閒學系,042262,7,49,1,無,無,115.5.15至115.5.16,底標,7,,,,,,,,,,,,,,,,,,,,,,,,0%,審查資料,面試,,,true,true,,,true,,true,true,,,,,true,true,true,true,true,true,,,面試,審查資料,學測國文級分,
大葉大學,觀光休閒學系(青年儲蓄帳戶組),042272,1,50,無,無,無,,底標,,,,,,,,,,,,,,,,,,,,,,,,,0%,審查資料,,,,true,true,,,true,,,,,,,,,,,,,true,,,,,,
大葉大學,餐旅管理學系,042282,6,48,無,無,無,115.5.15至115.5.16,底標,20,,,,,,,,,,,,15,,,,,,,,國社,,8,,0%,審查資料,面試,,,true,true,true,,,true,,,,true,,true,true,true,true,true,true,,,,面試,審查資料,學測國文級分,學測社會級分
大葉大學,餐旅管理學系(青年儲蓄帳戶組),042292,1,50,無,無,無,,底標,,,,,,,,,,,,,,,,,,,,,,,,,0%,審查資料,,,,true,true,true,,,,,,,,,,,,,,,true,,,,,,
大葉大學,烘焙暨飲料調製學士學位學程,042302,4,48,無,無,無,115.5.15至115.5.16,,12,,,,,,,,,,,底標,12,,,,,,,,,,,,0%,審查資料,面試,,,true,true,true,,,true,,,,true,,true,true,true,true,true,true,,,,面試,審查資料,學測社會級分,學測國文級分
大葉大學,烘焙暨飲料調製學士學位學程(青年儲蓄帳戶組),042312,1,50,無,無,無,,,,,,,,,,,,,,,,,,,,,,,,,,,,,,,,true,true,true,,,,,,,,,,,,,,,true,,,,,,
大葉大學,護理學系,042322,16,48,2,無,無,115.5.15至115.5.16,,,,,,,,,,,,,,,,,,,,,,,,,,,,,,,true,true,,,,true,,,true,,,true,,true,,true,true,true,,,指定項目甄試成績,學測英文級分,學科能力測驗成績,
大葉大學,視光學系(國際組),042332,10,50,1,無,無,115.5.15至115.5.16,,,,,,,,,,,,,,,,,,,,,,,,,,,,,,,true,true,,,,true,true,,true,,,true,,true,,true,true,true,,,面試,學科能力測驗成績,審查資料,學測英文級分
大葉大學,視光學系(臨床組),042342,12,48,1,無,無,115.5.15至115.5.16,底標,4,*1.00,,,,,,,,,,,,,,,,,,,,,,,20%,審查資料,面試,,,true,true,,,,true,true,,true,,,true,,true,,true,true,true,,,面試,學科能力測驗成績,審查資料,學測國文級分
大葉大學,職能治療學系(A組),042352,16,48,1,無,無,115.5.15至115.5.16,,,,,,,,,,,,,,,,,,,,,,,,,,,,,,,true,true,,,,true,true,true,true,,,,,true,,true,true,true,,,指定項目甄試成績,面試,,
大葉大學,職能治療學系(B組),042362,9,50,1,無,無,115.5.15至115.5.16,,,,,,,,,,,,,,,,,,,,,,,,,,,,,,,true,true,,,,true,true,true,true,,,,,true,,true,true,true,,,指定項目甄試成績,面試,,
大葉大學,設計學系(工業設計組),042372,4,60,無,無,無,115.5.15至115.5.16,,15,,,,,,,,,,,,,,,,,,,,,,,,0%,審查資料,面試,,,true,true,,,,true,,,,,,,,true,,,true,true,,,面試,審查資料,學測國文級分,
大葉大學,設計學系(視覺傳達設計組),042382,4,60,無,無,無,115.5.15至115.5.16,,15,,,,,,,,,,,,,,,,,,,,,,,,0%,審查資料,面試,,,true,true,,,,true,,,,,,,,true,,,true,true,,,面試,審查資料,學測國文級分,
大葉大學,多媒體數位內容學士學位學程(動畫與影視特效組),042392,18,144,1,無,無,115.5.15至115.5.16,,8,,,,,,,,,,,,,,,,,,,,,,,,0%,審查資料,面試,,,true,true,,,,true,,,,,,,,true,,true,,true,,,面試,審查資料,學測國文級分,
大葉大學,多媒體數位內容學士學位學程(遊戲與人工智慧應用組),042402,15,180,1,無,無,115.5.15至115.5.16,,12,,,,,,,,,,,,,,,,,,,,,,,,0%,審查資料,面試,,,true,true,,,,true,,,,,,,,true,,true,,true,,,面試,審查資料,學測國文級分,
大葉大學,多媒體數位內容學士學位學程(動漫美術與模型製作組),042412,15,150,1,無,無,115.5.15至115.5.16,,10,,,,,,,,,,,,,,,,,,,,,,,,0%,審查資料,面試,,,true,true,,,,true,,,,,,,,true,,true,,true,,,面試,審查資料,學測國文級分,
大葉大學,多媒體數位內容學士學位學程(漫畫創作組),042422,8,112,無,無,無,115.5.15至115.5.16,,14,,,,,,,,,,,,,,,,,,,,,,,,0%,審查資料,面試,,,true,true,,,,true,,,,,,,,true,,true,,true,,,面試,審查資料,學測國文級分,
大葉大學,AI創新設計學士學位學程(商業視覺設計組),042432,15,150,1,無,無,115.5.15至115.5.16,,10,,,,,,,,,,,,,,,,,,,,,,,,0%,審查資料,面試,,,true,true,,,,true,,,,,,,,true,,true,,true,,,面試,審查資料,學測國文級分,
大葉大學,AI創新設計學士學位學程(創新數位媒體組),042442,7,84,1,無,無,115.5.15至115.5.16,,12,,,,,,,,,,,,,,,,,,,,,,,,0%,審查資料,面試,,,true,true,,,,true,,,,,,,,true,,true,,true,,,面試,審查資料,學測國文級分,
大葉大學,空間設計學系建築組,042452,7,70,無,無,無,115.5.15至115.5.16,,10,,,,,,,,,,,,12,,,,,,,,,,,,0%,審查資料,面試,,,true,true,,,,true,,,,,,,,true,,,true,true,,,面試,審查資料,學測國文級分,學測社會級分
大葉大學,空間設計學系建築組(青年儲蓄帳戶組),042462,1,50,無,無,無,,底標,,,,,,,,,,,,,,,,,,,,,,,,,0%,審查資料,,,,true,true,,,,true,,,,,,,,true,,,true,true,,,,,,
大葉大學,空間設計學系室內設計組,042472,20,200,1,無,無,115.5.15至115.5.16,,10,,,,,,,,,,,,12,,,,,,,,,,,,0%,審查資料,面試,,,true,true,,,,true,,,,,,,,true,,,true,true,,,面試,審查資料,學測國文級分,學測社會級分
大葉大學,空間設計學系室內設計組(青年儲蓄帳戶組),042482,1,50,無,無,無,,底標,,,,,,,,,,,,,,,,,,,,,,,,,0%,審查資料,,,,true,true,,,,true,,,,,,,,true,,,true,true,,,,,,
大葉大學,運動健康管理學系,042492,25,300,3,無,無,115.5.15至115.5.16,,12,,,,,,,,,,,,,,,,,,,,,,,,0%,審查資料,面試,,,true,true,,,,true,true,,true,,,,true,true,,true,true,true,,,面試,審查資料,學測國文級分,
華梵大學,智慧生活科技學系大數據與管理組,044012,5,50,無,無,無,115.5.14至115.5.16,,10,*1.00,,,,底標,,,底標,,,,,,,,,,,,,,,,30%,審查資料,面談,,,true,true,true,,,true,true,true,,,,,true,true,true,true,true,,,,,,,
華梵大學,智慧生活科技學系智慧產品開發組,044022,5,50,無,無,無,115.5.14至115.5.16,,,,,,,,,,,,,,,,,,,,,,,,,,,,,,,true,true,true,,,true,true,true,,,,,true,true,,true,,,,,,,,
華梵大學,智慧生活設計學系空間設計組,044032,7,49,無,無,無,115.5.14至115.5.16,底標,7,*1.00,,,,,,,,,,,,,,,,,,,,,,,30%,審查資料,面談,,,true,true,true,,,true,true,,,,true,,true,true,,,true,,,,,,,
華梵大學,智慧生活設計學系空間設計組(青年儲蓄帳戶組),044042,1,50,無,無,無,115.5.14至115.5.16,底標,,,,,,,,,,,,,,,,,,,,,,,,,0%,審查資料,面談,,,true,,true,,,true,true,,,,true,,true,true,,,true,true,,,,,,
華梵大學,智慧生活設計學系創意產品與汽車設計組,044052,6,48,無,無,無,115.5.14至115.5.16,底標,8,*1.00,,,,,,,,,,,,,,,,,,,,,,,30%,審查資料,面談,,,true,true,true,,,true,true,,,,true,,true,true,,,true,,,,,,,
華梵大學,攝影與VR設計學系攝影與科技藝術組,044062,5,50,1,無,無,115.5.14至115.5.16,底標,10,*1.00,,,,,,,,,,,,,,,,,,,,,,,30%,審查資料,面談,,,true,true,true,true,true,true,true,,,,true,,true,true,,true,true,,,,,,,
華梵大學,攝影與VR設計學系VR與互動媒體組,044072,5,50,1,無,無,115.5.14至115.5.16,底標,10,*1.00,,,,,,,,,,,,,,,,,,,,,,,30%,審查資料,面談,,,true,true,true,true,true,true,true,,,,true,,true,true,,true,true,,,,,,,
華梵大學,佛教藝術學系佛學組,044082,2,50,無,無,無,115.5.14至115.5.16,底標,25,*1.00,,,,,,,,,,底標,,,,,,,,,,,,,30%,審查資料,面談,,,true,true,true,,,true,true,,,,true,,true,true,,true,,,,,,,,
華梵大學,佛教藝術學系藝術組,044092,2,50,1,無,無,115.5.14至115.5.16,底標,25,*1.00,,,,,,,,,,底標,,,,,,,,,,,,,30%,審查資料,面談,,,true,true,true,,,true,true,,,,true,,true,true,,true,,,,,,,,
華梵大學,美術與文創學系文創設計組,044102,6,48,1,無,無,115.5.14至115.5.16,底標,8,*1.00,,,,,,,,,,,,,,,,,,,,,,,30%,審查資料,面談,,,true,,true,,,,true,,,true,true,,true,true,,,true,,,,,,,
華梵大學,美術與文創學系美術創作組,044112,12,180,1,無,無,115.5.14至115.5.16,底標,,*1.00,,,,,,,,,,,,,,,,,,,,,,,20%,審查資料,面談,,,true,,true,,,,true,,,true,true,,true,true,,,true,,,,,,,
義守大學,電機工程學系,045012,134,402,15,無,無,115.5.15至115.5.16,,3,*1.00,,,,後標,3,*2.00,,,,,,,,,,,,,,,,,30%,審查資料,面試,,,true,true,true,true,,true,true,true,,,,,true,true,true,true,,,,,審查資料,學測數學A級分,學測國文級分,面試
義守大學,電子工程學系,045022,82,246,8,無,無,115.5.15至115.5.16,,3,*1.00,,3,*1.50,後標,,,,,,,,,,,,,,,,,,,20%,審查資料,面試,,,true,true,,,,true,,,,,,,,true,true,true,,,,,面試,審查資料,學測國文級分,學測英文級分
義守大學,資訊工程學系資訊工程組,045032,107,321,10,無,無,115.5.15至115.5.16,,,*1.00,,4,*1.00,後標,3,*1.50,,,,,,,,,,,,,,,,,30%,審查資料,面試,,,true,true,true,,,true,true,,true,,,,true,true,true,true,,,,,學測數學A級分,學測英文級分,審查資料,面試
義守大學,資訊工程學系資訊應用組,045042,16,48,2,無,無,115.5.15至115.5.16,,,*1.00,,6,*1.00,,,,後標,3,*1.50,,,,,,,,,,,,,,30%,審查資料,面試,,,true,true,true,,,true,true,,true,,,,true,true,true,true,,,,,學測數學B級分,學測英文級分,審查資料,面試
義守大學,資訊工程學系(APCS組),045052,3,15,無,無,無,115.5.15至115.5.16,,,,,,,,,,,,,,,,,,,,,,,,,,,,,,,true,true,true,,,true,true,,true,,,,true,true,true,true,,,,,審查資料,面試,學測數學A級分,
義守大學,資訊工程學系(資安組),045062,3,48,無,無,無,115.5.15至115.5.16,,,*1.00,,17,*1.00,後標,16,*1.50,,,,,,,,,,,,,,,,,30%,審查資料,面試,,,true,true,true,,,true,true,,true,,,,true,true,true,true,,,,,學測數學A級分,學測英文級分,審查資料,面試
義守大學,機械與自動化工程學系,045072,76,228,4,無,無,115.5.15至115.5.16,,,*1.00,,,*1.00,後標,3,*2.00,,,,,,,,,,,,,,,,,25%,審查資料,面試,,,true,true,true,,,true,true,,true,,true,,,true,true,true,,,,,面試,審查資料,學測國文級分,學測數學A級分
義守大學,化學工程學系,045082,67,201,6,無,無,115.5.15至115.5.16,,,*1.00,,,*1.00,底標,3,*2.00,,,,,,,,,,,,,,,,,30%,審查資料,面試,,,true,true,,true,,true,true,true,true,,,,,true,true,true,,,,,學測國文級分,學測數學A級分,學測英文級分,審查資料
義守大學,土木工程學系,045092,42,126,4,無,無,115.5.15至115.5.16,,3,*1.00,,,*1.00,底標,,*2.00,,,,,,,,,,,,,,,,,30%,審查資料,面試,,,true,true,true,true,,true,,,,,,,,true,true,true,,,,,面試,審查資料,學測數學A級分,學測國文級分
義守大學,材料科學與工程學系,045102,92,276,7,無,無,115.5.15至115.5.16,,,*1.00,,,,後標,3,*2.00,,,,,,,,,,,,,,,,,30%,審查資料,面試,,,true,true,true,true,,true,true,true,,true,,,,true,true,true,true,,,,審查資料,面試,學測數學A級分,學測國文級分
義守大學,生物醫學工程學系,045112,73,219,7,無,無,115.5.15至115.5.16,,,*1.75,後標,3,*2.00,,,*2.00,,,,,,,,,,,,,,,,,30%,審查資料,面試,,,true,true,true,true,,true,true,true,,,,,true,true,,true,true,,,,面試,學測英文級分,學測國文級分,審查資料
義守大學,智慧科技英語學士學位學程,045122,8,48,1,無,無,115.5.15至115.5.16,,,*1.00,,7,*2.00,底標,6,*2.00,,,,,,,,,,,,,,,,,30%,審查資料,面試,,,true,true,true,true,,true,,,,,,,,true,true,true,,,,,面試,審查資料,學測數學A級分,學測英文級分
義守大學,半導體學士學位學程,045132,55,165,5,無,無,115.5.15至115.5.16,,3,*1.00,後標,3,*1.50,,,,,,,,,,,,,,,,,,,,20%,審查資料,面試,,,true,true,,,,true,,,,,,,,true,true,true,,,,,面試,審查資料,學測英文級分,學測國文級分
義守大學,資訊管理學系人工智慧技術與應用組,045142,21,63,2,無,無,115.5.15至115.5.16,,3,*1.00,底標,,*1.00,,,,,,,,,,,,,,,,,,,,10%,審查資料,面試,,,true,true,,,,true,true,true,true,,,,,true,true,true,,,,,面試,審查資料,學測國文級分,學測英文級分
義守大學,資訊管理學系智慧商務與物聯網組,045152,21,63,2,無,無,115.5.15至115.5.16,底標,3,*1.00,,,*1.00,,,,,,,,,,,,,,,,,,,,10%,審查資料,面試,,,true,true,,,,true,true,true,true,,,,,true,true,true,,,,,面試,審查資料,學測國文級分,學測英文級分
義守大學,企業管理學系,045162,20,60,2,無,無,115.5.15至115.5.16,,3,*2.00,底標,6,*1.00,,,,,,,,,,,,,,,,,,,,30%,審查資料,面試,,,true,true,,,,true,,true,true,,,,true,true,true,true,,,,,審查資料,面試,學測國文級分,學測英文級分
義守大學,財務金融管理學系,045172,38,114,5,無,無,115.5.15至115.5.16,底標,3,*1.50,,5,*1.00,,,,,,*1.00,,,,,,,,,,,,,,30%,審查資料,面試,,,true,true,true,,,true,,,,,,,,true,true,true,,,,,審查資料,面試,學測國文級分,學測數學B級分
義守大學,會計學系,045182,24,72,2,無,無,115.5.15至115.5.16,底標,3,*2.00,,,*1.00,,,,,,,,,,,,,,,,,,,,20%,審查資料,面試,,,true,true,true,,,true,true,,,,,,true,true,,true,,,,,面試,學測國文級分,學測英文級分,審查資料
義守大學,醫務管理學系,045192,52,156,7,無,無,115.5.15至115.5.16,底標,5,*2.00,,3,*1.00,,,,,,,,,,,,,,,,,,,,25%,審查資料,面試,,,true,true,true,,,true,true,true,true,,,,,true,true,true,true,,,,面試,審查資料,學測國文級分,學測英文級分
義守大學,餐旅管理學系,045202,21,63,3,無,無,115.5.15至115.5.16,底標,3,*2.00,,,*1.00,,,,,,,,,,,,,,,,,,,,20%,審查資料,面試,,,true,true,true,,,true,,,,,,,,true,true,true,,,,,面試,審查資料,學測國文級分,學測英文級分
義守大學,廚藝暨美食學學系,045212,9,50,1,無,無,115.5.15至115.5.16,底標,5.5,*1.00,,,*1.00,,,,,,,,,*1.00,,,,,,,,,,,20%,審查資料,面試,,,true,true,true,,,true,,,true,,true,,true,true,true,true,,,,,面試,審查資料,學測英文級分,學測社會級分
義守大學,國際企業經營英語學士學位學程(國際學院),045222,8,48,1,無,無,115.5.15至115.5.16,,,,,,,,,,,,,,,,,,,,,,,,,,,,,,,true,true,true,,,true,true,,,true,,,true,true,true,true,true,,,,學測英文級分,面試,審查資料,
義守大學,應用日語學系,045232,18,54,3,無,無,115.5.15至115.5.16,底標,3,*2.00,,,*1.00,,,,,,,,,,,,,,,,,,,,10%,審查資料,面試,,,true,true,true,,true,true,true,true,,true,,,,true,true,true,,,,,面試,審查資料,學測國文級分,學測英文級分
義守大學,大眾傳播學系,045242,19,57,2,無,無,115.5.15至115.5.16,底標,3,*1.50,,,,,,,,,,,5,*1.00,,,,,,,,,,,30%,審查資料,面試,,,true,true,true,,,true,true,true,,true,,,,true,true,true,,,,,面試,學測國文級分,學測社會級分,審查資料
義守大學,電影與電視學系,045252,14,49,2,無,無,115.5.15至115.5.16,底標,5,*2.00,,3.5,*1.00,,,,,,,,,,,,,,,,,,,,20%,審查資料,面試,,,true,true,true,,,true,true,,,true,,,true,true,true,true,,,,,面試,審查資料,學測國文級分,學測英文級分
義守大學,醫學科學與生物科技學系醫藥組,045262,20,60,2,無,無,115.5.15至115.5.16,,,,,,,,,,,,,,,,,,,,,,,,,,,,,,,true,true,true,true,,true,true,,true,,true,,,true,true,true,true,,,,審查資料,面試,學測自然級分,學測英文級分
義守大學,醫學科學與生物科技學系生技組,045272,23,69,3,無,無,115.5.15至115.5.16,後標,3,*1.50,,,,,,,,,,,,,,5,*1.75,,,,,,,,10%,審查資料,面試,,,true,true,true,true,,true,true,,true,,true,,,true,true,true,true,,,,審查資料,面試,學測自然級分,學測國文級分
義守大學,營養學系,045282,49,147,5,無,無,115.5.15至115.5.16,後標,,*1.00,,,*1.50,,,,,,,,,,,3,*2.00,,,,,,,,30%,審查資料,面試,,,true,true,true,true,,true,true,true,,,,,true,true,true,true,true,,,,面試,審查資料,學測自然級分,學測英文級分
義守大學,護理學系,045292,66,198,11,無,無,115.5.15至115.5.16,底標,5,*2.00,,,*1.00,,,,,,,,,,,3,*2.00,,,,,,,,30%,審查資料,面試,,,true,true,,true,,true,true,true,,,,,true,true,true,true,,,,,學測自然級分,學測英文級分,學測國文級分,面試
義守大學,醫學影像暨放射科學系,045302,56,168,10,無,無,115.5.15至115.5.16,,,*1.00,,5,*1.50,,6,*2.00,,,,,,,後標,3,*2.00,,,,,,,,30%,審查資料,面試,,,true,true,true,true,,true,true,true,,true,,,,true,true,true,,,,,面試,學測數學A級分,學測自然級分,學測英文級分
義守大學,物理治療學系,045312,36,108,9,無,無,115.5.15至115.5.16,,,*1.00,,6,*1.50,,,*1.00,,,,,,,均標,3,*1.50,,,,,,,,30%,審查資料,面試,,,true,true,,true,,true,,,true,true,,true,,true,true,true,,,,,學測自然級分,學測英文級分,面試,審查資料
義守大學,職能治療學系,045322,45,135,10,無,無,115.5.15至115.5.16,,,*1.00,,3,*1.25,,,*1.00,,,,,,,均標,7,*1.25,,,,,,,,30%,審查資料,面試,,,true,true,true,,,true,,true,,true,,true,,true,true,true,,,,,學測自然級分,學測英文級分,面試,審查資料
義守大學,醫學檢驗技術學系,045332,46,138,9,無,無,115.5.15至115.5.16,,,*1.00,,5,*1.00,,,,,,,,,,後標,3,*2.00,,,,,,,,30%,審查資料,面試,,,true,,,true,,true,true,,,,,,,true,true,true,true,,,,面試,學測自然級分,學測英文級分,學測國文級分
義守大學,醫學系(公費生),045342,27,81,無,無,無,115.5.15至115.5.16,前標,10,*1.00,前標,3,*2.00,前標,,,,,,,,,前標,10,*1.00,,,,,,,,10%,審查資料,面試,,,true,true,true,true,,true,,,true,,,true,true,true,true,true,true,,,,面試,學測英文級分,學測自然級分,學測國文級分
義守大學,視覺藝術與設計學系,045352,17,255,1,無,無,115.5.15至115.5.16,,15,,,,,,,,,,,,,,,,,,,,,,,,0%,審查資料,面試,,,true,true,true,,true,true,true,,,,true,,true,true,true,true,,,,,面試,審查資料,學測國文級分,
銘傳大學,企業管理學系品牌行銷組（臺北校區）,046012,50,150,無,無,無,115.5.16至115.5.18,,,,,,,,,,,,,,,,,,,,,,,,,,,,,,,true,true,,,true,true,true,,,,true,true,,true,true,true,true,true,,,面試,學科能力測驗成績,,
銘傳大學,企業管理學系企業管理組（臺北校區）,046022,49,147,8,無,無,115.5.16至115.5.18,底標,3,*1.00,,,,,,,,,*1.00,,,,,,,,,,,,,,20%,審查資料,面試,,,true,true,,,true,true,true,true,true,,,,,true,true,true,true,true,,,面試,學科能力測驗成績,,
銘傳大學,會計學系會計審計組（臺北校區）,046032,51,153,2,無,無,115.5.16至115.5.18,,3,*1.00,,,,,,,,,*1.00,底標,3,*1.50,,,,,,,,,,,30%,審查資料,面試,,,true,true,true,,true,true,true,true,true,,,,,true,true,true,true,true,,,學測國文級分,學測數學B級分,面試,審查資料
銘傳大學,會計學系稅務規劃組（臺北校區）,046042,51,153,3,無,無,115.5.16至115.5.18,,3,*1.00,,,,,,,,,,底標,3,*1.50,,,,,,,,,,,30%,審查資料,面試,,,true,true,true,,true,true,true,true,true,,,,,true,true,true,true,true,,,學測國文級分,學測社會級分,面試,審查資料
銘傳大學,財務金融學系（臺北校區）,046052,101,303,8,無,無,115.5.16至115.5.18,,,,,,,,,,,,,,,,,,,,,,,,,,,,,,,true,true,true,,,true,true,true,,true,,,,true,true,true,true,true,,,面試,學測數學B級分,審查資料,
銘傳大學,資訊應用與金融保險學系金融組（臺北校區）,046062,42,126,3,無,無,115.5.16至115.5.18,底標,10,,,,,,,,,,,,3,,,,,,,,,,,,0%,審查資料,面試,,,true,true,,,true,true,true,true,,,,,true,true,true,true,true,true,,,面試,學測社會級分,學測國文級分,
銘傳大學,資訊應用與金融保險學系資訊組（臺北校區）,046072,30,90,2,無,無,115.5.16至115.5.18,,3,,,,,底標,,,底標,,,,,,,,,,,,,,,,0%,審查資料,面試,,,true,true,,,true,true,true,,,,,true,true,true,true,true,true,true,,,面試,學測國文級分,審查資料,
銘傳大學,國際企業學系跨境電商經營組（臺北校區）,046082,50,150,5,無,無,115.5.16至115.5.18,底標,3,*1.50,,,,,,,,,*1.00,,,,,,,,,,,,,,10%,審查資料,面試,,,true,true,,,true,true,true,true,,,,,true,true,,true,true,,,,面試,學測國文級分,審查資料,
銘傳大學,國際企業學系外貿行銷管理組（臺北校區）,046092,48,144,無,無,無,115.5.16至115.5.18,,,,,,,,,,,,,,,,,,,,,,,,,,,,,,,true,true,,,true,true,true,true,,,,,true,true,,true,true,,,,面試,學測社會級分,審查資料,
銘傳大學,人工智慧應用暨管理學士學位學程（臺北校區）,046102,35,105,1,無,無,115.5.16至115.5.18,底標,3,*1.50,,,,底標,,,底標,,,,,,,,,,,,,,,,30%,審查資料,面試,,,true,true,,,true,true,true,true,,,,,true,true,,true,true,,,,面試,學測國文級分,審查資料,
銘傳大學,新媒體暨傳播管理學系（臺北校區）,046112,30,90,2,無,無,115.5.16至115.5.18,後標,4,*2.00,底標,5,*1.50,,,,,3,*1.00,,,,,,,,,,,,,,40%,審查資料,面試,,,true,true,true,,true,true,true,true,,,,,true,true,true,true,true,true,,,學測國文級分,學測數學B級分,學測英文級分,面試
銘傳大學,廣播電視學系（臺北校區）,046122,29,87,3,無,無,115.5.16至115.5.18,底標,5,*2.00,,,,,,,,,,底標,3,*1.50,,,,,,,,,,,10%,審查資料,面試,,,true,true,true,,true,true,true,,true,,true,,,true,true,true,true,true,,,學科能力測驗成績,學測國文級分,學測社會級分,
銘傳大學,廣告暨策略行銷學系（臺北校區）,046132,28,84,3,無,無,115.5.16至115.5.18,,,*2.00,底標,,,,,,,,*1.50,,,,,,,,,,國數B,,3,,20%,審查資料,面試,,,true,true,true,,true,true,true,,,true,,,true,true,true,true,true,true,,,面試,審查資料,,
銘傳大學,影音新聞暨社群傳播學系（臺北校區）,046142,15,45,2,無,無,,底標,3,*1.00,,,,,,,,,,,,,,,,,,,,,,,20%,審查資料,,,,true,true,true,,true,true,true,,,,,,,true,,true,true,true,,,學科能力測驗成績,學測國文級分,指定項目甄試成績,
銘傳大學,傳播學院全媒體大一不分系學士班（臺北校區）,046152,10,50,無,無,無,115.5.16至115.5.18,底標,5,*2.00,,,,,,,,,,,,,,,*2.00,,,,國自,,10,,20%,審查資料,面試,,,true,true,true,true,,true,true,,,true,,,true,true,true,true,true,true,,,學測國自級分總和,學測國文級分,學測自然級分,審查資料
銘傳大學,法律學系（臺北校區）,046162,47,141,5,無,無,115.5.16至115.5.18,,6,*1.50,,,*1.00,,,,,,,後標,3,*2.00,,,,,,,,,,,50%,審查資料,面試,,,true,,,,true,true,,,true,,true,,,true,true,true,true,true,,,學測國英社級分總和,學測社會級分,學測國文級分,學測英文級分
銘傳大學,財金法律學系（臺北校區）,046172,47,141,2,無,無,115.5.16至115.5.18,後標,3,*2.00,,,*1.00,,,,,,,,,*1.50,,,,,,,,,,,50%,審查資料,面試,,,true,,,,true,true,,true,true,true,,,,true,true,true,true,true,,,指定項目甄試成績,學測國文級分,學測社會級分,學測英文級分
銘傳大學,國際企業與貿易學士學位學程（全英語授課．臺北校區）,046182,15,45,1,無,無,115.5.16至115.5.18,,,,,,,,,,,,,,,,,,,,,,,,,,,,,,,true,true,,,true,,true,,,true,,true,true,true,true,true,true,,,,面試,學測英文級分,審查資料,
銘傳大學,新聞與大眾傳播學士學位學程（全英語授課．臺北校區）,046192,13,39,1,無,無,115.5.16至115.5.18,,,,,,,,,,,,,,,,,,,,,,,,,,,,,,,true,true,true,,true,,true,true,,,true,,true,true,true,true,true,true,,,學測英文級分,審查資料,面試,
銘傳大學,時尚與創新管理學士學位學程（全英語授課．臺北校區）,046202,11,44,1,無,無,115.5.16至115.5.18,,5,*1.00,後標,4,*2.00,,,,,,,,,,,,,,,,,,,,30%,審查資料,面試,,,true,true,true,,true,,true,,,,true,true,true,true,true,true,true,true,,,面試,審查資料,學測國英級分總和,
銘傳大學,國際事務與外交學士學位學程（全英語授課．臺北校區）,046212,10,50,無,無,無,115.5.16至115.5.18,,8,*1.50,底標,5,*2.00,,,,,,,,8,*1.50,,,,,,,,,,,10%,審查資料,面試,,,true,true,,,true,true,true,true,,,,true,,true,true,true,true,,,,學測英文級分,學測社會級分,面試,審查資料
銘傳大學,資訊科技應用與管理學士學位學程（全英語授課．桃園校區）,046222,7,21,1,無,無,115.5.16至115.5.18,,4,*1.50,底標,3,*2.00,底標,,,底標,,,,,,,,,,,,,,,,25%,審查資料,面試,,,true,true,,true,,,true,true,,,,true,true,true,true,true,true,,,,面試,學測英文級分,學測國文級分,
銘傳大學,應用中文與華語文教學系文教傳播組（桃園校區）,046232,10,50,無,無,無,115.5.16至115.5.18,底標,5,*2.00,,,,,,,,,,,,*1.00,,,,,,,,,,,10%,審查資料,面試,,,true,true,true,,,true,true,,,,true,,,true,true,true,true,,,,學測國社級分總和,學測國文級分,面試,
銘傳大學,應用中文與華語文教學系語文創作組（桃園校區）,046242,10,50,1,無,無,115.5.16至115.5.18,底標,5,*2.00,,,,,,,,,,,,*1.00,,,,,,,,,,,10%,審查資料,面試,,,true,true,true,,,true,true,,,,true,,,true,true,true,true,,,,學測國社級分總和,學測國文級分,面試,
銘傳大學,應用英語學系（桃園校區）,046252,10,50,2,無,無,115.5.16至115.5.18,,,,,,,,,,,,,,,,,,,,,,,,,,,,,,,true,true,true,,true,true,,,,,true,true,true,true,true,true,true,true,,,學測英文級分,英語面試,審查資料,學測社會級分
銘傳大學,應用日語學系（桃園校區）,046262,79,237,3,無,無,115.5.16至115.5.18,底標,3,*2.00,,,,,,,,,,,6,*1.50,,,,,,,,,,,30%,審查資料,面試,,,true,true,true,,true,true,true,,,,,true,true,true,true,true,true,true,,,學科能力測驗成績,面試,審查資料,學測國文級分
銘傳大學,商業設計學系（桃園校區）,046272,57,171,1,無,無,115.5.16至115.5.18,底標,3,*1.00,,,,,,,,,,底標,5,*1.00,,,,,,,,,,,20%,審查資料,面試,,,true,true,true,,,,true,,,true,true,true,,true,true,true,true,true,,,學測社會級分,學測國文級分,指定項目甄試成績,
銘傳大學,商品設計學系（桃園校區）,046282,64,192,1,無,無,115.5.16至115.5.18,底標,5,*1.00,,,,,,,,,,,3,*1.00,,,,,,,,,,,30%,審查資料,面試,,,true,true,true,,true,true,,,,true,true,,true,true,,true,true,true,,,面試,審查資料,,
銘傳大學,數位媒體設計學系（桃園校區）,046292,65,195,2,無,無,115.5.16至115.5.18,底標,7,*2.00,,,,,,,,,,,3,*1.00,,,,,,,,,,,20%,審查資料,面試,,,true,true,true,,,,,true,,true,true,,true,true,,true,true,true,,,面試,審查資料,學測國文級分,學測社會級分
銘傳大學,建築學系（桃園校區）,046302,36,108,2,無,無,115.5.16至115.5.18,底標,3,*1.50,底標,3,*1.25,,,,,,,,3,*1.00,,,,,,,,,,,20%,審查資料,面試,,,true,true,true,,,true,,true,,true,true,,,true,,true,true,,,,面試,審查資料,學測英文級分,學測社會級分
銘傳大學,都市設計與永續發展學系智慧城市與無人機應用組（桃園校區）,046312,16,48,1,無,無,115.5.16至115.5.18,底標,3,*1.00,,,,,,,,,,,,,,,,,,,,,,,10%,審查資料,面試,,,true,true,true,,,true,true,,,,,,,true,,true,true,,,,面試,審查資料,學測國文級分,
銘傳大學,都市設計與永續發展學系都市更新與土地開發組（桃園校區）,046322,10,50,1,無,無,115.5.16至115.5.18,,,,,,,,,,,,,,,,,,,,,,,,,,,,,,,true,true,,,true,true,true,,,,,,,true,,true,true,,,,面試,審查資料,學測社會級分,
銘傳大學,觀光事業學系（桃園校區）,046332,41,123,1,無,無,115.5.16至115.5.18,,5,*1.00,,8,*1.00,,,,,,,底標,3,*1.00,,,,,,,,,,,20%,審查資料,面試,,,true,true,true,,true,,true,,,true,,true,true,true,true,true,true,,,,面試,學測社會級分,學測國文級分,學測英文級分
銘傳大學,休閒遊憩管理學系（桃園校區）,046342,38,114,2,無,無,115.5.16至115.5.18,底標,3,*1.50,,,*1.00,,,,,,,,,,,,,,,,國英,,10,,15%,審查資料,面試,,,true,true,true,,true,true,true,true,,true,,,,true,true,true,true,,,,審查資料,學測國文級分,學測英文級分,
銘傳大學,餐旅管理學系（桃園校區）,046352,41,123,1,無,無,115.5.16至115.5.18,,,,,,,,,,,,,,,,,,,,,,,,,,,,,,,true,true,true,,true,true,true,true,,,,,true,true,true,true,true,true,,,面試,學測國文級分,學測社會級分,
銘傳大學,犯罪防治學系（桃園校區）,046362,65,195,2,無,無,115.5.16至115.5.18,,,*2.00,,,*1.00,,,,,,,底標,7,*2.00,,,,,,,國社,,3,,40%,審查資料,面試,,,true,true,,,true,true,true,,true,,,,,true,true,true,true,,,,學測社會級分,學測國文級分,學測英文級分,面試
銘傳大學,公共事務與行政管理學系（桃園校區）,046372,32,96,3,無,無,115.5.16至115.5.18,,7,*2.00,,,,,,,,,,底標,,*1.00,,,,,,,國社,,3,,20%,審查資料,面試,,,true,true,true,,true,true,,,true,,true,,true,true,true,true,true,,,,面試,學測社會級分,學測國文級分,審查資料
銘傳大學,諮商臨床與工商心理學系（桃園校區）,046382,62,186,3,無,無,115.5.16至115.5.18,,,*1.00,,,*2.00,底標,,,底標,,,後標,,,,,,,,,國英社,,3,,50%,審查資料,面試,,,true,,,true,true,true,true,true,true,,,,,true,true,true,true,true,,,指定項目甄試成績,學測國英社級分總和,學測英文級分,
銘傳大學,金融學系（桃園校區）,046392,75,225,2,無,無,115.5.16至115.5.18,底標,3,*2.00,,,,,,,,,,,3,*1.50,,,,,,,,,,,20%,審查資料,面試,,,true,true,true,,true,true,true,true,,true,,,,true,true,true,true,true,,,面試,學測國文級分,學測社會級分,
銘傳大學,金融科技應用學系（桃園校區）,046402,35,105,2,無,無,115.5.16至115.5.18,底標,3,*2.00,,,,,,,,,,底標,3,*1.50,,,,,,,,,,,30%,審查資料,面試,,,true,true,true,true,true,,true,,true,,true,,,true,true,true,true,,,,面試,審查資料,學測國社級分總和,學測國文級分
銘傳大學,資訊管理學系人工智慧應用組（桃園校區）,046412,40,120,1,無,無,115.5.16至115.5.18,,,*1.00,底標,3,*1.00,,,,,,,,,,,,,,,,國英,,5,,30%,審查資料,面試,,,true,true,true,,,true,,,,true,,true,true,true,true,true,true,true,,,學測國英級分總和,學測國文級分,面試,審查資料
銘傳大學,資訊管理學系巨量資料管理組（桃園校區）,046422,40,120,1,無,無,115.5.16至115.5.18,,,*1.00,,,,,,,底標,3,*1.00,,,,,,,,,,國數B,,5,,30%,審查資料,面試,,,true,true,true,,,true,,,,true,,true,true,true,true,true,true,true,,,學測國數B級分總和,學測國文級分,面試,審查資料
銘傳大學,資訊管理學系電子商務管理組（桃園校區）,046432,45,135,1,無,無,115.5.16至115.5.18,,,*1.00,,,,,,,,,,底標,3,*1.00,,,,,,,國社,,5,,30%,審查資料,面試,,,true,true,true,,,true,,,,true,,true,true,true,true,true,true,true,,,學測國社級分總和,學測國文級分,面試,審查資料
銘傳大學,人工智慧應用學系（桃園校區）,046442,107,321,1,無,無,115.5.16至115.5.18,底標,3,*2.00,,,*1.00,底標,,,底標,,,,,,,,,,,,,,,,30%,審查資料,面試,,,true,true,true,,,true,,,,,,,true,true,true,true,true,,,,面試,學測國文級分,學測國英級分總和,審查資料
銘傳大學,資訊工程學系甲組（桃園校區）,046452,65,195,1,無,無,115.5.16至115.5.18,,,,,,,,,,,,,,,,,,,,,,,,,,,,,,,true,true,true,true,,true,true,,,true,,true,,true,true,,true,true,,,學科能力測驗成績,審查資料,面試,
銘傳大學,資訊工程學系乙組（桃園校區）,046462,103,309,1,無,無,115.5.16至115.5.18,底標,3,*1.00,,,,,,,底標,3,*2.00,,,,,,,,,,,,,,30%,審查資料,面試,,,true,true,true,true,,true,true,,,true,,true,,true,true,,true,true,,,學科能力測驗成績,審查資料,面試,
銘傳大學,電機工程學系（桃園校區）,046472,118,354,1,無,無,115.5.16至115.5.18,底標,3,*1.00,,,,底標,3,*1.00,,,,,,,,,,,,,,,,,30%,審查資料,面試,,,true,true,true,,,true,,,,,,true,,true,true,true,true,true,true,,面試,學測數學A級分,審查資料,學測國文級分
銘傳大學,半導體應用學士學位學程（桃園校區）,046482,29,87,1,無,無,115.5.16至115.5.18,底標,,*1.00,,,,底標,,*1.00,,,,,,,,,,,,,國數A,,3,,30%,審查資料,面試,,,true,true,true,,,true,true,true,,true,,,,true,true,true,true,,,,面試,學測數學A級分,學測國文級分,審查資料
銘傳大學,智慧醫療與永續管理學系健康永續管理組（桃園校區）,046492,15,45,2,無,無,115.5.16至115.5.18,,,*2.00,,,,,,,,,,底標,3,*1.50,,,,,,,國社,,8,,20%,審查資料,面試,,,true,true,true,,true,true,true,,true,,,true,,true,true,true,true,true,,,面試,學測國文級分,學測社會級分,
銘傳大學,智慧醫療與永續管理學系智慧醫療產業組（桃園校區）,046502,17,51,2,無,無,115.5.16至115.5.18,,,*2.00,,,,,,,,,,,,,底標,3,*1.50,,,,國自,,8,,20%,審查資料,面試,,,true,true,true,,true,true,true,,true,,,true,,true,true,true,true,true,,,面試,學測國文級分,學測自然級分,
銘傳大學,生物科技學系智慧應用生技組（桃園校區）,046512,22,66,1,無,無,115.5.16至115.5.18,,,*1.00,,,,,,,,,,,,,底標,3,*1.00,,,,國自,,8,,20%,審查資料,面試,,,true,true,true,true,,true,,,,,,,true,true,true,true,true,true,,,面試,學測自然級分,,
銘傳大學,生物科技學系食品生技組（桃園校區）,046522,45,135,2,無,無,115.5.16至115.5.18,,,*1.00,,,,,,,,,,,,,底標,3,*1.00,,,,國英自,,8,,20%,審查資料,面試,,,true,true,true,true,,true,,,,,,,true,true,true,true,true,true,,,面試,學測自然級分,學測英文級分,
銘傳大學,生物醫學工程學系生醫光電組（桃園校區）,046532,15,45,無,無,無,115.5.16至115.5.18,,,,,,,,,,,,,,,,,,,,,,,,,,,,,,,true,true,true,,,true,,,,,,,true,true,true,true,true,true,,,學測英文級分,學測自然級分,審查資料,面試
銘傳大學,生物醫學工程學系人工智慧醫療組（桃園校區）,046542,18,54,1,無,無,115.5.16至115.5.18,底標,,*2.00,,,,,,,,,,,,,,3,*1.50,,,,國自,,8,,20%,審查資料,面試,,,true,true,true,,,true,,,,,,,true,true,true,true,true,true,,,學測國文級分,學測自然級分,審查資料,面試
銘傳大學,資訊應用與金融保險學系（青年儲蓄帳戶組．臺北校區）,046552,1,50,無,無,無,,底標,,,,,,,,,,,,,,,,,,,,,,,,,0%,審查資料,,,,,,,,,true,,,,,,,,true,,true,true,true,,,,,,
銘傳大學,影音新聞暨社群傳播學系（青年儲蓄帳戶組．臺北校區）,046562,1,50,無,無,無,,底標,,,,,,,,,,,,,,,,,,,,,,,,,0%,審查資料,,,,true,true,true,,true,true,,,,,,,,true,,true,true,true,true,,指定項目甄試成績,審查資料,,
銘傳大學,金融科技應用學系（青年儲蓄帳戶組．桃園校區）,046572,1,50,無,無,無,,底標,,,,,,,,,,,,,,,,,,,,,,,,,0%,審查資料,,,,,,,,,true,,,,,,,,true,,true,,true,,,,,,
銘傳大學,智慧醫療與永續管理學系（青年儲蓄帳戶組．桃園校區）,046582,1,50,無,無,無,,底標,,,,,,,,,,,,底標,,,底標,,,,,,,,,,0%,審查資料,,,,true,true,true,,true,true,true,,true,,,true,,true,true,true,true,true,true,,,,,
世新大學,新聞學系,047012,85,255,8,無,無,115.5.16至115.5.17,底標,3,*1.00,,3,*1.00,,,,,,,,,,,,,,,,,,,,10%,審查資料,面試,,,true,true,true,,,true,true,,,true,,true,,true,true,true,true,true,,,面試,審查資料,學測國文級分,學測英文級分
世新大學,廣播電視電影學系廣播與聲音設計組,047022,79,237,無,無,無,115.5.16至115.5.17,後標,5,*1.50,,3,*2.00,,,,,,,,3,*1.00,,,,,,,,,,,10%,審查資料,面試,,,true,true,true,,,true,true,,,true,,true,,true,,true,true,true,,,面試,審查資料,學測英文級分,學測國文級分
世新大學,廣播電視電影學系電視組,047032,114,342,8,無,無,115.5.16至115.5.17,後標,5,*1.50,,3,*2.00,,,,,,,,3,*1.00,,,,,,,,,,,10%,審查資料,面試,,,true,true,true,,,true,true,,,true,,true,,true,,true,true,true,,,面試,審查資料,學測英文級分,學測國文級分
世新大學,廣播電視電影學系電影組,047042,62,186,無,無,無,115.5.16至115.5.17,後標,5,*1.50,,3,*2.00,,,,,,,,3,*1.00,,,,,,,,,,,10%,審查資料,面試,,,true,true,true,,,true,true,,,true,,true,,true,,true,true,true,,,面試,審查資料,學測英文級分,學測國文級分
世新大學,圖文傳播學系,047052,66,198,8,1,無,115.5.16至115.5.17,底標,3,*1.00,,,*1.00,,,,,,,,,,,,,,,,,,,,10%,審查資料,面試,,,true,true,true,,,true,true,,,true,true,,,true,,true,true,true,,,審查資料,學測國文級分,學測英文級分,
世新大學,公共關係暨廣告學系,047062,122,366,13,無,無,115.5.16至115.5.17,底標,5,*1.00,,3,*1.00,,,,,,,,3,*1.00,,,,,,,,,,,10%,審查資料,面試,,,true,true,true,,,true,true,true,,,true,,,true,true,true,true,true,,,學科能力測驗成績,審查資料,面試,
世新大學,口語傳播暨社群媒體學系,047072,78,234,7,無,無,115.5.16至115.5.17,底標,3,*1.00,,,,,,,,,,,3,*1.00,,,,,,,,,,,10%,審查資料,面試,,,true,true,true,,,true,,true,,true,,true,,true,true,true,true,true,,,面試,學測國文級分,學測社會級分,
世新大學,資訊傳播學系,047082,22,66,3,1,無,115.5.16至115.5.17,底標,5,*1.00,,3,*1.00,,,,,,,,,*1.00,,,,,,,,,,,10%,審查資料,面試,,,true,true,true,,,true,,,,,,,,true,,true,true,true,,,面試,學測國文級分,,
世新大學,數位多媒體設計學系,047092,52,156,8,無,無,115.5.16至115.5.17,底標,3,*1.00,,,*1.00,,,,,,,,,,,,,,,,,,,,10%,審查資料,面試,,,true,true,true,,,true,true,,,true,,true,,true,,true,true,true,,,面試,審查資料,學測英文級分,學測國文級分
世新大學,傳播管理學系,047102,87,261,10,1,無,115.5.16至115.5.17,底標,,*1.50,,,*1.00,,,,,,,,,,,,,,,,國英,,3,,10%,審查資料,面試,,,true,true,true,,,true,true,true,,true,,,,true,true,true,true,true,,,面試,審查資料,學測國文級分,學測英文級分
世新大學,資訊管理學系智慧商務暨數據傳播組,047112,46,138,5,無,無,115.5.16至115.5.17,,,,,,,,,,,,,,,,,,,,,,,,,,,,,,,true,true,true,,,true,,,,,,,,true,,,true,true,,,學測數學B級分,面試,審查資料,
世新大學,資訊管理學系智慧商務暨數據傳播組(資安組),047122,3,50,無,無,無,115.5.16至115.5.17,,,,,,,,,,,,,,,,,,,,,,,,,,,,,,,true,true,true,,,true,,,,,,,,true,,,true,true,,,學測數學B級分,面試,審查資料,
世新大學,資訊管理學系人工智慧暨科技傳播組,047132,27,81,4,無,無,115.5.16至115.5.17,,,,,,,,,,,,,,,,,,,,,,,,,,,,,,,true,true,true,,,true,,,,,,,,true,,,true,true,,,學測數學B級分,面試,審查資料,
世新大學,資訊管理學系人工智慧暨科技傳播組(資安組),047142,3,50,無,無,無,115.5.16至115.5.17,,,,,,,,,,,,,,,,,,,,,,,,,,,,,,,true,true,true,,,true,,,,,,,,true,,,true,true,,,學測數學B級分,面試,審查資料,
世新大學,財務金融學系,047152,34,102,4,無,無,115.5.16至115.5.17,,,,,,,,,,,,,,,,,,,,,,,,,,,,,,,true,true,true,,,true,,,,,,,,true,true,true,true,true,,,面試,學測數學B級分,學測社會級分,
世新大學,行政管理學系行政與法律組,047162,5,50,1,無,無,115.5.16至115.5.17,,10,*1.00,,,,,,,,,,底標,,,,,,,,,,,,,10%,審查資料,面試,,,true,true,true,,,true,true,,true,,,,,true,true,true,true,true,,,面試,學測國文級分,學測社會級分,
世新大學,行政管理學系政策與傳播組,047172,5,50,1,無,無,115.5.16至115.5.17,底標,10,*1.00,,,,,,,,,,,10,*1.00,,,,,,,,,,,10%,審查資料,面試,,,true,true,true,,,true,true,,true,,,,,true,true,true,true,true,,,面試,學測社會級分,學測國文級分,
世新大學,觀光學系餐旅經營管理組,047182,18,54,3,無,無,115.5.16至115.5.17,底標,5,*2.00,,3,*1.00,,,,,,,,,,,,,,,,,,,,10%,審查資料,面試,,,true,true,true,,,true,,,,,,,,true,,true,,true,,,面試,審查資料,學測國文級分,學測英文級分
世新大學,觀光學系旅遊暨休閒事業管理組,047192,18,54,3,無,無,115.5.16至115.5.17,底標,5,*2.00,,3,*1.00,,,,,,,,,,,,,,,,,,,,10%,審查資料,面試,,,true,true,true,,,true,,,,,,,,true,,true,,true,,,面試,審查資料,學測國文級分,學測英文級分
世新大學,經濟學系產業經濟組,047202,7,49,1,無,無,115.5.16至115.5.17,,,,,,,,,,,,,,,,,,,,,,,,,,,,,,,true,true,true,,,true,,true,,,,true,,true,true,true,true,true,,,學測數學B級分,學測社會級分,面試,
世新大學,經濟學系總體金融組,047212,7,49,1,無,無,115.5.16至115.5.17,,,,,,,,,,,,,,,,,,,,,,,,,,,,,,,true,true,true,,,true,,true,,,,true,,true,true,true,true,true,,,學測數學B級分,學測社會級分,面試,
世新大學,經濟學系AI與商業分析組,047222,4,50,1,無,無,115.5.16至115.5.17,,,,,,,,,,,,,,,,,,,,,,,,,,,,,,,true,true,true,,,true,,true,,,,true,,true,true,true,true,true,,,學測數學B級分,學測社會級分,面試,
世新大學,企業管理學系人工智慧管理組,047232,10,50,2,無,無,115.5.16至115.5.17,底標,5,*1.00,,5,*1.00,,,,,,,,5,*1.00,,,,,,,,,,,10%,審查資料,面試,,,true,true,true,,,true,true,,,true,,true,,true,,true,true,true,,,面試,審查資料,學測國文級分,學測英文級分
世新大學,企業管理學系跨域創新組,047242,8,48,1,無,無,115.5.16至115.5.17,底標,6,*1.00,,,,,,,,,,,6,*1.00,,,,,,,,,,,10%,審查資料,面試,,,true,true,true,,,true,true,,,true,,true,,true,,true,true,true,,,面試,審查資料,學測國文級分,學測社會級分
世新大學,社會心理學系,047252,18,54,3,1,無,115.5.16至115.5.17,底標,3,*1.00,,,,,,,,,,,3,*1.00,,,,,,,,,,,10%,審查資料,面試,,,true,true,true,,,true,,,,,,,,true,true,true,true,true,,,面試,審查資料,學測社會級分,學測國文級分
世新大學,英語暨傳播應用學系,047262,18,54,3,無,無,115.5.16至115.5.17,,,*1.00,後標,3,*2.00,,,,,,,,,,,,,,,,,,,,10%,審查資料,面試,,,true,true,true,,,true,,,,,,,,true,,true,true,true,,,面試,學測國文級分,,
世新大學,日本語文學系,047272,18,54,3,無,無,115.5.16至115.5.17,底標,3,*1.00,,,,,,,,,,,3,*1.00,,,,,,,,,,,10%,審查資料,面試,,,true,true,true,,,true,true,,,true,,true,,true,,true,true,true,,,面試,學測國文級分,學測社會級分,
世新大學,法律學系,047282,43,129,6,無,無,115.5.16至115.5.17,後標,3,*1.00,,,*1.00,,,,,,,,,*1.00,,,,,,,,,,,10%,審查資料,面試,,,true,true,true,,,true,,,,,,,,true,true,true,true,true,,,面試,學測國文級分,學測英文級分,
實踐大學,食品營養與保健生技學系(臺北校區),050012,42,126,3,無,無,115.5.16115.5.17,,,,,,,,,,,,,,,,,,,,,,,,,,,,,,,true,true,true,true,,true,true,,,,,,true,true,true,true,true,,,,面試,審查資料,學測國文級分,學測自然級分
實踐大學,食品營養與保健生技學系食品創新與科技法律組(臺北校區),050022,10,50,1,無,無,115.5.16115.5.17,底標,,,,,,,,,,,,,,,,,,,,,國自,,5,,0%,審查資料,面試,,,true,true,true,true,,true,true,,,,,,true,true,true,true,true,,,,面試,審查資料,學測國文級分,學測自然級分
實踐大學,食品營養與保健生技學系(青年儲蓄帳戶組)(臺北校區),050032,1,50,無,無,無,115.5.16115.5.17,,,,,,,,,,,,,,,,,,,,,,,,,,,,,,,true,true,true,true,,true,true,,,,,,true,true,true,true,true,true,,,面試,審查資料,,
實踐大學,社會工作學系兒少、家庭與司法組(臺北校區),050042,25,75,1,無,無,115.5.16115.5.17,底標,3,,,,,,,,,,,,,,,,,,,,,,,,0%,審查資料,面試,,,true,,,,true,,true,,true,,,,,true,true,true,true,true,,,面試,審查資料,學測國文級分,
實踐大學,社會工作學系老人、長照與身障組(臺北校區),050052,11,50,2,無,無,115.5.16115.5.17,底標,,,,,,,,,,,,,,,,,,,,,國社,,4.5,,0%,審查資料,面試,,,true,,,,true,,true,,true,,,,,true,true,true,true,true,,,面試,審查資料,學測國文級分,學測社會級分
實踐大學,社會工作學系心理衛生與醫務組(臺北校區),050062,14,49,2,無,無,115.5.16115.5.17,,,,,,,,,,,,,,,,,,,,,,,,,,,,,,,true,,,,true,,true,,true,,,,,true,true,true,true,true,,,面試,審查資料,學測社會級分,
實踐大學,家庭研究與兒童發展學系幼兒教保組(臺北校區),050072,14,49,2,無,無,115.5.16115.5.17,底標,3.5,,,,,,,,,,,,10,,,,,,,,,,,,0%,審查資料,面試,,,true,,,,,true,true,true,true,,,,,true,true,true,true,true,,,面試,審查資料,學測國文級分,學測社會級分
實踐大學,家庭研究與兒童發展學系家庭教育與輔導組(臺北校區),050082,10,50,無,無,無,115.5.16115.5.17,,,,,,,,,,,,,,,,,,,,,,,,,,,,,,,true,,,,,true,true,true,true,,,,,true,true,true,true,true,,,面試,審查資料,學測社會級分,學測英文級分
實踐大學,餐飲管理學系廚藝組(臺北校區),050092,11,50,1,無,無,115.5.16115.5.17,底標,4.5,,,4.5,,,,,,,,,,,,,,,,,,,,,0%,審查資料,面試,,,true,true,,,,,true,,true,,true,,true,true,true,true,true,true,,,面試,審查資料,學測國文級分,學測英文級分
實踐大學,餐飲管理學系餐旅組(臺北校區),050102,11,50,1,無,無,115.5.16115.5.17,,4.5,,底標,4.5,,,,,,,,,,,,,,,,,,,,,0%,審查資料,面試,,,true,true,,,,,true,,true,,true,,true,true,true,true,true,true,,,面試,審查資料,學測英文級分,學測國文級分
實踐大學,法律學系(臺北校區),050112,23,69,2,無,無,115.5.16115.5.17,後標,,*1.00,後標,,,,,,,,,,3,*1.00,,,,,,,,,,,10%,審查資料,面試,,,true,true,true,,true,true,,true,true,,,,,true,true,true,true,true,,,面試,審查資料,學測社會級分,學測英文級分
實踐大學,服裝設計學系(臺北校區),050122,67,201,2,無,無,115.5.16,,,,,,,,,,,,,,,,,,,,,,,,,,,,,,,true,,,,,true,,,,,,,,true,,,,true,,,作品集面試,術科：創意設計,審查資料,
實踐大學,媒體傳達設計學系動畫影像設計組(臺北校區),050132,21,63,1,無,無,115.5.16,底標,,,後標,3,,,,,,,,,,,,,,,,,,,,,0%,審查資料,術科：創意設計,作品集面試,,,,,,,true,,,,,true,,,true,,true,true,true,,,作品集面試,術科：創意設計,學測英文級分,學測國文級分
實踐大學,媒體傳達設計學系創意媒體設計組(臺北校區),050142,21,63,1,無,無,115.5.16,底標,,,後標,3,,,,,,,,,,,,,,,,,,,,,0%,審查資料,術科：創意設計,作品集面試,,,,,,,true,,,,,true,,,true,,true,true,true,,,作品集面試,術科：創意設計,學測英文級分,學測國文級分
實踐大學,工業產品設計學系(臺北校區),050152,37,111,1,無,無,115.5.16,,,,,,,,,,,,,,,,,,,,,,,,,,,,,,,true,true,true,true,true,true,,,,,true,,true,true,true,true,true,true,true,,作品集面試,創意設計,學測英文級分,學測國文級分
實踐大學,建築設計學系人文藝術組(臺北校區),050162,8,48,無,無,無,115.5.16,後標,,,,,,,,,,,,,,,,,,,,,國英社,,6,,0%,審查資料,術科：創意設計,作品集面試,,,,,,,true,,,,,true,,true,true,true,true,,true,true,,術科：創意設計,作品集面試,學測國文級分,
實踐大學,建築設計學系創意科技組(臺北校區),050172,17,51,1,無,無,115.5.16,,,,,,,,,,,,,,,,,,,,,,,,,,,,,,,,,,,,true,,,,,true,,true,true,true,true,,true,true,,術科：創意設計,作品集面試,學測自然級分,
實踐大學,建築職人學士學位學程(臺北校區),050182,15,45,1,無,無,115.5.15115.5.17,底標,3,,,,,,,,,,,,,,,,,,,,,,,,0%,審查資料,面試,,,,,,,,true,,,,,true,,true,true,true,true,true,,,,面試,審查資料,學測國文級分,
實踐大學,會計學系會計審計組(臺北校區),050192,27,81,2,無,無,115.5.15115.5.16115.5.17,底標,3,*1.00,,,,,,,,,,,,,,,,,,,,,,,20%,審查資料,面試,,,true,true,,,true,true,,true,,,,true,,true,,,true,true,,,面試,審查資料,學測國文級分,
實踐大學,會計學系永續會計組(臺北校區),050202,14,49,1,無,無,115.5.15115.5.16115.5.17,,3.5,*1.00,,,,,,,,,,底標,3.5,*1.00,,,,,,,,,,,20%,審查資料,面試,,,true,true,,,true,true,,true,,,,true,,true,,,true,true,,,面試,審查資料,學測國社級分總和,
實踐大學,國際經營與貿易學系經貿管理組(臺北校區),050212,10,50,無,無,無,115.5.16115.5.17,,12,,,,,,,,,,,底標,5,,,,,,,,,,,,0%,審查資料,面試,,,true,true,,,true,,true,true,true,,,true,,true,,,true,,,,面試,審查資料,學測社會級分,
實踐大學,國際經營與貿易學系跨境行銷組(臺北校區),050222,11,50,1,無,無,115.5.16115.5.17,,4.5,,底標,12,,,,,,,,,,,,,,,,,,,,,0%,審查資料,面試,,,true,true,,,true,,true,true,true,,,true,,true,,,true,,,,面試,審查資料,學測英文級分,
實踐大學,國際經營與貿易學系國際金融組(臺北校區),050232,11,50,無,無,無,115.5.16115.5.17,底標,12,,,,,,,,,,,,4.5,,,,,,,,,,,,0%,審查資料,面試,,,true,true,,,true,,true,true,true,,,true,,true,,,true,,,,面試,審查資料,學測國文級分,
實踐大學,國際經營與貿易學系智慧物流組(臺北校區),050242,11,50,2,無,無,115.5.16115.5.17,底標,4.5,,,,,,,,,,,,,,,,,,,,國英社,,12,,0%,審查資料,面試,,,true,true,,,true,,true,true,true,,,true,,true,,,true,,,,面試,審查資料,學測國文級分,
實踐大學,企業管理學系策略管理組(臺北校區),050252,10,50,無,無,無,115.5.15115.5.16115.5.17,底標,,,,,,,,,,,,,,,,,,,,,國社,,5,,0%,審查資料,面試,,,true,,,,true,true,true,true,,true,,,,true,true,true,true,,,,面試,審查資料,學測國文級分,
實踐大學,企業管理學系ＡＩ行銷組(臺北校區),050262,12,48,1,無,無,115.5.15115.5.16115.5.17,底標,12,,,,,,,,,,,,,,,4,,,,,,,,,0%,審查資料,面試,,,true,,,,true,true,true,true,,true,,,,true,true,true,true,,,,面試,審查資料,學測國文級分,學測自然級分
實踐大學,企業管理學系綠色永續組(臺北校區),050272,13,46,1,無,無,115.5.15115.5.16115.5.17,,12,,,,,,,,,,,底標,3.5,,,,,,,,,,,,0%,審查資料,面試,,,true,,,,true,true,true,true,,true,,,,true,true,true,true,,,,面試,審查資料,學測國文級分,學測社會級分
實踐大學,企業管理學系創新創業組(臺北校區),050282,10,50,1,無,無,115.5.15115.5.16115.5.17,底標,12,,,5,,,,,,,,,,,,,,,,,,,,,0%,審查資料,面試,,,true,,,,true,true,true,true,,true,,,,true,true,true,true,,,,審查資料,面試,學測國文級分,學測英文級分
實踐大學,企業管理學系(青年儲蓄帳戶組)(臺北校區),050292,1,50,無,無,無,115.5.15115.5.16115.5.17,底標,,,,,,,,,,,,,,,,,,,,,,,,,0%,審查資料,面試,,,true,true,true,true,true,,,,,,,,,,,,,true,,,面試,審查資料,,
實踐大學,財務金融學系(臺北校區),050302,37,111,2,無,無,115.5.15115.5.16115.5.17,,,,,,,,,,,,,,,,,,,,,,,,,,,,,,,true,,,,,,true,true,,,,,,true,,true,,true,,,面試,審查資料,學測英文級分,
實踐大學,財務金融學系數位行銷設計組(臺北校區),050312,11,50,1,無,無,115.5.15115.5.16,底標,4.5,*1.00,,,*1.00,,,,,,*1.00,,,,,,,,,,,,,,10%,審查資料,面試,,,true,,,,,,true,true,,,,,,true,,true,,true,,,面試,審查資料,學測英文級分,學測國文級分
實踐大學,風險管理與保險學系(臺北校區),050322,48,144,3,無,無,115.5.15115.5.16115.5.17,,,,,,,,,,,,,,,,,,,,,,,,,,,,,,,true,true,,,,true,,true,,true,,true,,true,true,true,true,,,,面試,學測英文級分,學測社會級分,
實踐大學,應用外語學系(臺北校區),050332,28,84,2,無,無,115.5.15115.5.16,,3,*1.00,後標,3,*2.00,,,,,,,,,,,,,,,,,,,,10%,審查資料,英文面試,,,true,,,,,true,true,,,,true,true,,true,true,,,true,,,英文面試,學測英文級分,學測國文級分,審查資料
實踐大學,應用外語學系數位應用組(臺北校區),050342,12,48,1,無,無,115.5.15115.5.16,底標,4,*1.00,後標,4,*2.00,,,,,,,,,,,,,,,,,,,,10%,審查資料,英文面試,,,true,,,,,true,,,,true,true,true,,true,true,,,true,,,英文面試,學測英文級分,學測國文級分,審查資料
實踐大學,資訊科技與管理學系人工智慧與大數據組(臺北校區),050352,29,87,2,無,無,115.5.15115.5.16115.5.17,底標,,,,,,,,,,,,,,,,,,,,,國自,,3,,0%,審查資料,面試,,,true,true,true,true,true,true,,,,,,,,true,,true,true,true,,,面試,審查資料,學測自然級分,學測國文級分
實踐大學,資訊科技與管理學系雲端運算與物聯網組(臺北校區),050362,12,48,1,無,無,115.5.15115.5.16115.5.17,,,,,,,,,,,,,,,,,,,,,,,,,,,,,,,true,true,true,true,true,true,,,,,,,,true,,true,true,true,,,面試,審查資料,學測自然級分,
實踐大學,資訊科技與管理學系數位媒體設計組(臺北校區),050372,11,50,無,無,無,115.5.15115.5.16115.5.17,底標,,,,,,,,,,,,,,,,,,,,,國社,,4.5,,0%,審查資料,面試,,,true,true,true,true,true,true,,,,,,,,true,,true,true,true,,,面試,審查資料,學測國文級分,學測社會級分
實踐大學,資訊科技與管理學系(APCS組)(臺北校區),050382,3,30,無,無,無,115.5.15115.5.16115.5.17,底標,,,,,,,,,,,,,,,,,,,,,國英,,16.5,,0%,審查資料,面試,,,true,true,true,true,true,true,,,,,,,,true,,true,true,true,,,面試,審查資料,,
實踐大學,資訊科技與管理學系(資安組)(臺北校區),050392,3,50,無,無,無,115.5.15115.5.16115.5.17,,,,,,,,,,,,,,,,,,,,,,,,,,,,,,,true,true,true,true,true,true,,,,true,,true,,true,,true,true,true,,,面試,審查資料,學測自然級分,
實踐大學,資訊科技與管理學系(青年儲蓄帳戶組)(臺北校區),050402,1,50,無,無,無,115.5.15115.5.16115.5.17,底標,,,,,,,,,,,,,,,,,,,,,,,,,0%,審查資料,面試,,,true,true,true,true,true,,,,,,,,,,,,,true,,,面試,審查資料,,
實踐大學,國際企業英語學士學位學程(社會組)(臺北校區),050412,14,49,1,無,無,115.5.16115.5.17,底標,3.5,,,,,,,,,,,,,,,,,,,,,,,,0%,審查資料,中英文面試,,,true,true,,,,true,true,,,true,,,true,true,true,true,true,,,,中英文面試,審查資料,學測國文級分,
實踐大學,國際企業英語學士學位學程(自然組)(臺北校區),050422,11,50,1,無,無,115.5.16115.5.17,,,,,,,,,,,,,,,,,,,,,,,,,,,,,,,true,true,,,,true,true,,,true,,,true,true,true,true,true,,,,中英文面試,審查資料,學測英文級分,
實踐大學,智慧服務管理英語學士學位學程(社會組)(臺北校區),050432,9,50,1,無,無,115.5.16115.5.17,底標,5.5,,,,,,,,,,,,,,,,,,,,,,,,0%,審查資料,中英文面試,,,true,true,,,,true,,,,true,true,,true,true,,true,true,true,,,審查資料,中英文面試,學測國文級分,
實踐大學,智慧服務管理英語學士學位學程(自然組)(臺北校區),050442,12,48,無,無,無,115.5.16115.5.17,,,,,,,,,,,,,,,,,,,,,,,,,,,,,,,true,true,,,,true,,,,true,true,,true,true,,true,true,true,,,審查資料,中英文面試,學測英文級分,
實踐大學,國際企業管理學系公司理財投資組(高雄校區),050452,9,50,1,無,無,115.5.15115.5.16115.5.17,,,,,,,,,,,,,,,,,,,,,,,,,,,,,,,,true,,,,,true,true,true,,,,true,true,,true,,,,,學測英文級分,指定項目甄試成績,,
實踐大學,國際企業管理學系外匯數位金融組(高雄校區),050462,9,50,1,無,無,115.5.15115.5.16115.5.17,,15,,,,,,,,,,,底標,5.5,,,,,,,,,,,,0%,審查資料,面試,,,,true,,,,,true,true,true,,,,true,true,,true,,,,,學測國社級分總和,學測國文級分,學測社會級分,指定項目甄試成績
實踐大學,國際企業管理學系品牌行銷企劃組(高雄校區),050472,9,50,1,無,無,115.5.15115.5.16115.5.17,,,,,,,,,,,,,,,,,,,,,,,,,,,,,,,,true,,,,,true,true,true,,,,true,true,,true,,,,,學測社會級分,指定項目甄試成績,,
實踐大學,國際企業管理學系日韓商務與貿易組(高雄校區),050482,9,50,無,無,無,115.5.15115.5.16115.5.17,底標,5.5,,,,,,,,,,,,,,,,,,,,,,,,0%,審查資料,面試,,,,true,,,,,true,true,true,,,,true,true,,true,,,,,學測國文級分,指定項目甄試成績,,
實踐大學,金融管理學系金融實務組(高雄校區),050492,8,48,1,無,無,115.5.15115.5.16115.5.17,底標,6,,,,,,,,,,,,,,,,,,,,,,,,0%,審查資料,面試,,,true,true,,,,,true,true,true,,true,,,true,,true,true,,,,學測國文級分,指定項目甄試成績,,
實踐大學,金融管理學系數位金融組(高雄校區),050502,8,48,1,無,無,115.5.15115.5.16115.5.17,,,,,,,,,,,,,,,,,,,,,,,,,,,,,,,true,true,,,,,true,true,true,,true,,,true,,true,true,,,,學測英文級分,指定項目甄試成績,,
實踐大學,金融管理學系金融商品組(高雄校區),050512,8,48,1,無,無,115.5.15115.5.16115.5.17,,,,,,,,,,,,,,,,,,,,,,,,,,,,,,,true,true,,,,,true,true,true,,true,,,true,,true,true,,,,學測社會級分,指定項目甄試成績,,
實踐大學,金融管理學系產業實習組(高雄校區),050522,8,48,無,無,無,115.5.15115.5.16115.5.17,,6,,,,,,,,,,,底標,,,,,,,,,,,,,0%,審查資料,面試,,,true,true,,,,,true,true,true,,true,,,true,,true,true,,,,學測國文級分,指定項目甄試成績,,
實踐大學,金融管理學系財務金融組(高雄校區),050532,8,48,無,無,無,115.5.15115.5.16115.5.17,,,,,,,,,,,,,,,,,,,,,,,,,,,,,,,true,true,,,,,true,true,true,,true,,,true,,true,true,,,,學測數學B級分,指定項目甄試成績,,
實踐大學,資訊管理學系物聯網應用組(高雄校區),050542,12,48,1,無,無,115.5.15115.5.16115.5.17,,,,,,,,,,,,,,,,,,,,,,,,,,,,,,,true,true,true,true,,true,true,,,true,true,,,true,true,true,true,,,,學測自然級分,指定項目甄試成績,,
實踐大學,資訊管理學系人工智慧與雲端應用組(高雄校區),050552,11,50,1,無,無,115.5.15115.5.16115.5.17,,,,,,,,,,,,,,,,,,,,,,,,,,,,,,,true,true,true,true,,true,true,,,true,true,,,true,true,true,true,,,,學測自然級分,指定項目甄試成績,,
實踐大學,資訊管理學系資訊科技組(高雄校區),050562,10,50,1,無,無,115.5.15115.5.16115.5.17,,,,,,,,,,,,,,,,,,,,,,,,,,,,,,,true,true,true,true,,true,true,,,true,true,,,true,true,true,true,,,,學測自然級分,指定項目甄試成績,,
實踐大學,資訊科技與通訊學系智慧機器人組(高雄校區),050572,9,50,無,無,無,115.5.15115.5.16115.5.17,,,,,,,,,,,,,,,,,,,,,,,,,,,,,,,true,true,,,,,true,,,,true,true,,true,,true,true,,,,學測自然級分,指定項目甄試成績,,
實踐大學,資訊科技與通訊學系人工智慧組(高雄校區),050582,9,50,1,無,無,115.5.15115.5.16115.5.17,底標,5.5,,,,,底標,,,底標,,,,,,,,,,,,,,,,0%,審查資料,面試,,,true,true,,,,,true,,,,true,true,,true,,true,true,,,,學測國文級分,指定項目甄試成績,,
實踐大學,資訊科技與通訊學系無人機組(高雄校區),050592,8,48,1,無,無,115.5.15115.5.16115.5.17,,6,,,,,底標,,,底標,,,,,,,,,,,,,,,,0%,審查資料,面試,,,true,true,,,,,true,,,,true,true,,true,,true,true,,,,學測國文級分,指定項目甄試成績,,
實踐大學,資訊科技與通訊學系App設計組(高雄校區),050602,7,49,1,無,無,115.5.15115.5.16115.5.17,,,,,,,,,,,,,,,,,,,,,,,,,,,,,,,true,true,,,,,true,,,,true,true,,true,,true,true,,,,學測英文級分,指定項目甄試成績,,
實踐大學,資訊科技與通訊學系(青年儲蓄帳戶組)(高雄校區),050612,1,50,無,無,無,115.5.15115.5.16115.5.17,底標,,,,,,,,,,,,,,,,,,,,,,,,,0%,審查資料,面試,,,true,true,,,,,true,,,,true,true,,true,,true,true,true,,,審查資料,面試,指定項目甄試成績,
實踐大學,數位多媒體遊戲設計學系互動遊戲設計組(高雄校區),050622,12,48,1,無,無,115.5.15115.5.16115.5.17,底標,4,,,,,,,,,,,,,,,,,,,,,,,,0%,審查資料,面試,,,true,true,true,,,,true,true,,,true,,true,true,,true,true,true,,,學測國文級分,指定項目甄試成績,,
實踐大學,數位多媒體遊戲設計學系(青年儲蓄帳戶組)(高雄校區),050632,1,50,無,無,無,115.5.15115.5.16115.5.17,底標,,,,,,,,,,,,,,,,,,,,,,,,,0%,審查資料,面試,,,true,true,true,,,true,,,,true,true,,true,true,,true,true,true,true,,審查資料,面試,指定項目甄試成績,
實踐大學,電腦動畫學士學位學程3D動畫製作及視覺特效組(高雄校區),050642,5,50,1,無,無,115.5.15115.5.16115.5.17,,,,,,,,,,,,,,,,,,,,,,,,,,,,,,,true,true,true,,,true,,,true,,true,,true,true,true,true,true,true,true,true,面試,審查資料,學測英文級分,指定項目甄試成績
實踐大學,電腦動畫學士學位學程2D3D動畫通修組(高雄校區),050652,12,48,1,無,無,115.5.15115.5.16115.5.17,底標,4,,,,,,,,,,,,,,,,,,,,,,,,0%,審查資料,面試,,,true,true,true,,,true,,,true,,true,,true,true,true,true,true,true,true,true,面試,審查資料,學測國文級分,指定項目甄試成績
實踐大學,觀光管理學系文化與自然旅遊經營組(高雄校區),050662,17,51,無,無,無,115.5.15115.5.16115.5.17,,,,,,,,,,,,,,,,,,,,,,,,,,,,,,,true,true,true,true,true,,,true,,,true,,true,true,true,true,true,true,,,學測社會級分,指定項目甄試成績,,
實踐大學,休閒產業管理學系環境教育與休閒規劃設計組(高雄校區),050672,11,50,1,無,無,115.5.15115.5.16115.5.17,底標,4.5,,,,,,,,,,,,,,,,,,,,,,,,0%,審查資料,面試,,,true,true,,,,true,true,,,true,,,true,true,,true,true,,,,面試,審查資料,指定項目甄試成績,
實踐大學,休閒產業管理學系精品咖啡烘焙經營組(高雄校區),050682,11,50,無,無,無,115.5.15115.5.16115.5.17,,,,,,,,,,,,,,,,,,,,,,,,,,,,,,,true,true,,,,true,true,,,true,,,true,true,,true,true,,,,面試,審查資料,指定項目甄試成績,
實踐大學,休閒產業管理學系(青年儲蓄帳戶組)(高雄校區),050692,1,50,無,無,無,115.5.15115.5.16115.5.17,底標,,,,,,,,,,,,,,,,,,,,,,,,,0%,審查資料,面試,,,true,true,,,,true,true,,,true,,,true,true,,true,true,true,,,審查資料,面試,指定項目甄試成績,
實踐大學,應用日文學系(高雄校區),050702,8,48,無,無,無,115.5.15115.5.16115.5.17,,,,,,,,,,,,,,,,,,,,,,,,,,,,,,,true,true,true,,,,true,true,true,,,,true,true,,true,true,,,,學測英社級分總和,指定項目甄試成績,學測英文級分,學測社會級分
實踐大學,應用日文學系商務組(高雄校區),050712,10,50,1,無,無,115.5.15115.5.16115.5.17,,,,,,,,,,,,,,,,,,,,,,,,,,,,,,,true,true,true,,,,true,true,true,,,,true,true,,true,true,,,,學測社會級分,指定項目甄試成績,,
實踐大學,應用日文學系翻譯組(高雄校區),050722,10,50,1,無,無,115.5.15115.5.16115.5.17,,15,,,,,,,,,,,底標,5,,,,,,,,,,,,0%,審查資料,面試,,,true,true,true,,,,true,true,true,,,,true,true,,true,true,,,,學測國社級分總和,指定項目甄試成績,學測國文級分,學測社會級分
實踐大學,應用日文學系實習組(高雄校區),050732,10,50,1,無,無,115.5.15115.5.16115.5.17,底標,15,,,,,,,,,,,,5,,,,,,,,,,,,0%,審查資料,面試,,,true,true,true,,,,true,true,true,,,,true,true,,true,true,,,,學測國社級分總和,指定項目甄試成績,學測國文級分,學測社會級分
實踐大學,應用日文學系(青年儲蓄帳戶組)(高雄校區),050742,3,50,無,無,無,115.5.15115.5.16115.5.17,,,,,,,,,,,,,,,,,,,,,,,,,,,,,,,true,true,true,,,,true,true,true,,,,true,true,,true,true,true,,,審查資料,面試,指定項目甄試成績,
實踐大學,音樂學系(臺北校區),050752,31,465,2,無,無,,,,,,,,,,,,,,,,,,,,,,,,,,,,,,,,true,,,,,,true,,,true,,,,true,,,,,,,主修術科考試,術科考試成績,樂理術科考試,
實踐大學,音樂學系Ｂ組(臺北校區),050762,1,15,無,無,無,115.5.16,底標,15,,,,,,,,,,,,,,,,,,,,,,,,0%,審查資料,面試,,,true,,,,,,true,,,true,,,,true,,,,,,,面試,審查資料,學測國文級分,
實踐大學,數位多媒體遊戲設計學系數位多媒體與AI應用設計組(高雄校區),050772,8,120,1,無,無,115.5.15115.5.16115.5.17,,15,,,,,,,,,,,,,,,,,,,,,,,,0%,審查資料,面試,,,true,true,true,,,,true,true,,,true,,true,true,,true,true,true,,,學測國文級分,指定項目甄試成績,,
實踐大學,數位多媒體遊戲設計學系3D多媒體遊戲美術設計組(高雄校區),050782,5,75,1,無,無,115.5.15115.5.16115.5.17,,15,,,,,,,,,,,,,,,,,,,,,,,,0%,審查資料,面試,,,true,true,true,,,,true,true,,,true,,true,true,,true,true,true,,,學測國文級分,指定項目甄試成績,,
實踐大學,數位多媒體遊戲設計學系遊戲美術設計組(高雄校區),050792,12,180,1,無,無,115.5.15115.5.16115.5.17,,15,,,,,,,,,,,,,,,,,,,,,,,,0%,審查資料,面試,,,true,true,true,,,true,,,,true,true,,true,true,,true,true,true,,,學測國文級分,指定項目甄試成績,,
實踐大學,電腦動畫學士學位學程2D動畫創作製作組(高雄校區),050802,10,150,1,無,無,115.5.15115.5.16115.5.17,,15,,,,,,,,,,,,,,,,,,,,,,,,0%,審查資料,面試,,,true,true,true,,,true,,,true,,true,,true,true,true,true,true,true,true,true,面試,審查資料,學測國文級分,指定項目甄試成績
實踐大學,電腦動畫學士學位學程2D動畫美術設計組(高雄校區),050812,10,150,1,無,無,115.5.15115.5.16115.5.17,,15,,,,,,,,,,,,,,,,,,,,,,,,0%,審查資料,面試,,,true,true,true,,,true,,,true,,true,,true,true,true,true,true,true,true,true,面試,審查資料,學測國文級分,指定項目甄試成績
實踐大學,服飾設計與經營學系品牌經營與行銷組(高雄校區),050822,10,150,1,無,無,115.5.15115.5.16115.5.17,,15,,,,,,,,,,,,,,,,,,,,,,,,0%,審查資料,面試,,,true,true,true,,true,,true,,,true,,true,true,true,true,true,,true,,,學測國文級分,指定項目甄試成績,,
實踐大學,服飾設計與經營學系服飾設計與數位應用組(高雄校區),050832,14,210,2,無,無,115.5.15115.5.16115.5.17,,15,,,,,,,,,,,,,,,,,,,,,,,,0%,審查資料,面試,,,true,true,true,,true,,true,,,true,,true,true,true,true,true,,true,,,學測國文級分,指定項目甄試成績,,
實踐大學,時尚設計學系媒傳影像設計組(高雄校區),050842,18,270,2,無,無,115.5.15115.5.16115.5.17,,15,,,,,,,,,,,,,,,,,,,,,,,,0%,審查資料,面試,,,true,true,true,,,true,,,,true,,,true,true,,true,true,true,,,學測國文級分,指定項目甄試成績,,
實踐大學,時尚設計學系髮妝造型設計組(高雄校區),050852,10,150,1,無,無,115.5.15115.5.16115.5.17,,15,,,,,,,,,,,,,,,,,,,,,,,,0%,審查資料,面試,,,true,true,true,,,true,,,,true,,,true,true,,true,true,true,,,學測國文級分,指定項目甄試成績,,
實踐大學,時尚設計學系服裝造型設計組(高雄校區),050862,20,300,2,無,無,115.5.15115.5.16115.5.17,,15,,,,,,,,,,,,,,,,,,,,,,,,0%,審查資料,面試,,,true,true,true,,,true,,,,true,,,true,true,,true,true,true,,,學測國文級分,指定項目甄試成績,,
實踐大學,觀光管理學系旅運暨運動觀光事業組(高雄校區),050872,16,240,2,無,無,115.5.15115.5.16115.5.17,,15,,,,,,,,,,,,,,,,,,,,,,,,0%,審查資料,面試,,,true,true,true,true,true,,,true,,,true,,true,true,true,true,true,true,,,審查資料,面試,指定項目甄試成績,學測國文級分
實踐大學,休閒產業管理學系遊憩運動企劃組(高雄校區),050882,11,165,1,無,無,115.5.15115.5.16115.5.17,,15,,,,,底標,,,底標,,,,,,,,,,,,,,,,0%,審查資料,面試,,,true,true,,,,true,true,,,true,,,true,true,,true,true,,,,面試,審查資料,,
長榮大學,企業管理學系行銷組,051012,7,49,1,無,無,115.5.15至115.5.17,底標,15,*1.00,,,*1.00,,,,,,,,7,*1.00,,,,,,,,,,,10%,審查資料,面試,,,true,true,true,,,,true,true,,,,,true,true,,true,true,true,,,學測社會級分,審查資料,學測國文級分,面試
長榮大學,企業管理學系數位經營組,051022,7,49,1,無,無,115.5.15至115.5.17,,15,*1.00,,,*1.00,,,,,,,底標,7,*1.00,,,,,,,,,,,10%,審查資料,面試,,,true,true,true,,,,true,true,,,,,true,true,,true,true,true,,,學測社會級分,審查資料,學測國文級分,面試
長榮大學,企業管理學系企業永續發展組,051032,3,50,無,無,無,115.5.15至115.5.17,底標,16.5,*1.00,,,*1.00,,,,,,,,,*1.00,,,,,,,,,,,10%,審查資料,面試,,,true,true,true,,,,true,true,,,,,true,true,,true,true,true,,,學測社會級分,審查資料,面試,學測國文級分
長榮大學,企業管理學系創新應用組,051042,6,48,1,無,無,115.5.15至115.5.17,,,*1.00,,,*1.00,,,,,,,底標,8,*1.00,,,,,,,,,,,10%,審查資料,面試,,,true,true,true,,,,true,true,,,,,true,true,,true,true,true,,,學測社會級分,審查資料,面試,學測國文級分
長榮大學,企業管理學系(青年儲蓄帳戶組),051052,1,50,無,無,無,115.5.15至115.5.17,底標,,,,,,,,,,,,,,,,,,,,,,,,,0%,審查資料,面試,,,true,,,,,,,,,,,,,,,true,true,true,true,,審查資料,面試,,
長榮大學,國際企業學系國際經營管理組,051062,4,50,無,無,無,115.5.15至115.5.17,底標,12.5,*1.00,,,,,,,,,,,,,,,,,,,,,,,10%,審查資料,面試,,,true,true,,,,true,true,,true,,,,true,true,,true,true,true,,,面試,學測國文級分,審查資料,指定項目甄試成績
長榮大學,國際企業學系金融貿易組,051072,6,48,1,無,無,115.5.15至115.5.17,,15,*1.00,,,,,,,,,,底標,8,*1.00,,,,,,,,,,,10%,審查資料,面試,,,true,true,,,,true,true,,true,,,,true,true,,true,true,true,,,面試,學測國文級分,審查資料,學測社會級分
長榮大學,國際企業學系航運物流組,051082,6,48,1,無,無,115.5.15至115.5.17,,,,,,,,,,,,,,,,,,,,,,,,,,,,,,,true,true,,,,true,true,,true,,,,true,true,,true,true,true,,,面試,學測社會級分,審查資料,指定項目甄試成績
長榮大學,會計資訊學系財務應用組,051092,6,48,1,無,無,115.5.15至115.5.17,底標,9,*1.75,,,,,,,,,,,8,*2.00,,,,,,,,,,,10%,審查資料,面試,,,true,true,,,,true,,,,,,,true,true,,true,true,true,,,面試,審查資料,學測國文級分,學測社會級分
長榮大學,會計資訊學系稅務應用組,051102,6,48,1,無,無,115.5.15至115.5.17,底標,8,*2.00,,,,,,,,,,,,*1.50,,,,,,,,,,,10%,審查資料,面試,,,true,true,,,,true,,,,,,,true,true,,true,true,true,,,面試,審查資料,學測國文級分,學測社會級分
長榮大學,會計資訊學系產業實習組,051112,6,48,無,無,無,115.5.15至115.5.17,,,*1.50,,,,,,,,,,底標,8,*2.00,,,,,,,,,,,10%,審查資料,面試,,,true,true,,,,true,,,,,,,true,true,,true,true,true,,,面試,審查資料,學測社會級分,學測國文級分
長榮大學,航運管理學系,051122,55,165,8,無,無,115.5.15至115.5.17,底標,3,*1.00,,,,,,,,,,,,,,,,,,,,,,,10%,審查資料,面試,,,true,true,,,,true,,,,,,,true,true,,true,true,true,,,面試,審查資料,學測國文級分,指定項目甄試成績
長榮大學,財務金融學系金融科技組,051132,7,49,1,無,無,115.5.15至115.5.17,,,,,,,,,,,,,,,,,,,,,,,,,,,,,,,true,true,,,true,true,true,true,,,,,true,true,,true,true,true,,,面試,審查資料,學測社會級分,指定項目甄試成績
長榮大學,財務金融學系投資理財組,051142,7,49,1,無,無,115.5.15至115.5.17,底標,7,*1.00,,,,,,,,,,,,,,,,,,,,,,,10%,審查資料,面試,,,true,true,,,true,true,true,true,,,,,true,true,,true,true,true,,,面試,審查資料,學測國文級分,指定項目甄試成績
長榮大學,財務金融學系金融實務組,051152,7,49,1,無,無,115.5.15至115.5.17,底標,7,*1.00,,,,,,,,,,,10,*1.00,,,,,,,,,,,10%,審查資料,面試,,,true,true,,,true,true,true,true,,,,,true,true,,true,true,true,,,面試,審查資料,學測國文級分,學測國社級分總和
長榮大學,財務金融學系產業實習組,051162,10,50,1,無,無,115.5.15至115.5.17,,5,*1.00,,,,,,,,,,底標,10,*1.00,,,,,,,,,,,10%,審查資料,面試,,,true,true,,,true,true,true,true,,,,,true,true,,true,true,true,,,面試,審查資料,學測社會級分,學測國社級分總和
長榮大學,財務金融學系(青年儲蓄帳戶組),051172,2,50,無,無,無,115.5.15至115.5.17,底標,,,,,,,,,,,,,,,,,,,,,,,,,0%,審查資料,面試,,,true,,,,,,,,,,,,,,,true,true,true,true,,審查資料,面試,,
長榮大學,觀光與餐飲管理學系專業技術組,051182,5,50,1,無,無,115.5.15至115.5.17,底標,15,*2.00,,,*1.00,,,,,,,,10,*2.00,,,,,,,,,,,10%,審查資料,面試,,,true,true,,,,true,,,,,,,,true,,true,true,true,,,面試,學測國文級分,學測社會級分,審查資料
長榮大學,觀光與餐飲管理學系日韓交流組,051192,5,50,1,無,無,115.5.15至115.5.17,底標,10,*2.00,,,*1.00,,,,,,,,,*2.00,,,,,,,,,,,10%,審查資料,面試,,,true,true,,,,true,,,,,,,,true,,true,true,true,,,面試,學測國文級分,學測社會級分,審查資料
長榮大學,觀光與餐飲管理學系國際雙聯組,051202,5,50,無,無,無,115.5.15至115.5.17,,,*2.00,底標,10,*2.00,,,,,,,,,*1.00,,,,,,,,,,,10%,審查資料,面試,,,true,true,,,,true,,,,,,,,true,,true,true,true,,,面試,學測國文級分,學測社會級分,審查資料
長榮大學,觀光與餐飲管理學系(青年儲蓄帳戶組),051212,1,50,無,無,無,115.5.15至115.5.17,底標,,,,,,,,,,,,,,,,,,,,,,,,,0%,審查資料,面試,,,true,,,,,,,,,,,,,,,true,true,true,true,,審查資料,面試,,
長榮大學,醫務管理學系,051222,13,46,2,無,無,115.5.15至115.5.17,底標,8,*1.00,,3.5,*1.00,,,,,,,,,,,,,,,,,,,,20%,審查資料,面試,,,true,true,,,true,true,true,,true,,,,,true,,true,,true,,,學測國文級分,面試,審查資料,學測英文級分
長榮大學,生物科技學系生技醫學組,051232,9,50,1,無,無,115.5.15至115.5.17,底標,5.5,*1.00,,,*1.00,,,,,,,,,,,,,,,,,,,,10%,審查資料,面試,,,true,true,,,,true,true,true,,,,true,,true,true,true,true,true,,,學測國文級分,面試,學測英文級分,審查資料
長榮大學,生物科技學系生物檢測組,051242,9,50,1,無,無,115.5.15至115.5.17,底標,8,*1.00,,5.5,*1.00,,,,,,,,,,,,*1.00,,,,,,,,10%,審查資料,面試,,,true,true,,,,true,true,true,,,,true,,true,true,true,true,true,,,學測國文級分,面試,學測英文級分,審查資料
長榮大學,健康心理學系,051252,20,60,3,無,無,115.5.15至115.5.17,底標,3,*1.00,,,*1.00,,,,,,,,,,,,,,,,,,,,20%,審查資料,面試,,,true,true,,true,true,true,true,true,,,true,,,true,true,true,true,true,,,面試,學測國文級分,審查資料,學測英文級分
長榮大學,保健營養學系,051262,12,48,2,無,無,115.5.15至115.5.17,底標,5,*2.00,,,,,,,,,,,,,,4,*2.00,,,,,,,,20%,審查資料,面試,,,true,true,true,,,true,true,true,,,,,,true,true,true,true,true,,,面試,學測國文級分,審查資料,學測自然級分
長榮大學,護理學系,051272,23,69,4,無,無,115.5.15至115.5.17,底標,3,*1.00,,,,,,,,,,,,,,,,,,,,,,,10%,審查資料,面試,,,true,true,,,,true,,,,,,,,true,true,true,true,true,,,學測國文級分,審查資料,面試,指定項目甄試成績
長榮大學,職業安全與衛生學系職業安全衛生管理組,051282,8,48,1,無,無,115.5.15至115.5.17,,,*1.00,,,*1.00,,,,,,,底標,6,*1.00,,,,,,,,,,,10%,審查資料,面試,,,true,,,,true,true,true,true,true,,,,,true,true,true,,true,,,面試,學測國文級分,審查資料,學測社會級分
長榮大學,職業安全與衛生學系安全衛生AI科技組,051292,4,50,無,無,無,115.5.15至115.5.17,,12.5,*1.00,底標,,*1.00,,,,,,,,,,,,*1.00,,,,,,,,10%,審查資料,面試,,,true,,,,true,true,true,true,true,,,,,true,true,true,,true,,,面試,學測國文級分,審查資料,學測自然級分
長榮大學,職業安全與衛生學系職業安全組,051302,10,50,1,無,無,115.5.15至115.5.17,,5,*1.00,,,,,,,,,,,,,底標,,*1.00,,,,,,,,10%,審查資料,面試,,,true,,,true,,true,true,true,true,,,,,true,true,true,,true,,,面試,學測國文級分,審查資料,學測自然級分
長榮大學,職業安全與衛生學系職業衛生組,051312,6,48,1,無,無,115.5.15至115.5.17,底標,8,*1.00,,,*1.00,,,,,,,,,,,,,,,,,,,,10%,審查資料,面試,,,true,,,true,,true,true,true,true,,,,,true,true,true,,true,,,面試,學測國文級分,審查資料,學測英文級分
長榮大學,職業安全與衛生學系(青年儲蓄帳戶組),051322,2,50,無,無,無,115.5.15至115.5.17,底標,,,,,,,,,,,,,,,,,,,,,,,,,0%,審查資料,面試,,,true,,,,true,true,true,true,true,,,,,true,true,true,,true,true,,面試,審查資料,,
長榮大學,食品安全衛生與檢驗學士學位學程食品安全管理組,051332,3,50,無,無,無,115.5.15至115.5.17,,,,,,,,,,,,,,,,,,,,,,,,,,,,,,,true,true,,,true,true,true,true,true,,,,,true,,true,true,true,,,面試,審查資料,學測社會級分,指定項目甄試成績
長榮大學,食品安全衛生與檢驗學士學位學程食品科技組,051342,3,50,1,無,無,115.5.15至115.5.17,底標,16.5,*1.00,,,,,,,,,,,,,,,,,,,,,,,10%,審查資料,面試,,,true,true,,true,,true,true,true,true,,,,,true,,true,true,true,,,面試,審查資料,學測國文級分,指定項目甄試成績
長榮大學,食品安全衛生與檢驗學士學位學程食品檢驗組,051352,10,50,1,無,無,115.5.15至115.5.17,,,,,,,,,,,,,,,,,,,,,,,,,,,,,,,true,,,true,,true,true,true,true,,,,,true,,true,true,true,,,面試,審查資料,學測自然級分,指定項目甄試成績
長榮大學,消防安全學士學位學程消防實務管理組,051362,7,49,1,無,無,115.5.15至115.5.17,,,,,,,,,,,,,,,,,,,,,,,,,,,,,,,true,,,,true,true,true,true,true,,,,,true,true,true,,true,,,學測社會級分,面試,審查資料,指定項目甄試成績
長榮大學,消防安全學士學位學程火場鑑識組,051372,10,50,1,無,無,115.5.15至115.5.17,,,,,,,,,,,,,,,,,,,,,,,,,,,,,,,true,,,true,,true,true,true,true,,,,,true,true,true,,true,,,學測自然級分,面試,審查資料,指定項目甄試成績
長榮大學,消防安全學士學位學程消防防災技術組,051382,4,50,無,無,無,115.5.15至115.5.17,底標,12.5,*1.00,,,,,,,,,,,,,,,,,,,,,,,15%,審查資料,面試,,,true,,,true,,true,true,true,true,,,,,true,true,true,,true,,,學測國文級分,面試,審查資料,指定項目甄試成績
長榮大學,消防安全學士學位學程(青年儲蓄帳戶組),051392,2,50,無,無,無,115.5.15至115.5.17,底標,,,,,,,,,,,,,,,,,,,,,,,,,0%,審查資料,面試,,,true,,,true,,true,true,true,true,,,,,true,true,true,,true,true,,審查資料,面試,,
長榮大學,綠能與環境資源學系綠能產業管理組,051402,10,50,1,無,無,115.5.15至115.5.17,,,,,,,,,,,,,,,,,,,,,,,,,,,,,,,true,true,true,,true,true,true,,true,,,,true,true,true,true,true,true,,,面試,學測社會級分,審查資料,指定項目甄試成績
長榮大學,綠能與環境資源學系綠能產業實務組,051412,5,50,1,無,無,115.5.15至115.5.17,底標,10,*1.00,,,,,,,,,,,,,,,,,,,,,,,10%,審查資料,面試,,,true,true,true,,,true,true,,true,,,,true,true,true,true,true,true,,,面試,學測國文級分,審查資料,指定項目甄試成績
長榮大學,綠能與環境資源學系綠能環境科技組,051422,8,48,1,無,無,115.5.15至115.5.17,,,,,,,,,,,,,,,,,,,,,,,,,,,,,,,true,true,true,true,,true,true,,true,,,,true,true,true,true,true,true,,,面試,學測自然級分,審查資料,指定項目甄試成績
長榮大學,營建工程安全學士學位學程,051432,12,48,2,無,無,115.5.15至115.5.17,,4,*1.00,,,,,,,,,,,,,底標,,*1.00,,,,,,,,10%,審查資料,面試,,,true,,,true,,true,true,true,true,,,,,true,,true,true,true,,,面試,審查資料,學測國文級分,學測自然級分
長榮大學,大眾傳播學系,051442,23,69,2,無,無,115.5.15至115.5.17,底標,3,*1.00,,,,,,,,,,,,,,,,,,,,,,,10%,審查資料,面試,,,true,,true,,,true,true,,,,true,,,true,true,true,true,true,true,,面試,學測國文級分,審查資料,指定項目甄試成績
長榮大學,翻譯學系智慧科技與經貿媒體跨域組,051452,5,50,無,無,無,115.5.15至115.5.17,底標,10,*1.00,,,*2.00,,,,,,,,,,,,,,,,,,,,10%,審查資料,面試,,,true,true,true,,,,true,,true,,,true,,true,true,true,true,true,,,面試,學測英文級分,學測國文級分,審查資料
長榮大學,翻譯學系語文教學與觀光會展實務組,051462,8,48,1,無,無,115.5.15至115.5.17,,,,,,,,,,,,,,,,,,,,,,,,,,,,,,,true,true,true,,,,true,,true,,,true,,true,true,true,true,true,,,面試,學測英文級分,學測社會級分,審查資料
長榮大學,社會工作學系A組,051472,10,50,1,無,無,115.5.15至115.5.17,底標,5,*2.00,,,,,,,,,,,,,,,,,,,,,,,10%,審查資料,面試,,,true,,,,true,,true,,true,,,,,true,,true,,,,,面試,審查資料,學測國文級分,指定項目甄試成績
長榮大學,社會工作學系B組,051482,15,45,2,無,無,115.5.15至115.5.17,,,,,,,,,,,,,,,,,,,,,,,,,,,,,,,true,,,,true,,true,,true,,,,,true,,true,,,,,面試,審查資料,學測社會級分,指定項目甄試成績
長榮大學,社會工作學系(青年儲蓄帳戶組),051492,2,50,無,無,無,115.5.15至115.5.17,,,,,,,,,,,,,,,,,,,,,,,,,,,,,,,true,,,,,,,,,,,,,,,true,true,true,,,面試,審查資料,,
長榮大學,應用日語學系語文翻譯組,051502,10,50,1,無,無,115.5.15至115.5.17,底標,5,*2.00,,,,,,,,,,,,,,,,,,,,,,,10%,審查資料,面試,,,true,true,,,,true,,,,,,true,,true,true,true,true,true,,,學測國文級分,面試,審查資料,指定項目甄試成績
長榮大學,應用日語學系觀光產業組,051512,10,50,2,無,無,115.5.15至115.5.17,,5,*1.50,,,,,,,,,,底標,6,*2.00,,,,,,,,,,,10%,審查資料,面試,,,true,true,,,,true,,,,,,true,,true,true,true,true,true,,,學測國文級分,面試,學測社會級分,審查資料
長榮大學,數位媒體設計學系數位媒體設計組,051522,10,50,2,無,無,115.5.15至115.5.17,,5,*1.00,,,,,,,,,,底標,,*1.00,,,,,,,,,,,10%,審查資料,面試,,,true,true,true,,true,true,,,,true,true,,true,true,true,true,true,true,,,面試,學測國文級分,學測社會級分,審查資料
長榮大學,數位媒體設計學系互動設計組,051532,11,50,1,無,無,115.5.15至115.5.17,,4.5,*1.00,底標,,*1.00,,,,,,,,,,,,,,,,,,,,10%,審查資料,面試,,,true,true,true,true,,true,,,,true,true,,true,true,true,true,true,true,,,面試,審查資料,學測國文級分,學測英文級分
長榮大學,資訊工程學系,051542,21,63,3,無,無,115.5.15至115.5.17,,3,*1.00,底標,,*1.00,,,,,,*1.00,,,,,,,,,,,,,,10%,審查資料,面試,,,true,true,true,true,,true,true,,,,,,true,true,true,true,true,true,,,面試,審查資料,學測國文級分,學測英文級分
長榮大學,資訊工程學系(APCS組),051552,1,5,無,無,無,115.5.15至115.5.17,,10,*1.00,底標,,*1.00,,,,,,*1.00,,,,,,,,,,,,,,10%,審查資料,面試,,,true,true,true,true,,true,true,,,,,,true,true,true,true,true,true,,,面試,審查資料,學測國文級分,學測英文級分
長榮大學,美術學系藝術創作組,051562,9,108,1,無,無,115.5.15至115.5.17,,12,*1.00,,,,,,,,,,,,,,,,,,,,,,,10%,審查資料,面試,,,true,true,true,,,,,,,true,true,,true,true,,,,true,,,面試,審查資料,學測國文級分,指定項目甄試成績
長榮大學,美術學系應用藝術組,051572,3,45,無,無,無,115.5.15至115.5.17,,25,,,,,,,,,,,,,,,,,,,,,,,,0%,審查資料,面試,,,true,true,true,,,,,,,true,true,,true,true,,,,true,,,面試,審查資料,素描術科考試,學測國文級分
長榮大學,書畫藝術學系甲組,051582,3,45,無,無,無,115.5.15至115.5.17,,25,,,,,,,,,,,,,,,,,,,,,,,,0%,審查資料,面試,,,true,,true,,,,,,,true,true,,true,true,,true,,true,,,面試,審查資料,素描術科考試,學測國文級分
長榮大學,書畫藝術學系乙組,051592,3,45,1,無,無,115.5.15至115.5.17,,15,*1.00,,,,,,,,,,,,,,,,,,,,,,,10%,審查資料,面試,,,true,,true,,,,,,,true,true,,true,true,,true,,true,,,面試,審查資料,學測國文級分,指定項目甄試成績
長榮大學,運動競技學系,051602,8,120,1,無,無,115.5.15至115.5.17,,18,*1.00,,,,,,,,,,,15,*1.00,,,,,,,,,,,20%,審查資料,面試,,,,true,,,,,true,,,true,,,,true,,true,true,true,,,學測國文級分,面試,學測社會級分,審查資料
國立臺灣藝術大學,圖文傳播藝術學系,056012,14,49,2,無,無,115.5.17,均標,,*2.00,均標,,*2.00,,,,,,*1.00,,,,,,,,,,國英,,3.5,,40%,審查資料,面試,,,true,true,true,,,true,true,,,,true,,true,true,true,true,true,,,,審查資料,面試,指定項目甄試成績,學測國英數B級分總和
國立臺灣藝術大學,廣播電視學系,056022,14,42,2,1,無,115.5.16,均標,,*2.00,均標,,*1.50,,,,,,,均標,,*1.50,,,,,,,國英社,,3,,50%,審查資料,專長陳述及成果作品,即席演講,,true,true,true,,true,true,,true,,true,true,,,true,,true,true,,,,審查資料,專長陳述及成果作品,即席演講,學測國英社級分總和
國立臺灣藝術大學,電影學系,056032,14,42,1,2,無,115.5.16,均標,3,*1.00,均標,3,*2.00,,,,,,,,,,,,,,,,,,,,30%,審查資料,面試,,,true,,true,,true,true,true,,,true,true,,,true,true,true,true,,,,面試,審查資料,指定項目甄試成績,學測國英級分總和
國立臺灣藝術大學,戲劇學系,056042,20,180,2,1,無,115.5.16至115.5.17,後標,9,*1.00,後標,9,*1.00,,,,,,,後標,9,*1.00,,,,B級,,,,,,,50%,審查資料,即興表演,個人專長才藝,聲音與肢體表情測驗,true,true,true,true,true,,true,true,,true,,,true,true,true,true,true,,,,指定項目甄試成績,面試,個人專長才藝,聲音與肢體表情測驗
國立臺灣藝術大學,音樂學系,056052,47,705,4,1,無,,,,*1.00,,,*1.00,,,,,,,,,,,,,,,,,,,,5%,審查資料,,,,true,true,true,,,,,,,true,true,,true,true,true,true,true,,,,主修術科考試,樂理術科考試,聽寫術科考試,視唱術科考試
國立臺灣藝術大學,中國音樂學系作曲組,056062,1,15,無,無,無,115.5.15,,,*1.00,,,*1.00,,,,,,,,,,,,,,,,,,,,20%,審查資料,主修,,,,,,,,true,,,,true,,,true,true,true,true,true,,,,主修,副修術科考試,樂理術科考試,
國立臺灣藝術大學,中國音樂學系聲樂組,056072,1,15,無,無,無,115.5.15,,,*1.00,,,*1.00,,,,,,,,,,,,,,,,,,,,20%,審查資料,主修,,,,,,,,true,,,,true,,,true,true,true,true,true,,,,主修,副修術科考試,樂理術科考試,
國立臺灣藝術大學,中國音樂學系管樂組,056082,5,75,1,無,無,115.5.15,,,*1.00,,,*1.00,,,,,,,,,,,,,,,,,,,,20%,審查資料,主修,,,,,,,,true,,,,true,,,true,true,true,true,true,,,,主修,副修術科考試,樂理術科考試,
國立臺灣藝術大學,中國音樂學系彈弦組,056092,5,75,1,無,無,115.5.15,,,*1.00,,,*1.00,,,,,,,,,,,,,,,,,,,,20%,審查資料,主修,,,,,,,,true,,,,true,,,true,true,true,true,true,,,,主修,副修術科考試,樂理術科考試,
國立臺灣藝術大學,中國音樂學系撥弦組,056102,5,75,1,無,無,115.5.15,,,*1.00,,,*1.00,,,,,,,,,,,,,,,,,,,,20%,審查資料,主修,,,,,,,,true,,,true,,,,true,true,true,true,true,,,,主修,副修術科考試,樂理術科考試,
國立臺灣藝術大學,中國音樂學系擦弦組（一）–胡琴,056112,8,120,無,無,無,115.5.15,,,*1.00,,,*1.00,,,,,,,,,,,,,,,,,,,,20%,審查資料,主修,,,,,,,,true,,,,true,,,true,true,true,true,true,,,,主修,副修術科考試,樂理術科考試,
國立臺灣藝術大學,中國音樂學系擦弦組（二）–低音擦弦,056122,3,45,無,無,無,115.5.15,,,*1.00,,,*1.00,,,,,,,,,,,,,,,,,,,,20%,審查資料,主修,,,,,,,,true,,,,true,,,true,true,true,true,true,,,,主修,副修術科考試,樂理術科考試,
國立臺灣藝術大學,中國音樂學系擊樂組,056132,2,30,無,無,無,115.5.15,,,*1.00,,,*1.00,,,,,,,,,,,,,,,,,,,,20%,審查資料,主修,,,,,,,,true,,,,true,,,true,true,true,true,true,,,,主修,副修術科考試,樂理術科考試,
國立臺灣藝術大學,美術學系,056142,11,55,1,1,無,115.5.16,,5,*1.00,,5,*1.00,,,,,,,,,,,,,,,,,,,,20%,審查資料,面試,原作審查,,true,true,true,,true,true,,,,true,true,,true,true,true,true,true,,,,面試,原作審查,審查資料,素描術科考試
國立臺灣藝術大學,書畫藝術學系,056152,14,63,2,無,無,115.5.17,後標,,*1.50,底標,,*1.00,,,,,,,後標,,*1.50,,,,,,,,,,,20%,審查資料,面試及原作審查,,,true,true,true,,,true,,,,,true,,true,true,,true,true,true,,,術科考試成績,水墨書畫術科考試,素描術科考試,彩繪技法術科考試
國立臺灣藝術大學,雕塑學系,056162,13,39,1,1,無,115.5.15,,,*1.50,,,*1.00,,,,,,,,,*1.50,,,,,,,,,,,25%,審查資料,塑造,,,true,true,true,,,,true,,,true,true,,,true,true,true,true,,,,塑造,審查資料,素描術科考試,美術鑑賞術科考試
國立臺灣藝術大學,古蹟藝術修護學系,056172,21,126,1,1,無,115.5.16,後標,,*1.50,底標,,*1.00,,,,,,,均標,,*2.00,,,,,,,,,,,20%,審查資料,口試,,,true,,,,,true,,true,,true,,,true,true,true,true,true,true,,,口試,審查資料,術科考試成績,素描術科考試
國立臺灣藝術大學,視覺傳達設計學系,056182,11,44,3,1,無,115.5.16,均標,4,*1.00,均標,4,*1.00,,,,,,,,,,,,,,,,,,,,20%,審查資料,原作審查,口試,,true,,true,,,true,,,,true,true,,true,true,true,true,true,,,,口試,審查資料,術科考試成績,學科能力測驗成績
國立臺灣藝術大學,工藝設計學系,056192,12,42,1,1,無,115.5.14,均標,4,*1.00,均標,4,*1.00,,,,,,,,,,,,,,,,,,,,20%,審查資料,面試,造型設計,,true,true,true,true,true,true,true,,,true,true,,,true,true,true,true,,,,審查資料,術科考試成績,面試,造型設計
國立臺灣藝術大學,多媒體動畫藝術學系,056202,10,30,2,1,無,115.5.16,後標,3,*2.00,後標,3,*2.00,,,,,,,,,,,,,,,,,,,,20%,審查資料,面試,,,true,,true,,,true,true,,,true,true,,,true,,true,,,,,面試,審查資料,術科考試成績,學科能力測驗成績
國立臺灣藝術大學,舞蹈學系,056212,35,280,3,無,無,115.5.15至115.5.16,,8,*1.00,,8,*1.00,,,,,,,,,,,,,,,,,,,,20%,審查資料,芭蕾基本動作,中國舞基本動作,現代舞基本動作,true,,true,,true,,,true,,true,,,true,true,true,true,true,,,,現代舞基本動作,中國舞基本動作,芭蕾基本動作,自選舞
國立暨南國際大學,中國語文學系,058012,23,69,2,無,無,115.5.15至115.5.16,均標,3,*2.00,,,,,,,,,,後標,6,*1.00,,,,,,,,,,,30%,審查資料,面試,,,true,true,true,,true,true,true,,,true,true,,,true,true,true,true,true,,,面試,審查資料,,
國立暨南國際大學,外國語文學系,058022,17,51,2,無,無,115.5.15,,,*1.25,均標,3,*2.00,,,,,,,,,,,,,,,,,,,,30%,審查資料,面試,,,true,true,,,,,,,,,true,,true,true,true,,true,,,,面試,學科能力測驗成績,學測英文級分,學測國文級分
國立暨南國際大學,社會政策與社會工作學系,058032,22,66,2,無,8,115.5.15至115.5.16,,,*1.00,,,*1.00,,,,,,,均標,3,*1.00,,,,,,,國英,,8,,30%,審查資料,面試,,,true,true,,,true,true,,true,true,,,,true,true,true,true,,,,,面試,學測社會級分,學測國文級分,學測英文級分
國立暨南國際大學,公共行政與政策學系,058042,24,72,無,無,7,115.5.15至115.5.16,,5,*1.25,,3,*1.00,,,,,,,均標,,*1.25,,,,,,,,,,,30%,審查資料,面試,,,true,true,,,true,true,true,,true,,,,true,true,true,true,true,,,,面試,學測社會級分,學測國文級分,學測英文級分
國立暨南國際大學,歷史學系,058052,19,57,2,無,無,115.5.15至115.5.16,,7,*1.00,,,,,,,,,,均標,3,*1.00,,,,,,,,,,,30%,審查資料,面試,,,true,true,true,,true,true,,,,,true,,true,true,true,true,true,,,,面試,審查資料,,
國立暨南國際大學,東南亞學系,058062,17,51,2,無,無,115.5.14至115.5.15,,,,,,,,,,,,,,,,,,,,,,,,,,,,,,,true,true,,,true,true,true,,true,,,,true,true,true,true,true,,,,面試,學科能力測驗成績,審查資料,
國立暨南國際大學,國際企業學系,058072,23,69,2,無,無,115.5.15至115.5.16,,,*1.00,,,*1.50,,,,後標,,,,,,,,,,,,國英,,3,,20%,審查資料,面試,,,true,true,true,,true,true,true,true,,,,,,true,true,true,true,,,,學測英文級分,學測數學B級分,面試,審查資料
國立暨南國際大學,經濟學系,058082,26,78,2,無,無,115.5.15至115.5.16,,,*1.00,,,*1.00,後標,,,均標,,,,,,,,,,,,國英,,3,,30%,審查資料,面試,,,true,true,,true,true,true,true,,,true,,,true,true,true,true,,,,,審查資料,學測英文級分,,
國立暨南國際大學,資訊管理學系,058092,27,81,3,無,無,115.5.14至115.5.15,,,*1.00,,3,*2.00,後標,,,均標,,,,,,,,,,,,國英,,7,,30%,審查資料,面試,,,true,true,true,true,true,true,,true,true,,,,true,true,true,true,true,,,,面試,學科能力測驗成績,審查資料,
國立暨南國際大學,資訊管理學系(資安組),058102,3,21,無,無,無,,,,*1.00,,,*2.00,後標,,,後標,,,,,,,,,,,,國英,,7,,50%,審查資料,,,,true,true,true,true,true,true,,true,true,,,,true,true,true,true,true,,,,學科能力測驗成績,審查資料,學測英文級分,學測國文級分
國立暨南國際大學,財務金融學系,058112,28,84,5,無,10,115.5.15至115.5.16,,,,,,,,,,,,,,,,,,,,,,,,,,,,,,,true,true,true,,true,true,true,,,,,true,true,true,true,true,true,,,,面試,學測數學B級分,學測英文級分,
國立暨南國際大學,觀光休閒與餐旅管理學系觀光休閒組,058122,10,50,1,無,無,115.5.14,後標,5,*2.00,,,,,,,,,,,,,,,,,,,,,,,20%,審查資料,面試,,,true,true,true,,true,true,true,true,true,,,,,true,,true,,,,,面試,學測國文級分,,
國立暨南國際大學,觀光休閒與餐旅管理學系餐旅管理組,058132,10,50,1,無,無,115.5.14,,,,,,,,,,,,,,,,,,,,,,,,,,,,,,,true,true,true,,true,true,true,true,true,,,,,true,,true,,,,,面試,學測英文級分,,
國立暨南國際大學,管理學院學士班,058142,7,42,2,無,2,115.5.16,,,,,,,,,,,,,,,,,,,,,,,,,,,,,,,true,true,true,,true,true,true,,,,true,,true,true,true,true,,,,,面試,審查資料,學科能力測驗成績,
國立暨南國際大學,國際文教與比較教育學系,058152,21,63,2,無,無,115.5.15至115.5.16,均標,,*1.00,,3,*1.50,,,,,,,,,,,,,,,,,,,,30%,審查資料,面試,,,true,true,,,true,true,true,,true,,,,,true,true,true,true,,,,審查資料,面試,,
國立暨南國際大學,教育政策與行政學系,058162,21,63,無,無,無,115.5.15至115.5.16,均標,3,*2.00,,,,,,,,,,,6,*1.50,,,,,,,,,,,30%,審查資料,面試,,,true,true,,,true,true,true,true,,,,,,true,true,true,true,true,,,學測國文級分,學測社會級分,,
國立暨南國際大學,諮商心理與人力資源發展學系諮商心理組,058172,11,50,1,無,無,115.5.15,,,,,,,,,,,,,,,,,,,,,,,,,,,,,,,true,true,,,true,true,true,true,true,,,,,true,true,true,true,,,,學科能力測驗成績,面試,審查資料,
國立暨南國際大學,諮商心理與人力資源發展學系終身學習與人力資源發展組,058182,12,48,2,無,無,115.5.15,均標,,*1.00,,,*1.50,,,,,,,,,,,,,,,,國英,,4,,30%,審查資料,面試,,,true,true,true,,true,true,true,,true,,,,true,true,true,true,true,,,,學科能力測驗成績,面試,審查資料,
國立暨南國際大學,教育學院學士班教育科技與資訊組,058192,4,16,1,無,無,115.5.15,均標,4,*2.00,,,,,,,後標,4,*1.50,,4,*2.00,,,,,,,,,,,30%,審查資料,面試,,,true,true,,true,true,true,true,,true,true,,,,true,true,true,true,,,,學測國文級分,學測數學B級分,學測社會級分,
國立暨南國際大學,教育學院學士班教育心理與輔導組,058202,5,20,無,無,無,115.5.15,,4,*2.00,均標,4,*1.50,,,,,4,*2.00,,,,,,,,,,,,,,30%,審查資料,面試,,,true,true,,true,true,true,true,,true,true,,,,true,true,true,true,,,,學測國文級分,學測英文級分,學測數學B級分,
國立暨南國際大學,資訊工程學系,058212,21,63,無,無,無,115.5.14至115.5.15,,,,,,,,,,,,,,,,,,,,,,,,,,,,,,,true,true,true,true,,true,true,,,true,,true,,true,true,true,true,true,,,面試,審查資料,學測數學A級分,學測英文級分
國立暨南國際大學,資訊工程學系(APCS組),058222,3,21,無,無,無,,,,,,,,,,,,,,,,,,,,,,,,,,,,,,,,true,true,true,true,,true,true,,,true,,true,,true,true,true,true,true,,,APCS,審查資料,學測數學A級分,學測英文級分
國立暨南國際大學,資訊工程學系(資安組),058232,3,21,無,無,無,115.5.14至115.5.15,,,*1.00,,15,*1.00,均標,7,*1.00,,,,,,,,,,,,,,,,,20%,審查資料,面試,,,true,true,true,true,,true,true,,,true,,true,,true,true,true,true,true,,,面試,審查資料,學測數學A級分,學測英文級分
國立暨南國際大學,土木工程學系,058242,21,63,無,無,2,115.5.15,,,,,,,,,,,,,,,,,,,,,,,,,,,,,,,true,true,true,true,,true,true,,true,,,,true,true,true,true,true,,,,學測數學A級分,學測自然級分,學科能力測驗成績,
國立暨南國際大學,電機工程學系,058252,27,81,3,無,7,,,,*1.00,,3,*1.00,,,,,,,,,,均標,3,*1.00,,,,國英自,,6,,50%,審查資料,,,,true,,,true,,true,,,,true,,true,true,true,true,true,true,,,,學測英文級分,學測自然級分,學測國文級分,
國立暨南國際大學,應用化學系,058262,25,75,無,無,1,115.5.14至115.5.15,,,,,,,,,,,,,,,,,,,,,,,,,,,,,,,true,true,,true,,true,true,true,,,,,true,true,true,true,true,true,,,學測自然級分,學測數學A級分,面試,審查資料
國立暨南國際大學,應用材料及光電工程學系,058272,23,69,1,無,5,,,,,,,,,,,,,,,,,,,,,,,,,,,,,,,,true,true,true,true,,true,,,,,true,,,true,true,true,true,true,,,學測數學A級分,學測自然級分,,
國立暨南國際大學,科技學院學士班,058282,10,50,1,無,3,,,,,,,,,,,,,,,,,,,,,,,,,,,,,,,,true,true,true,true,,true,true,,,true,true,,,true,true,true,true,,,,學測數學A級分,學測自然級分,,
國立暨南國際大學,科技學院學士班(資安組),058292,3,45,無,無,無,,,,,,,,,,,,,,,,,,,,,,,,,,,,,,,,true,true,true,true,,true,true,,,true,true,,,true,true,true,true,,,,學測數學A級分,學測自然級分,,
國立暨南國際大學,護理學系,058302,25,75,2,無,5,115.5.15至115.5.16,後標,,*2.00,,,*1.00,,,,,,,,,,,,,,,,國英,,3,,30%,審查資料,面試,,,true,true,,true,,true,true,,true,,,true,,true,true,true,true,,,,面試,學測英文級分,學測國文級分,
南華大學,財務金融學系,059012,10,50,1,無,無,115.5.15至115.5.17,底標,5,*1.00,,,,,,,,,,,,,,,,,,,,,,,10%,審查資料,面試,,,true,true,,,,true,,,true,true,,,true,true,true,true,true,true,,,於招生名額內得優先錄取至多1名經濟不利生。,藉由面試瞭解考生報考動機及未來展望，本系希望錄取具有學習意願強烈之考生。,面試方式及相關訊息，將於本系網頁公佈。網址:https://iofm3.nhu.edu.tw/,聯繫電話:(05)2721001#2051
南華大學,財務金融學系證券投資組,059022,11,50,1,無,無,115.5.15至115.5.17,,,,,,,,,,,,,,,,,,,,,,,,,,,,,,,true,true,,,,true,,,true,true,,,true,true,true,true,true,true,,,於招生名額內得優先錄取至多1名經濟不利生。,藉由面試瞭解考生報考動機及未來展望，本系希望錄取具有學習意願強烈之考生。,面試方式及相關訊息，將於本系網頁公佈。網址:https://iofm3.nhu.edu.tw/,聯繫電話:(05)2721001#2051
南華大學,財務金融學系AI智慧理財組,059032,11,50,1,無,無,115.5.15至115.5.17,,,*2.00,,,,,,,,,,底標,,*1.00,,,,,,,國社,,4.5,,10%,審查資料,面試,,,true,true,,,,true,,,true,true,,,true,true,true,true,true,true,,,於招生名額內得優先錄取至多1名經濟不利生。,藉由面試瞭解考生報考動機及未來展望，本系希望錄取具有學習意願強烈之考生。,面試方式及相關訊息，將於本系網頁公佈。網址:https://iofm3.nhu.edu.tw/,聯繫電話:(05)2721001#2051
南華大學,企業管理學系經營管理組,059042,10,50,1,無,無,115.5.15至115.5.17,底標,5,*1.00,,,,,,,,,,,,,,,,,,,,,,,10%,審查資料,面試,,,true,true,,,,true,true,true,,,,,,true,true,true,true,true,,,於招生名額內得優先錄取至多1名予經濟不利生。,藉由面試瞭解考生報考動機及未來展望，本系希望錄取具有學習意願強烈之考生。,第二階段甄試面試相關評核標準及面試流程請參閱本系網站。,網址：https://bmanagement3.nhu.edu.tw/。
南華大學,企業管理學系行銷企劃組,059052,10,50,1,無,無,115.5.15至115.5.17,底標,,*2.00,,,,,,,,,,,,*1.50,,,,,,,國社,,5,,10%,審查資料,面試,,,true,true,,,,true,true,true,,,,,,true,true,true,true,true,,,於招生名額內得優先錄取至多1名予經濟不利生。,藉由面試瞭解考生報考動機及未來展望，本系希望錄取具有學習意願強烈之考生。,第二階段甄試面試相關評核標準及面試流程請參閱本系網站。,網址：https://bmanagement3.nhu.edu.tw/。電話：(05)2721001 轉 2081、2083。
南華大學,企業管理學系創新創業組,059062,10,50,無,無,無,115.5.15至115.5.17,,,*1.50,,,,,,,,,,底標,,*2.00,,,,,,,國社,,5,,10%,審查資料,面試,,,true,true,,,,true,true,true,,,,,,true,true,true,true,true,,,於招生名額內得優先錄取至多1名予經濟不利生。,藉由面試瞭解考生報考動機及未來展望，本系希望錄取具有學習意願強烈之考生。,第二階段甄試面試相關評核標準及面試流程請參閱本系網站。網址：https://bmanagement3.nhu.edu.tw/。,連絡電話：(05)2721001轉2081、2083。
南華大學,企業管理學系文創管理組,059072,9,50,1,無,無,115.5.15至115.5.17,,,,,,,,,,,,,,,,,,,,,,,,,,,,,,,true,true,,,,true,true,true,,,,,,true,true,true,true,true,,,於招生名額內得優先錄取至多1名予經濟不利生。,藉由面試瞭解考生報考動機及未來展望，本系希望錄取具有學習意願強烈之考生。,第二階段甄試面試相關評核標準及面試流程請參閱本系網站。,網址：https://bmanagement3.nhu.edu.tw/。
南華大學,旅遊管理學系觀光旅遊經營組,059082,8,48,1,無,無,115.5.15至115.5.17,底標,6,*1.00,,,,,,,,,,,,,,,,,,,,,,,10%,審查資料,面試,,,true,true,,,,true,true,,true,,,,true,true,true,true,true,true,,,面試,審查資料,,
南華大學,旅遊管理學系觀光導覽組,059092,7,49,無,無,無,115.5.15至115.5.17,底標,,*1.00,,,,,,,,,,,7,,,,,,,,,,,,10%,審查資料,面試,,,true,true,,,,true,true,,true,,,,true,true,true,true,true,true,,,面試,審查資料,,
南華大學,旅遊管理學系旅館管理組,059102,7,49,無,無,無,115.5.15至115.5.17,,7,*1.00,,,,,,,,,,底標,,,,,,,,,,,,,10%,審查資料,面試,,,true,true,,,,true,true,,true,,,,true,true,true,true,true,true,,,面試,審查資料,,
南華大學,旅遊管理學系餐宴廚藝組,059112,9,50,1,無,無,115.5.15至115.5.17,,,,,,,,,,,,,,,,,,,,,,,,,,,,,,,true,true,,,,true,true,,true,,,,true,true,true,true,true,true,,,面試,審查資料,,
南華大學,管理學院國際企業學士學位學程,059122,6,48,無,無,無,115.5.15至115.5.17,底標,,*2.00,,,*1.50,,,,,,,,,,,,,,,,國英,,8,,20%,審查資料,面試,,,true,true,,,,true,,,,true,,true,true,true,true,true,true,true,,,面試,審查資料,,
南華大學,管理學院國際企業學士學位學程國際數位行銷組,059132,11,50,無,無,無,115.5.15至115.5.17,,,*1.50,底標,,*2.00,,,,,,,,,,,,,,,,國英,,4.5,,20%,審查資料,面試,,,true,true,,,,true,,,,true,,true,true,true,true,true,true,true,,,面試,審查資料,,
南華大學,生死學系殯葬服務組,059142,34,102,3,無,無,115.5.15至115.5.17,底標,3,*2.00,,,,,,,,,,,,*1.00,,,,,,,,,,,10%,審查資料,面試,,,true,true,true,,true,true,true,,true,,,,,true,true,true,true,true,,,面試,學測國社級分總和,,
南華大學,生死學系諮商組,059152,32,96,3,無,無,115.5.15至115.5.17,底標,3,*2.00,,,,,,,,,,,,*1.00,,,,,,,,,,,10%,審查資料,面試,,,true,true,true,,true,true,true,,true,,,,,true,true,true,true,true,,,面試,學測國社級分總和,,
南華大學,幼兒教育學系幼兒教保組,059162,11,50,1,無,無,115.5.15至115.5.17,底標,4.5,*1.00,,,,,,,,,,,,,,,,,,,,,,,10%,審查資料,面試,,,true,true,true,,true,true,true,true,true,,,,,true,true,true,true,true,,,面試,審查資料,,
南華大學,幼兒教育學系多元創新組,059172,10,50,無,無,無,115.5.15至115.5.17,,,,,,,,,,,,,,,,,,,,,,,,,,,,,,,true,true,true,,true,true,true,true,true,,,,,true,true,true,true,true,,,面試,審查資料,,
南華大學,文學系,059182,18,54,1,無,無,115.5.15至115.5.17,底標,,*1.00,,,,,,,,,,,3,,,,,,,,,,,,10%,審查資料,面試,,,true,true,true,,,true,true,,true,,true,,,true,true,true,true,true,,,面試,審查資料,,
南華大學,文學系藝文創作組,059192,18,54,1,無,無,115.5.15至115.5.17,底標,3,*1.00,,,,,,,,,,,,,,,,,,,,,,,10%,審查資料,面試,,,true,true,true,,,true,true,,true,,true,,,true,true,true,true,true,,,面試,審查資料,,
南華大學,外國語文學系應用英語組,059202,25,75,2,無,無,115.5.15至115.5.17,,,,,,,,,,,,,,,,,,,,,,,,,,,,,,,true,true,,,true,true,true,,,,,true,true,true,true,,true,true,,,面試,審查資料,學測英文級分,
南華大學,外國語文學系英日組,059212,11,50,1,無,無,115.5.15至115.5.17,,,,,,,,,,,,,,,,,,,,,,,,,,,,,,,true,true,,,true,true,true,,,,,true,true,true,true,,true,true,,,面試,審查資料,學測社會級分,
南華大學,社會工作學系,059222,8,48,1,無,無,115.5.15至115.5.17,,,*1.00,,,,,,,,,,底標,,*1.50,,,,,,,國社,,6,,20%,審查資料,面試,,,true,true,,,true,true,true,,true,,,,true,true,true,true,true,true,,,1.報考本系的原因、想法及個人專長。2.自我表達能力。3.儀態及反應思考。4.對書面審查資料內容進行了解和提問。二、藉由面試瞭解學生報考動機及未來展望，本系希望錄取具有強烈學習意願之考生。,於招生名額內得優先錄取至多1名經濟不利生。,面試相關評核標準及面試流程請參閱本系網站。,若第二階段面試時間不方便，請洽官方LINE調整時段。
南華大學,社會工作學系長期照顧管理組,059232,8,48,1,無,無,115.5.15至115.5.17,底標,6,*1.00,,,,,,,,,,,,,,,,,,,,,,,20%,審查資料,面試,,,true,true,,,true,true,true,,true,,,,true,true,true,true,true,true,,,1.報考本系的原因、想法及個人專長。2.自我表達能力。3.儀態及反應思考。4.對書面審查資料內容進行了解和提問。二、藉由面試瞭解學生報考動機及未來展望，本系希望錄取具有強烈學習意願之考生。,於招生名額內得優先錄取至多1名經濟不利生。,面試相關評核標準及面試流程請參閱本系網站。,若第二階段面試時間不方便，請洽官方LINE調整時段。
南華大學,社會工作學系家庭社會工作組,059242,8,48,1,無,無,115.5.15至115.5.17,底標,,*1.00,,,,,,,,,,,,*1.50,,,,,,,國社,,6,,20%,審查資料,面試,,,true,true,,,true,true,true,,true,,,,true,true,true,true,true,true,,,1.報考本系的原因、想法及個人專長。2.自我表達能力。3.儀態及反應思考。4.對書面審查資料內容進行了解和提問。二、藉由面試瞭解學生報考動機及未來展望，本系希望錄取具有強烈學習意願之考生。,於招生名額內得優先錄取至多1名經濟不利生。,面試相關評核標準及面試流程請參閱本系網站。,若第二階段面試時間不方便，請洽官方LINE調整時段。
南華大學,社會工作學系兒少社會工作組,059252,8,48,無,無,無,115.5.15至115.5.17,,,,,,,,,,,,,,,,,,,,,,,,,,,,,,,true,true,,,true,true,true,,true,,,,true,true,true,true,true,true,,,1.報考本系的原因、想法及個人專長。2.自我表達能力。3.儀態及反應思考。4.對書面審查資料內容進行了解和提問。二、藉由面試瞭解學生報考動機及未來展望，本系希望錄取具有強烈學習意願之考生。,於招生名額內得優先錄取至多1名經濟不利生。,面試相關評核標準及面試流程請參閱本系網站。,若第二階段面試時間不方便，請洽官方LINE調整時段。
南華大學,社會工作學系醫務社會工作組,059262,6,48,1,無,無,115.5.15至115.5.17,,,*1.00,,,*1.00,,,,,,,底標,,*1.50,,,,,,,國英社,,8,,20%,審查資料,面試,,,true,true,,,true,true,true,,true,,,,true,true,true,true,true,true,,,1.報考本系的原因、想法及個人專長。2.自我表達能力。3.儀態及反應思考。4.對書面審查資料內容進行了解和提問。二、藉由面試瞭解學生報考動機及未來展望，本系希望錄取具有強烈學習意願之考生。,於招生名額內得優先錄取至多1名經濟不利生。,面試相關評核標準及面試流程請參閱本系網站。,若第二階段面試時間不方便，請洽官方LINE調整時段。
南華大學,傳播學系廣告公關新聞組,059272,10,50,1,無,無,115.5.15至115.5.17,底標,5,*1.00,,,,,,,,,,,,,,,,,,,,,,,10%,審查資料,面試,,,true,true,true,,true,true,true,,,,true,,true,true,true,true,true,true,,,面試,審查資料,學測國文級分,
南華大學,傳播學系數位影音製作組,059282,15,45,1,無,無,115.5.15至115.5.17,,,*1.00,,,,,,,,,,底標,3,,,,,,,,,,,,10%,審查資料,面試,,,true,true,true,,true,true,true,,,,true,,true,true,true,true,true,true,,,面試,審查資料,學測國文級分,
南華大學,傳播學系影劇表演藝術組,059292,9,50,1,無,無,115.5.15至115.5.17,底標,,*1.50,,,,,,,,,,,,*1.00,,,,,,,國社,,5.5,,10%,審查資料,面試,,,true,true,true,,true,true,true,,,,true,,true,true,true,true,true,true,,,面試,審查資料,學測國社級分總和,
南華大學,國際事務與企業學系,059302,10,50,1,無,無,115.5.15至115.5.17,,,,,,,,,,,,,,,,,,,,,,,,,,,,,,,true,true,,,true,true,true,,true,,,,true,true,true,true,true,true,,,面試,審查資料,學測社會級分,
南華大學,國際事務與企業學系國際政經與貿易組,059312,6,48,1,無,無,115.5.15至115.5.17,底標,8,*1.00,,,,,,,,,,,,*2.00,,,,,,,,,,,20%,審查資料,面試,,,true,true,,,true,true,true,,true,,,,true,true,true,true,true,true,,,面試,審查資料,學測社會級分,學測國文級分
南華大學,國際事務與企業學系公共事務與管理組,059322,9,50,1,無,無,115.5.15至115.5.17,底標,5.5,*1.00,,,,,,,,,,,,,,,,,,,,,,,20%,審查資料,面試,,,true,true,,,true,true,true,,true,,,,true,true,true,true,true,true,,,面試,審查資料,學測國文級分,
南華大學,視覺藝術與設計學系繪畫文創組,059332,6,48,1,無,無,115.5.15至115.5.17,底標,8,,,,,,,,,,,,,,,,,,,,,,,,0%,審查資料,面試,,,true,true,true,,,true,true,,,true,,,true,true,true,true,true,true,,,面試,審查資料,學測國文級分,
南華大學,視覺藝術與設計學系數位設計組,059342,6,48,1,無,無,115.5.15至115.5.17,,,,,,,,,,,,,,,,,,,,,,,,,,,,,,,true,true,true,,,true,true,,,true,,,true,true,true,true,true,true,,,面試,審查資料,學測社會級分,
南華大學,音樂跨域設計與藝術管理學士學位學程展演創作組,059352,7,49,1,無,無,115.5.15至115.5.17,底標,7,,,,,,,,,,,,,,,,,,,,,,,,0%,審查資料,面試+術科,,,true,true,true,,true,,true,,true,,true,,true,true,true,true,true,true,,,面試+術科,審查資料,,
南華大學,音樂跨域設計與藝術管理學士學位學程藝術管理組,059362,9,50,無,無,無,115.5.15至115.5.17,,,,,,,,,,,,,,,,,,,,,,,,,,,,,,,true,true,true,,true,,true,,true,,true,,true,true,true,true,true,true,,,面試,審查資料,,
南華大學,建築學系,059372,10,50,1,無,無,115.5.15至115.5.17,底標,5,*1.00,,,,,,,,,,,,,,,,,,,,,,,20%,審查資料,面試,,,true,true,true,,,true,true,,,,,,,true,true,true,true,true,,,面試,審查資料,,
南華大學,建築學系社會組,059382,7,49,1,無,無,115.5.15至115.5.17,底標,,*1.00,,,,,,,,,,,,*1.00,,,,,,,國社,,7,,20%,審查資料,面試,,,true,true,true,,,true,true,,,,,,,true,true,true,true,true,,,面試,審查資料,,
南華大學,建築學系自然組,059392,14,49,1,無,無,115.5.15至115.5.17,底標,,*1.00,,,,,,,,,,,,,,,*1.00,,,,國自,,3.5,,20%,審查資料,面試,,,true,true,true,,,true,true,,,,,,,true,true,true,true,true,,,面試旨在評量考生：1.報考本系的原因、想法及個人專長、2.自我表達能力、3.儀態以及反應思考、4.對書面審查資料內容進行了解和提問。二、面試評分項目：個人專長、組織能力、報考動機、思考能力。三、藉由面試瞭解考生報考動機及未來展望，本系希望錄取具有學習意願強烈之考生。四、面試著重在評量學生的個人興趣取向。人格特質、學習態度，以及對本系之認知，也一併考量在內。五、於招生名額內得優先錄取至多1名經濟不利生。六、網址:https://envart3.nhu.edu.tw/ 電話:05-2721001轉2221。,,,
南華大學,產品與室內設計學系,059402,10,50,1,無,無,115.5.15至115.5.17,底標,5,,,,,,,,,,,,,,,,,,,,,,,,0%,審查資料,面試,,,true,true,true,true,,true,true,,,,,,true,true,,true,true,true,true,,面試,審查資料,學測國文級分,
南華大學,產品與室內設計學系(青年儲蓄帳戶組),059412,1,50,無,無,無,115.5.15至115.5.17,底標,,,,,,,,,,,,,,,,,,,,,,,,,0%,審查資料,面試,,,true,true,true,true,,true,true,,,,,,true,true,,true,true,true,true,true,面試,審查資料,,
南華大學,資訊工程學系,059422,13,46,2,無,無,115.5.15至115.5.17,,3.5,*1.00,,,,底標,,,底標,,,,,,,,,,,,,,,,20%,審查資料,面試,,,true,true,true,,,true,true,,,true,,,true,true,true,true,true,true,,,面試,審查資料,,
南華大學,資訊工程學系人工智慧科技組,059432,12,48,1,無,無,115.5.15至115.5.17,,,,,,,,,,,,,,,,,,,,,,,,,,,,,,,true,true,true,,,true,true,,,true,,,true,true,true,true,true,true,,,面試,審查資料,,
南華大學,資訊工程學系資訊電子組,059442,11,50,1,無,無,115.5.15至115.5.17,,,*1.00,,,,底標,,,底標,,,,,,,,*1.00,,,,國自,,4.5,,20%,審查資料,面試,,,true,true,true,,,true,true,,,true,,,true,true,true,true,true,true,,,面試,審查資料,,
南華大學,資訊工程學系互動遊戲設計組,059452,13,46,1,無,無,115.5.15至115.5.17,,,*1.00,,,*1.00,底標,,,底標,,,,,,,,,,,,國英,,3.5,,20%,審查資料,面試,,,true,true,true,,,true,true,,,true,,,true,true,true,true,true,true,,,面試,審查資料,,
南華大學,自然生物科技學系,059462,12,48,1,無,無,115.5.15至115.5.17,,,,,,,,,,,,,,,,,,,,,,,,,,,,,,,true,true,true,true,,true,true,true,true,,,,,true,true,true,true,true,,,面試,審查資料,,
南華大學,自然生物科技學系生技療癒組,059472,11,50,1,無,無,115.5.15至115.5.17,,,,,,,,,,,,,,,,,,,,,,,,,,,,,,,true,true,true,true,,true,true,true,true,,,,,true,true,true,true,true,,,面試,審查資料,,
南華大學,自然生物科技學系食品生技組,059482,12,48,1,無,無,115.5.15至115.5.17,底標,4,*1.00,,,,,,,,,,,,,,,,,,,,,,,20%,審查資料,面試,,,true,true,true,true,,true,true,true,true,,,,,true,true,true,true,true,,,面試,審查資料,,
南華大學,資訊管理學系,059492,10,50,1,無,無,115.5.15至115.5.17,底標,5,*2.00,,,,,,,,,,,,,,,,,,,,,,,20%,審查資料,面試,,,true,true,true,,true,true,,,,,,,true,true,true,true,true,true,,,面試,審查資料,,
南華大學,資訊管理學系人工智慧應用組,059502,9,50,1,無,無,115.5.15至115.5.17,,,*2.00,,,,,,,,,,,,,底標,,*1.00,,,,國自,,5.5,,20%,審查資料,面試,,,true,true,true,,true,true,,,,,,,true,true,true,true,true,true,,,面試,審查資料,,
南華大學,資訊管理學系大數據分析組,059512,10,50,1,無,無,115.5.15至115.5.17,,,,,,,,,,,,,,,,,,,,,,,,,,,,,,,true,true,true,,true,true,,,,,,,true,true,true,true,true,true,,,面試,審查資料,,
南華大學,半導體應用學士學位學程IC設計組,059522,10,50,1,無,無,115.5.15至115.5.17,,,*1.00,,,,,,,,,,,,,底標,5,*1.00,,,,,,,,20%,審查資料,面試,,,true,,true,true,,true,true,true,true,,,,,true,true,true,true,true,,,面試旨在評量考生對於本系的認同度，藉由面試瞭解考生報考動機及未來自我規劃，本學程希望錄取具有強烈學習意願之考生。二、面試評分項目：個人特質、自我表達能力、儀態及報考動機。三、於招生名額內得優先錄取至多1名予經濟不利生。,第二階段甄試面試時間及相關訊息，屆時請上本校(系)網頁https://sa.nhu.edu.tw/查詢，若口試時間不方便者，可來電 05-2721001#2601洽詢，本學程會協助口試時間之安排。,,
南華大學,半導體應用學士學位學程IC製程組,059532,9,50,1,無,無,115.5.15至115.5.17,,5.5,*1.00,,,,底標,,,底標,,,,,,,,,,,,,,,,20%,審查資料,面試,,,true,,true,true,,true,true,true,true,,,,,true,true,true,true,true,,,面試旨在評量考生對於本系的認同度，藉由面試瞭解考生報考動機及未來自我規劃，本學程希望錄取具有強烈學習意願之考生。二、面試評分項目：個人特質、自我表達能力、儀態及報考動機。三、於招生名額內得優先錄取至多1名予經濟不利生。四、第二階段甄試面試時間及相關訊息，屆時請上本學程網頁https://sa.nhu.edu.tw/查詢，若口試時間不方便者，可來電 05-2721001#2601洽詢，本學程會協助口試時間之安排。,,,
南華大學,半導體應用學士學位學程封裝與材料組,059542,9,50,1,無,無,115.5.15至115.5.17,,,*1.00,底標,5.5,*1.00,,,,,,,,,,,,,,,,,,,,20%,審查資料,面試,,,true,,true,true,,true,true,true,true,,,,,true,true,true,true,true,,,面試旨在評量考生對於本系的認同度，藉由面試瞭解考生報考動機及未來自我規劃，本學程希望錄取具有強烈學習意願之考生。二、面試評分項目：個人特質、自我表達能力、儀態及報考動機。三、於招生名額內得優先錄取至多1名予經濟不利生。,第二階段甄試面試時間及相關訊息，屆時請上本學程網頁https://sa.nhu.edu.tw/查詢，若口試時間不方便者，可來電 05-2721001#2601洽詢，本學程會協助口試時間之安排。,,
國立臺灣體育運動大學,體育學系(一般組),060012,37,111,4,無,無,115.5.16至115.5.17,,3,*1.00,底標,3,*2.00,,,,,,,,,,,,,,,,,,,,30%,審查資料,面試,,,true,true,,true,,true,true,,,true,,,,true,true,true,true,,,,面試,審查資料,學科能力測驗成績,學測英文級分
國立臺灣體育運動大學,體育學系(青年儲蓄帳戶組),060022,1,50,無,無,無,115.5.16至115.5.17,底標,,,,,,,,,,,,,,,,,,,,,,,,,0%,審查資料,面試,,,true,true,,true,,true,true,,,true,,,,true,true,true,true,true,,,面試,審查資料,,
國立臺灣體育運動大學,休閒運動學系,060032,15,45,3,無,無,115.5.16,底標,3,*1.25,底標,3,*1.00,,,,,,,,,,,,,,,,,,,,30%,審查資料,面試,,,true,true,,,true,true,true,true,,,,true,,true,,true,true,,,,指定項目甄試成績,學測國文級分,學測英文級分,
國立臺灣體育運動大學,運動事業管理學系,060042,20,60,3,無,無,115.5.16至115.5.17,後標,3,*1.50,後標,3,*1.50,,,,,,,後標,,*1.00,,,,,,,,,,,30%,審查資料,面試,,,true,true,,,true,true,true,,,true,,true,,true,,true,true,,,,面試,學測國文級分,指定項目甄試成績,學測英文級分
國立臺灣體育運動大學,運動健康科學學系,060052,29,87,2,無,無,115.5.16至115.5.17,後標,3,*1.00,後標,3,*2.00,,,,,,,,,,後標,3,*1.50,,,,,,,,30%,審查資料,面試,,,true,true,,,,true,true,,,,,true,true,true,,true,true,,,,面試,審查資料,學測自然級分,學測英文級分
國立臺灣體育運動大學,運動資訊與傳播學系,060062,10,40,2,無,無,115.5.16,後標,4,*1.50,後標,4,*1.75,,,,後標,4,*1.25,後標,4,*1.25,,,,,,,,,,,20%,審查資料,面試,,,true,true,true,,true,true,true,,,true,,,true,true,true,true,true,,,,學測英文級分,學科能力測驗成績,指定項目甄試成績,學測國文級分
國立臺灣體育運動大學,體育學系(運動專長組),060072,31,310,無,無,無,115.5.16,,,*1.00,,,*1.00,,,,,,,,,,,,,,,,國英,,10,,10%,審查資料,專長術科測驗含面試,,,true,true,,true,,true,true,,,true,,,,true,true,true,true,,,,專長術科測驗含面試,審查資料,學科能力測驗成績,學測英文級分
國立臺南藝術大學,藝術史與文化資產學系,063012,15,45,3,無,無,115.5.15,,10,*2.00,,,*1.50,,,,,,,均標,3,*1.75,,,,,,,,,,,40%,審查資料,面試,,,true,true,,,true,true,true,true,,,,,true,true,true,true,true,true,,,面試,學測國文級分,學測社會級分,學測英文級分
國立臺南藝術大學,應用音樂學系,063022,27,162,3,無,無,115.5.15至115.5.16,後標,13,*1.00,後標,6,*1.50,,,,,,,,,,,,,,,,,,,,30%,審查資料,面試,,,true,true,true,,,true,true,,,true,,,,true,true,true,true,true,,,面試,學測國文級分,學測英文級分,學科能力測驗成績
國立臺南藝術大學,材質創作與設計系,063032,21,126,2,無,無,115.5.15至115.5.16,,,*2.00,,,*1.50,,,,,,,,,*1.50,,,,,,,,,,,30%,審查資料,面試,,,true,true,true,,,true,true,,,,true,,true,true,true,true,true,true,,,學科能力測驗成績,面試,審查資料,術科考試成績
國立臺南藝術大學,材質創作與設計系(青年儲蓄帳戶組),063042,1,50,無,無,無,115.5.15至115.5.16,均標,,,均標,,,,,,,,,,,,,,,,,,,,,,0%,審查資料,面試,,,true,true,true,,,true,true,,,,true,,true,true,true,true,true,true,true,,面試,審查資料,,
玄奘大學,社會工作學系,065012,2,50,1,無,無,115.5.15至115.5.16,底標,25,*1.00,,,,,,,,,,,,,,,,,,,,,,,10%,審查資料,面試,,,true,true,,,true,true,,,true,,,,,true,true,true,,,,,審查資料,面試,學測國文級分,
玄奘大學,應用心理學系,065022,28,84,2,無,無,115.5.15至115.5.16,底標,3,*2.00,,,,,,,,,,,,,,,,,,,,,,,20%,審查資料,面試,,,true,true,true,,,true,true,,,,,,,true,,true,true,,,,面試,審查資料,學測國文級分,
玄奘大學,法律學系,065032,17,51,1,無,無,115.5.15至115.5.16,底標,3,*1.00,,,,,,,,,,,,,,,,,,,,,,,10%,審查資料,面試,,,true,true,,,true,true,true,,,true,,true,,true,,true,true,,,,審查資料,面試,學測國文級分,
玄奘大學,大眾傳播學系,065042,13,46,1,無,無,115.5.15至115.5.16,底標,3.5,*1.00,,,,,,,,,,,,,,,,,,,,,,,10%,審查資料,面試,,,true,true,,,,,true,,,,true,,,true,,true,true,,,,面試,審查資料,學測國文級分,
玄奘大學,應用日語學系,065052,11,50,1,無,無,,底標,4.5,,,,,,,,,,,,,,,,,,,,,,,,0%,審查資料,,,,true,true,,,true,,true,true,,,,true,,true,,true,true,,,,審查資料,學測國文級分,,
玄奘大學,餐旅管理學系,065062,5,50,無,無,無,,底標,10,,,,,,,,,,,,,,,,,,,,,,,,0%,審查資料,,,,true,true,true,,,,true,,true,,,,,true,,true,true,,,,審查資料,學測國文級分,,
玄奘大學,視覺傳達設計學系,065072,20,100,1,無,無,115.5.15至115.5.16,,5,*1.00,,,,,,,,,,,,,,,,,,,,,,,20%,審查資料,面試,,,true,,true,,,true,,,,,true,,,true,,true,,,,,面試,審查資料,學測國文級分,
玄奘大學,藝術與創意設計學系,065082,14,70,1,無,無,115.5.15至115.5.16,,5,*1.00,,,,,,,,,,,,,,,,,,,,,,,10%,審查資料,面試,,,true,true,true,,,,true,,,true,,,true,true,,true,,,,,面試,審查資料,學測國文級分,
真理大學,人文與資訊學系,079012,5,50,無,無,無,115.5.16,,,*1.00,,,,,,,,,,底標,10,*1.00,,,,,,,,,,,10%,審查資料,面試,,,true,true,,,true,true,,,,,true,,true,true,,,true,,,,面試,審查資料,學測社會級分,學測國文級分
真理大學,宗教文化與資訊管理學系,079022,2,50,1,無,無,115.5.16,底標,25,*1.00,,,,,,,,,,,,,,,,,,,,,,,10%,審查資料,面試,,,true,,,,true,true,true,,true,,true,,,true,,true,true,true,,,審查資料,面試,學測國文級分,
真理大學,宗教文化與資訊管理學系生命關懷組,079032,2,50,無,無,無,115.5.16,底標,25,*1.00,,,,,,,,,,,25,,,,,,,,,,,,10%,審查資料,面試,,,true,true,,,,true,true,,true,,true,,,true,,true,true,true,,,審查資料,面試,學測國文級分,
真理大學,宗教文化與資訊管理學系資訊與文創組,079042,3,48,無,無,無,115.5.16,,16,,,,,,,,,,,底標,25,*1.00,,,,,,,,,,,10%,審查資料,面試,,,true,true,,,true,true,true,,true,,true,,,true,,true,true,true,,,審查資料,面試,學測社會級分,
真理大學,應用日語學系,079052,12,48,1,無,無,115.5.16,底標,5,*1.00,,5,*1.00,,,,,,,,4,,,,,,,,,,,,30%,審查資料,面試,,,true,true,,,true,true,,,,true,,true,true,true,,true,true,,,,面試,審查資料,學測國文級分,學測英文級分
真理大學,應用日語學系(青年儲蓄帳戶組),079062,1,50,無,無,無,,底標,,,,,,,,,,,,,,,,,,,,,,,,,0%,審查資料,,,,,,,,,,,,,,,,,,,,,true,,,,,,
真理大學,資訊工程學系人工智慧應用組,079072,6,48,1,無,無,115.5.16至115.5.17,底標,,,,8,,,,,,,,,,,,,,,,,,,,,0%,審查資料,面試,,,true,true,true,,,true,,,true,,true,,true,true,true,true,true,,,,學測國文、英文之級分總和 二、學測英文級分,,,
真理大學,資訊工程學系多媒體遊戲設計組,079082,5,50,無,無,無,115.5.16至115.5.17,底標,10,,,,,,,,,,,,,,,,,,,,,,,,0%,審查資料,面試,,,true,true,true,,,true,,,true,,true,,true,true,true,true,true,,,,,,,
真理大學,資訊工程學系(APCS組),079092,3,45,無,無,無,115.5.16至115.5.17,底標,20,,,,,,,,,,,,,,,,,,,,,,,,0%,審查資料,面試,,,true,,,,,,,,,,,,,,true,true,true,true,,,,,,
真理大學,資訊工程學系(青年儲蓄帳戶組),079102,1,50,無,無,無,,底標,,,,,,,,,,,,,,,,,,,,,,,,,0%,審查資料,,,,,,,,,,,,,,,,,,,,,true,,,,,,
真理大學,法律學系財經科技法律組,079112,4,50,無,無,無,115.5.16至115.5.17,底標,,*1.00,,,,,,,,,,,12.5,*2.00,,,,,,,,,,,10%,審查資料,面試,,,true,true,,,true,,,,true,,,,,true,,,true,,,,面試,審查資料,學測社會級分,學測國文級分
真理大學,法律學系法律應用實務組,079122,9,50,1,無,無,115.5.16至115.5.17,底標,5.5,*2.00,,,,,,,,,,,,*1.00,,,,,,,,,,,10%,審查資料,面試,,,true,true,,,true,,,,,,,,true,true,,,true,,,,面試,審查資料,指定項目甄試成績,學測社會級分
真理大學,財務金融學系,079132,13,46,1,無,無,115.5.16至115.5.17,,,,,,,,,,,,,,,,,,,,,,,,,,,,,,,true,true,,,true,,true,true,,,,,,true,,,,,,,,,,
真理大學,財務金融學系(青年儲蓄帳戶組),079142,1,50,無,無,無,,,,,,,,,,,,,,,,,,,,,,,,,,,,,,,,true,,,,,,,,,,,,,,,,,true,,,,,,
真理大學,國際經營與貿易學系,079152,5,50,1,無,無,115.5.16至115.5.17,底標,10,,,,,,,,,,,,,,,,,,,,,,,,0%,審查資料,面試,,,true,true,,,,true,true,,true,,,,,true,true,true,true,true,,,審查資料,面試,學測國文級分,
真理大學,國際經營與貿易學系(青年儲蓄帳戶組),079162,1,50,無,無,無,,底標,,,,,,,,,,,,,,,,,,,,,,,,,0%,審查資料,,,,,,,,,,,,,,,,,,,,,true,,,,,,
真理大學,經濟學系,079172,6,48,1,無,無,115.5.16至115.5.17,,,*1.00,,,*1.00,,,,,,,底標,8,*1.00,,,,,,,,,,,20%,審查資料,面試,,,true,true,,,,true,,true,true,,,,true,true,true,true,true,,,,審查資料,學測社會級分,學測國文級分,
真理大學,企業管理學系,079182,6,48,1,無,無,115.5.16至115.5.17,,,,,,,,,,,,,,,,,,,,,,,,,,,,,,,true,true,true,,,,true,true,,true,,,true,true,true,,true,,,,面試,審查資料,,
真理大學,運動管理學系,079192,4,48,1,無,無,115.5.16,,,*1.00,,,*1.00,,,,,,,底標,12,*1.00,,,,,,,,,,,10%,審查資料,面試,,,true,true,,,true,true,true,,,true,,,,true,true,true,true,,,,審查資料,學測國英社級分總和,學測社會級分,學測國文級分
真理大學,運動資訊傳播學系,079202,3,50,1,無,無,115.5.16,底標,16.5,*1.00,,,,,,,,,,,,*2.00,,,,,,,,,,,10%,審查資料,面試,,,true,true,,,,true,true,true,,,,,,true,true,true,true,,,,面試,審查資料,,
真理大學,運動資訊傳播學系(青年儲蓄帳戶組),079212,1,50,無,無,無,,底標,,,,,,,,,,,,,,,,,,,,,,,,,0%,審查資料,,,,,,,,,,,,,,,,,,,,,true,,,,,,
真理大學,觀光事業學系,079222,10,50,1,無,無,115.5.16至115.5.17,底標,5,*1.50,,,*1.50,,,,,,,,,,,,,,,,,,,,20%,審查資料,面試,,,true,true,true,,true,,true,,,,,,,true,,true,,,,,審查資料,面試,學測國文級分,學測英文級分
真理大學,航空事業學系,079232,6,48,無,無,無,115.5.16,底標,8,*1.25,,9,*2.00,,,,,,,,,*1.50,,,,,,,,,,,40%,審查資料,面試,,,true,true,,true,true,true,true,true,,,,true,,true,true,true,true,,,,審查資料,學測英文級分,學測國文級分,學測社會級分
真理大學,音樂應用學系-跨域應用組,079242,5,75,1,無,無,115.5.16,底標,15,*2.00,,,*1.00,,,,,,,,,*1.00,,,,,,,,,,,30%,審查資料,面試,,,true,true,,,,true,true,true,true,,,,,true,true,true,true,,,,面試,審查資料,學測國文級分,學測英文級分
真理大學,音樂應用學系-音樂表演組,079252,2,30,無,無,無,115.5.16,底標,15,*1.00,,,*1.00,,,,,,,,,*1.00,,,,,,,,,,,10%,審查資料,面試,,,true,true,,,true,true,true,,,true,,,,true,true,true,true,,,,面試,審查資料,學測國文級分,學測英文級分
國立臺北大學,法律學系法學組,099012,26,78,2,無,無,115.5.22,前標,,*1.00,前標,,*1.00,,,,均標,,*1.00,前標,,*1.00,,,,,,,國英數B社,,3,,40%,審查資料,面試,,,true,true,true,,true,true,true,,,,,true,true,true,true,true,true,,,,面試,學測英文級分,學測國文級分,學測數學B級分
國立臺北大學,法律學系法學組(飛鳶組),099022,1,3,無,無,無,115.5.22,前標,,*1.00,前標,,*1.00,,,,均標,,*1.00,前標,,*1.00,,,,,,,國英數B社,,3,,40%,審查資料,面試,,,true,true,true,,true,true,true,,,,,true,true,true,true,true,true,true,,,面試,學測英文級分,學測國文級分,學測數學B級分
國立臺北大學,法律學系司法組,099032,26,78,2,1,無,115.5.22,前標,,*1.00,前標,,*1.00,,,,均標,,*1.00,前標,,*1.00,,,,,,,國英數B社,,3,,40%,審查資料,面試,,,true,true,true,,true,true,true,,,,,true,true,true,true,true,true,,,,面試,學測英文級分,學測國文級分,學測數學B級分
國立臺北大學,法律學系司法組(飛鳶組),099042,1,3,無,無,無,115.5.22,前標,,*1.00,前標,,*1.00,,,,均標,,*1.00,前標,,*1.00,,,,,,,國英數B社,,3,,40%,審查資料,面試,,,true,true,true,,true,true,true,,,,,true,true,true,true,true,true,true,,,面試,學測英文級分,學測國文級分,學測數學B級分
國立臺北大學,法律學系財經法組,099052,26,78,2,無,無,115.5.22,前標,,*1.00,前標,,*1.00,,,,均標,,*1.00,前標,,*1.00,,,,,,,國英數B社,,3,,40%,審查資料,面試,,,true,true,true,,true,true,true,,,,,true,true,true,true,true,true,,,,面試,學測英文級分,學測國文級分,學測數學B級分
國立臺北大學,法律學系財經法組(飛鳶組),099062,1,3,無,無,無,115.5.22,前標,,*1.00,前標,,*1.00,,,,均標,,*1.00,前標,,*1.00,,,,,,,國英數B社,,3,,40%,審查資料,面試,,,true,true,true,,true,true,true,,,,,true,true,true,true,true,true,true,,,面試,學測英文級分,學測國文級分,學測數學B級分
國立臺北大學,企業管理學系,099072,54,162,6,1,無,115.5.20至115.5.21,均標,,*1.00,均標,,*1.50,均標,,*1.50,,,,,,,,,,,,,國英數A,,3,,40%,審查資料,面試,,,true,true,true,,true,true,,,,true,,true,true,true,true,true,true,true,,,面試,學測國英數A級分總和,審查資料,學測數學A級分
國立臺北大學,企業管理學系(飛鳶組),099082,2,10,無,無,無,,均標,,*1.00,均標,10,*1.50,均標,,*1.50,,,,,,*1.00,,,,,,,國英數A,,5,,30%,審查資料,,,,true,true,true,,true,true,,,,true,,true,true,true,true,true,true,true,true,,審查資料,學測國英數A社級分總和,學測數學A級分,學測英文級分
國立臺北大學,金融與合作經營學系,099092,29,87,4,1,無,,均標,,*1.00,均標,,*2.00,均標,,*2.00,,,,,,,,,,,,,國英數A,,3,,50%,審查資料,,,,true,true,true,true,true,true,true,,true,,,,true,true,true,true,true,true,true,true,審查資料,學科能力測驗成績,學測數學A級分,學測英文級分
國立臺北大學,金融與合作經營學系(飛鳶組),099102,2,6,無,無,無,,均標,,*1.00,均標,,*2.00,均標,,*2.00,,,,,,,,,,,,,國英數A,,3,,50%,審查資料,,,,true,true,true,true,true,true,true,,true,,,,true,true,true,true,true,true,true,true,審查資料,學科能力測驗成績,學測數學A級分,學測英文級分
國立臺北大學,會計學系,099112,64,192,7,1,無,115.5.16,均標,,*1.00,均標,3,*2.00,均標,6,*2.00,,,,均標,,*1.00,,,,,,,國英數A社,,8,,45%,審查資料,團體座談會(含筆試),,,true,true,,,true,true,true,,true,,,,true,true,true,true,true,,,,學測國英數A社級分總和,指定項目甄試成績,學測數學A級分,學測英文級分
國立臺北大學,會計學系(飛鳶組),099122,1,5,無,無,無,,均標,,*1.00,均標,5,*2.00,均標,6,*2.00,,,,均標,,*1.00,,,,,,,國英數A社,,10,,50%,審查資料,,,,true,true,,,true,true,true,,true,,,,true,true,true,true,true,true,,,學測國英數A社級分總和,指定項目甄試成績,學測數學A級分,學測英文級分
國立臺北大學,統計學系,099132,29,87,2,無,無,,均標,,*1.00,均標,,*1.25,均標,,*1.50,,,,,,,,,,,,,國英數A,,3,,40%,審查資料,,,,true,true,true,,,true,true,true,,true,,,,true,true,true,true,,,,學測數學A級分,學測英文級分,學測國文級分,指定項目甄試成績
國立臺北大學,統計學系(飛鳶組),099142,1,3,無,無,無,,均標,,*1.00,均標,,*1.25,均標,,*1.50,,,,,,,,,,,,,國英數A,,3,,40%,審查資料,,,,true,true,true,,,true,true,true,,true,,,,true,true,true,true,true,,,學測數學A級分,學測英文級分,學測國文級分,指定項目甄試成績
國立臺北大學,休閒運動管理學系,099152,25,75,3,無,無,115.5.19,,,*1.00,均標,3,*2.00,,,,,10,*2.00,,,*1.00,,,,,,,,,,,30%,審查資料,面試,,,true,true,,,true,true,true,,,true,,,true,true,true,true,true,true,,,指定項目甄試成績,審查資料,面試,學科能力測驗成績
國立臺北大學,休閒運動管理學系(飛鳶組),099162,1,5,無,無,無,,,,*1.00,均標,5,*2.00,,,,,10,*2.00,,,*1.00,,,,,,,,,,,30%,審查資料,,,,true,true,,,true,true,true,,,true,,,true,true,true,true,true,true,true,,指定項目甄試成績,學測國英數B社級分總和,學測英文級分,學測數學B級分
國立臺北大學,公共行政暨政策學系,099172,46,138,5,無,無,115.5.22,均標,5,*1.00,均標,7,*1.00,,,,,,*1.00,均標,3,*1.50,,,,,,,,,,,35%,審查資料,面試,,,true,true,,,true,true,true,,true,true,,,,true,true,,,true,true,true,指定項目甄試成績,學測社會級分,學測國文級分,學測英文級分
國立臺北大學,公共行政暨政策學系(飛鳶組),099182,2,10,無,無,無,115.5.22,均標,6,*1.00,均標,7,*1.00,,,,,,*1.00,均標,5,*1.50,,,,,,,,,,,25%,審查資料,面試,,,true,true,,,true,true,true,,true,true,,,,true,true,,,true,true,true,指定項目甄試成績,學測社會級分,學測國文級分,學測英文級分
國立臺北大學,財政學系,099192,29,87,2,無,無,115.5.22,均標,,*1.00,均標,3,*1.25,均標,4,*1.25,,,,均標,,*1.00,,,,,,,國英數A社,,5,,40%,審查資料,面試,,,true,true,true,,true,true,,true,,true,,true,,true,true,true,true,,,,學測國英數A社級分總和,面試,審查資料,學測英文級分
國立臺北大學,財政學系(飛鳶組),099202,1,5,無,無,無,115.5.22,均標,,*1.00,均標,5,*1.25,均標,6,*1.25,,,,均標,,*1.00,,,,,,,國英數A社,,7,,30%,審查資料,面試,,,true,true,true,,true,true,,true,,true,,true,,true,true,true,true,true,,,學測國英數A社級分總和,面試,審查資料,學測英文級分
國立臺北大學,不動產與城鄉環境學系甲組,099212,31,93,1,無,無,115.5.16,前標,,*1.00,均標,,*1.00,均標,,*1.00,,,,,,,,,,,,,國英數A,,3,,40%,審查資料,面試,,,true,true,true,,true,true,true,true,true,,,,,true,true,true,true,true,,,學測英文級分,學測數學A級分,審查資料,面試
國立臺北大學,不動產與城鄉環境學系乙組,099222,31,93,2,無,無,115.5.16,,,,,,,,,,,,,,,,,,,,,,,,,,,,,,,true,true,true,,true,true,true,true,true,,,,,true,true,true,true,true,,,學測英文級分,學測數學B級分,審查資料,面試
國立臺北大學,不動產與城鄉環境學系(飛鳶組),099232,2,12,無,無,無,,均標,,,均標,6,*1.00,,,,均標,7,*1.00,,,,,,,,,,,,,,40%,審查資料,,,,true,true,true,,true,true,true,true,true,,,,,true,true,true,true,true,true,,指定項目甄試成績,學測國英數B級分總和,學測國文級分,學測英文級分
國立臺北大學,經濟學系,099242,53,159,5,無,無,115.5.15,均標,3,*1.00,均標,,*1.50,均標,10,*1.50,,,,均標,,*1.00,,,,,,,,,,,40%,審查資料,座談會(含筆試),,,true,true,,,true,true,,,,true,,true,true,true,true,true,true,true,,,,,,
國立臺北大學,經濟學系(飛鳶組),099252,2,6,無,無,無,,均標,3,*1.00,均標,,*1.50,均標,10,*1.50,,,,均標,,*1.00,,,,,,,,,,,40%,審查資料,,,,true,true,,,true,true,,,,true,,true,true,true,true,true,true,true,true,,審查資料,學測國英數A社級分總和,學測數學A級分,學測英文級分
國立臺北大學,社會學系,099262,28,84,3,無,無,115.5.22,,,,,,,,,,,,,,,,,,,,,,,,,,,,,,,true,true,true,,true,true,,,,,true,,,true,true,true,true,,,,面試,審查資料,學測數學B級分,學測英文級分
國立臺北大學,社會學系(飛鳶組),099272,1,3,無,無,無,,,,,,,,,,,,,,,,,,,,,,,,,,,,,,,,true,true,true,,true,true,,,,,true,,,true,true,true,true,true,,,審查資料,學測數學B級分,學測英文級分,學測社會級分
國立臺北大學,社會工作學系,099282,25,75,4,1,無,115.5.22,均標,,*1.25,均標,,*1.25,,,,均標,,*1.00,,,*1.00,,,,,,,國英,,3,,40%,審查資料,面試,,,true,true,,,true,true,true,,true,,,,true,true,true,true,true,,,,指定項目甄試成績,學測國文級分,學測英文級分,學測數學B級分
國立臺北大學,社會工作學系(飛鳶組),099292,1,6,無,無,無,115.5.22,均標,6,*1.25,均標,6,*1.25,,,,均標,6,*1.00,,,*1.00,,,,,,,,,,,40%,審查資料,面試,,,true,true,,,true,true,true,,true,,,,true,true,true,true,true,true,,,指定項目甄試成績,學測國文級分,學測英文級分,學測數學B級分
國立臺北大學,中國文學系,099302,24,72,2,無,無,115.5.22,均標,,*2.00,,,*1.50,,,,,,,均標,,*1.00,,,,,,,國社,,3,,30%,審查資料,面試,,,true,true,true,,true,true,true,,,true,true,,,true,true,true,true,true,,,面試,學科能力測驗成績,審查資料,學測國文級分
國立臺北大學,中國文學系(飛鳶組),099312,2,8,無,無,無,115.5.22,前標,4,*2.00,均標,8,*1.50,,,,,,,均標,10,*1.00,,,,,,,,,,,10%,審查資料,面試,,,true,true,true,,true,true,true,,,true,true,,,true,true,true,true,true,true,,面試,審查資料,學科能力測驗成績,學測國文級分
國立臺北大學,應用外語學系,099322,23,69,3,無,無,115.5.16,均標,3,*1.50,均標,,*2.00,,,,,,*1.00,,,*1.00,,,,,,,,,,,20%,審查資料,英語面試,,,true,true,true,,true,true,true,,,true,,true,,true,true,true,true,,,,英語面試,學測國英數B社級分總和,審查資料,學測社會級分
國立臺北大學,應用外語學系(飛鳶組),099332,2,6,無,無,無,115.5.16,均標,3,*1.50,均標,4,*2.00,,,,均標,,,,,,,,,,,,,,,,10%,審查資料,英語面試,,,true,true,true,,true,true,true,,,true,,true,,true,true,true,true,true,,,英語面試,審查資料,學測國英數B級分總和,學測英文級分
國立臺北大學,歷史學系,099342,14,49,2,1,無,115.5.23,均標,,*1.25,,,*1.50,,,,,,,均標,,*2.00,,,,,,,國社,,3.5,,30%,審查資料,面試,,,true,true,true,true,true,true,,,true,,true,,true,true,true,true,true,,,,學科能力測驗成績,面試,審查資料,學測社會級分
國立臺北大學,歷史學系(飛鳶組),099352,3,12,無,無,無,115.5.23,均標,7,*1.00,,,,,,,,,,均標,4,*2.00,,,,,,,,,,,10%,審查資料,面試,,,true,true,true,true,true,true,,,true,,true,,true,true,true,true,true,true,,,面試,審查資料,學測國社級分總和,學測社會級分
國立臺北大學,資訊工程學系,099362,32,96,3,無,無,,,,,,,,,,,,,,,,,,,,,,,,,,,,,,,,true,true,true,true,,true,true,,,,true,,true,true,true,true,true,true,,,指定項目甄試成績,學測英數A自級分總和,學測數學A級分,學測英文級分
國立臺北大學,資訊工程學系(APCS組),099372,2,12,無,無,無,,,,,,,,,,,,,,,,,,,,,,,,,,,,,,,,true,true,true,true,,true,true,,,,true,,true,true,true,true,true,true,,,指定項目甄試成績,學測數學A級分,學測英文級分,學科能力測驗成績
國立臺北大學,資訊工程學系(飛鳶組),099382,1,6,無,無,無,,,,,,,,,,,,,,,,,,,,,,,,,,,,,,,,true,true,true,true,,true,true,,,,true,,true,true,true,true,true,true,true,,指定項目甄試成績,學測英數A級分總和,學測數學A級分,學測英文級分
國立臺北大學,通訊工程學系,099392,25,75,2,無,無,,,,,,,,,,,,,,,,,,,,,,,,,,,,,,,,true,true,true,true,,true,,,,true,,true,true,true,true,true,true,,,,指定項目甄試成績,學測英數A自級分總和,學測數學A級分,學測英文級分
國立臺北大學,通訊工程學系(飛鳶組),099402,1,3,無,無,無,,,,,,,,,,,,,,,,,,,,,,,,,,,,,,,,true,true,true,true,,true,,,,true,,true,true,true,true,true,true,true,,,指定項目甄試成績,學測英數A自級分總和,學測數學A級分,學測英文級分
國立臺北大學,電機工程學系,099412,22,66,4,無,無,,,,,,,,,,,,,,,,,,,,,,,,,,,,,,,,true,true,,true,,true,,,,true,true,,true,true,,true,true,true,,,指定項目甄試成績,學測英數A自級分總和,學測數學A級分,學測英文級分
國立臺北大學,電機工程學系(飛鳶組),099422,2,6,無,無,無,,,,,,,,,,,,,,,,,,,,,,,,,,,,,,,,true,true,,true,,true,,,,true,true,,true,true,,true,true,true,true,,指定項目甄試成績,學測英數A自級分總和,學測數學A級分,學測自然級分
國立嘉義大學,教育學系,100012,20,60,1,無,無,115.5.18,後標,3,*1.50,,,*1.50,,,,,10,*1.50,,,*1.00,,,,,,,,,,,50%,審查資料,面試,,,true,true,,,,true,,,,,,true,,true,true,true,true,,,,學測英文級分,學測國文級分,面試,審查資料
國立嘉義大學,教育學系(公費生A組),100022,1,6,無,無,無,115.5.18,前標,,*1.50,頂標,6,*2.00,,,,均標,,*1.50,均標,,*1.00,,,,,,,,,,,50%,審查資料,面試,,,true,true,,,,true,,,,,,true,,true,true,true,true,,,,學測英文級分,學測國文級分,面試,審查資料
國立嘉義大學,教育學系(公費生B組),100032,1,6,無,無,無,115.5.18,前標,,*1.50,頂標,6,*2.00,,,,均標,,*1.50,均標,,*1.00,,,,,,,,,,,50%,審查資料,面試,,,true,true,,,,true,,,,,,true,,true,true,true,true,,,,學測英文級分,學測國文級分,面試,審查資料
國立嘉義大學,輔導與諮商學系,100042,22,66,2,無,無,115.5.18,均標,3,*1.50,均標,8,*1.50,,,,底標,,*1.50,,,,,,,,,,,,,,40%,審查資料,團體面試,,,true,true,,,true,true,,,true,,,true,,true,true,true,true,,,,團體面試,審查資料,學測英文級分,學測國文級分
國立嘉義大學,特殊教育學系,100052,19,57,無,無,無,115.5.18,後標,3,*1.50,,6,*1.00,,,,,,,,,*1.25,,,,,,,,,,,10%,審查資料,面試,,,true,true,,,,true,,,true,,,,,true,true,true,,true,,,面試,學測國文級分,審查資料,學測社會級分
國立嘉義大學,幼兒教育學系,100062,25,75,2,無,無,115.5.18,均標,4,*1.00,,,*1.00,,,,,,*1.00,均標,3,*1.00,,,,,,,,,,,40%,審查資料,面試,,,true,,,,,true,,,,,,,,true,true,true,true,,,,面試,學測國文級分,學測社會級分,審查資料
國立嘉義大學,數位學習設計與管理學系,100072,20,60,2,無,無,,後標,10,*1.50,,,*1.00,,,,,,,,,,,,,,,,國英,,3,,50%,審查資料,,,,true,true,true,,,true,,,,,,,true,true,true,true,true,true,,,學測國英級分總和,審查資料,學測國文級分,
國立嘉義大學,中國文學系,100082,21,63,2,無,無,,均標,3,*2.00,,,,,,,,,,底標,9,*1.50,,,,,,,,,,,20%,審查資料,,,,true,true,,,,true,,,true,true,,,true,true,true,true,true,,,,學測國文級分,學測社會級分,指定項目甄試成績,
國立嘉義大學,應用歷史學系,100092,20,60,無,無,無,,均標,6,*1.00,,,,,,,,,,均標,3,*1.50,,,,,,,國社,,8,,40%,審查資料,,,,true,true,,,,true,,,,,,,,true,true,true,true,true,,,學測國社級分總和,學測社會級分,指定項目甄試成績,學測國文級分
國立嘉義大學,外國語言學系英語教學組,100102,29,87,無,無,2,,,,*1.25,均標,3,*2.00,,,,,,,,,*1.00,,,,,,,,,,,50%,審查資料,,,,true,true,,,,true,,,,,,,,true,true,true,true,,,,學測英文級分,審查資料,,
國立嘉義大學,外國語言學系應用外語組,100112,29,87,無,無,2,,,,*1.25,均標,3,*2.00,,,,,,,,,*1.00,,,,,,,,,,,50%,審查資料,,,,true,true,,,,true,,,,,,,,true,true,true,true,,,,學測英文級分,審查資料,,
國立嘉義大學,企業管理學系,100122,22,66,1,無,5,115.5.18,後標,12,*1.50,均標,3,*2.00,,,,後標,8,*2.00,,,*1.00,,,,,,,,,,,40%,審查資料,面試,,,true,true,,,true,true,,,,true,,true,,true,true,true,true,true,,,學測國英數B社級分總和,學測英文級分,學測數學B級分,學測國文級分
國立嘉義大學,應用經濟學系,100132,21,63,1,無,無,,後標,10,*1.00,後標,3,*1.00,,,,均標,15,*1.50,,,,,,,,,,,,,,50%,審查資料,,,,true,,,,true,true,,,,,,true,,true,,true,true,,,,學測國英數B級分總和,學測數學B級分,學測英文級分,學測國文級分
國立嘉義大學,科技管理學系,100142,23,69,2,無,5,,,,*1.50,後標,,*2.00,,,,,,*1.00,,,,,,,,,,國英數B,,3,,50%,審查資料,,,,true,true,,,,true,,,,,,,,true,true,true,true,,,,學測英文級分,學測數學B級分,指定項目甄試成績,學測國文級分
國立嘉義大學,資訊管理學系,100152,25,75,1,無,6,115.5.18,,8,*1.00,,3,*2.00,,,,均標,5,*2.00,,,,,,,,,,,,,,40%,審查資料,面試,,,true,true,true,,,true,true,,,true,true,,,true,,true,true,,,,學測英文級分,學測數學B級分,審查資料,面試
國立嘉義大學,資訊管理學系(資安組),100162,3,9,無,無,無,,,8,*1.00,,3,*2.00,,,,均標,5,*2.00,,,,,,,,,,,,,,50%,審查資料,,,,true,true,true,,,true,true,,,true,true,,,true,,true,true,true,,,學測英文級分,學測數學B級分,審查資料,學測國文級分
國立嘉義大學,行銷與觀光管理學系,100172,20,60,1,無,無,115.5.18,,,*1.50,後標,,*2.00,,,,,,,,,*1.25,,,,,,,國英社,,3,,30%,審查資料,面試,,,true,true,true,,true,true,,,,true,,true,,true,true,true,true,true,,,學測國英社級分總和,學測英文級分,學測國文級分,學測社會級分
國立嘉義大學,行銷與觀光管理學系(青年儲蓄帳戶組),100182,3,50,無,無,無,,後標,,,均標,,,,,,,,,後標,,,,,,,,,,,,,0%,審查資料,,,,true,true,true,,true,true,,,,true,,true,,true,true,true,true,true,,,,,,
國立嘉義大學,財務金融學系,100192,22,66,2,無,5,,,10,*1.50,,3,*1.50,,,,均標,3,*2.00,,,,,,,,,,,,,,50%,審查資料,,,,true,,,,true,true,,,,,,true,,true,true,true,true,,,,學測數學B級分,學測英文級分,指定項目甄試成績,學測國文級分
國立嘉義大學,財務金融學系(青年儲蓄帳戶組),100202,1,50,無,無,無,,,,,,,,,,,,,,,,,,,,,,,,,,,,,,,,true,,,,true,true,,,,,,true,,true,true,true,true,true,,,,,,
國立嘉義大學,農藝學系,100212,20,60,1,無,2,,,,*2.00,,,*1.00,,,,,,,,,,底標,3,*2.00,,,,,,,,50%,審查資料,,,,true,true,true,true,,true,,true,,,true,,true,true,true,true,true,,,,學測自然級分,學測國文級分,學測英文級分,學測國英自級分總和
國立嘉義大學,園藝學系,100222,20,60,2,無,3,,底標,,*1.00,,,*1.50,,,*1.00,,,,,,,,3,*1.50,,,,,,,,50%,審查資料,,,,true,,true,true,,true,true,,,true,,true,,true,true,true,true,true,,,學測英文級分,學測自然級分,學測國文級分,審查資料
國立嘉義大學,森林暨自然資源學系,100232,22,66,2,無,無,115.5.18,,8,*1.00,,6,*2.00,,,,,,,,,,底標,3,*2.00,,,,,,,,20%,審查資料,面試,,,true,true,,true,,true,,,,true,,true,true,true,,true,true,,,,面試,學測自然級分,學測英文級分,學測國文級分
國立嘉義大學,木質材料與設計學系,100242,18,54,2,無,無,,,,*1.00,底標,,*1.50,,,,,,,,,*1.00,底標,3,*1.50,,,,,,,,50%,審查資料,,,,true,true,true,true,,true,true,true,,true,,,,true,,true,true,true,,,指定項目甄試成績,學測自然級分,學測英文級分,
國立嘉義大學,動物科學系,100252,24,72,2,無,無,,,,*1.00,後標,,*1.25,,,*1.00,,,,,,,後標,,*1.25,,,,英數A自,,3,,40%,審查資料,,,,true,true,,true,,true,,,true,true,,true,,true,true,true,true,,,,學科能力測驗成績,學測英文級分,學測自然級分,學測數學A級分
國立嘉義大學,農業生物科技學系,100262,19,57,2,無,5,115.5.18,,,*1.00,底標,,*1.50,,,,,,,,,,底標,5,*1.50,,,,國英,,3,,50%,審查資料,面試,,,true,true,,,,true,true,true,,,,,true,true,,true,true,,,,學測自然級分,學測英文級分,面試,審查資料
國立嘉義大學,景觀學系,100272,20,60,2,無,無,115.5.18,底標,3,*1.00,,3,*1.00,,,,,,,,3,*1.00,,3,*1.00,,,,,,,,50%,審查資料,面試,,,true,true,true,true,true,true,true,,,,true,,true,true,true,true,true,,,,學科能力測驗成績,學測國文級分,學測自然級分,學測社會級分
國立嘉義大學,植物醫學系,100282,18,54,2,無,無,,,,*1.00,,5,*1.50,,,,,,,,,,底標,3,*2.00,,,,,,,,45%,審查資料,,,,true,true,,true,,true,,,,,,,,true,,true,true,,,,學測自然級分,學測英文級分,指定項目甄試成績,
國立嘉義大學,電子物理學系,100292,19,57,1,無,無,,,,,,,,,,,,,,,,,,,,,,,,,,,,,,,,true,,,true,,,,true,,true,,true,,true,true,true,true,true,,,學測自然級分,學測數學A級分,學測英數A自級分總和,學測英文級分
國立嘉義大學,應用化學系,100302,17,51,無,無,2,115.5.18,,,,,,,,,,,,,,,,,,,,,,,,,,,,,,,true,,,true,,true,,true,,true,,,true,true,,true,true,,,,學科能力測驗成績,學測自然級分,學測英文級分,審查資料
國立嘉義大學,應用數學系,100312,23,69,1,無,無,115.5.18,,,*1.00,,,*1.00,均標,3,*2.00,,,,,,,,,*1.00,,,,,,,,40%,審查資料,面試,,,true,,,,,true,,,,,,,,true,true,true,true,,,,審查資料,學測數學A級分,面試,學測英文級分
國立嘉義大學,資訊工程學系,100322,16,48,無,無,2,115.5.18,,,*1.00,,,*1.00,均標,,*1.00,,,,,,,,,,,,,國英數A,,3,,50%,審查資料,面試,,,true,true,true,,,true,,,,,,,true,true,true,true,true,true,,,面試,審查資料,學測數學A級分,學測英文級分
國立嘉義大學,資訊工程學系(APCS組),100332,5,40,無,無,無,115.5.18,,,,,,,,,,,,,,,,,,,,,,,,,,,,,,,true,true,true,,,true,,,,,,,true,true,true,true,true,true,,,面試,審查資料,學測數學A級分,學測英文級分
國立嘉義大學,生物機電工程學系,100342,20,60,1,無,3,,,,,,,,,,,,,,,,,,,,,,,,,,,,,,,,true,,,true,,true,,,,true,,,,true,true,true,true,,,,指定項目甄試成績,學測自然級分,學測數學A級分,學測英文級分
國立嘉義大學,生物機電工程學系(青年儲蓄帳戶組),100352,1,50,無,無,無,,,,,,,,,,,,,,,,,,,,,,,,,,,,,,,,true,,,true,,true,,,,true,,,,true,true,true,true,true,,,,,,
國立嘉義大學,土木與水資源工程學系,100362,23,69,無,無,無,,,,,,,,,,,,,,,,,,,,,,,,,,,,,,,,true,true,true,true,,true,,,,true,true,true,,true,true,true,true,true,,,學測數學A級分,學測自然級分,學測英文級分,學測英數A自級分總和
國立嘉義大學,電機工程學系,100372,23,69,1,無,4,115.5.18,,,*1.00,均標,,*1.00,均標,,*1.00,,,,,,,均標,,*1.00,,,,英數A自,,3,,50%,審查資料,面試,,,true,true,true,true,,true,,,,true,true,,true,true,true,true,true,,,,學測數學A級分,學測英文級分,學測自然級分,
國立嘉義大學,機械與能源工程學系,100382,21,63,2,無,2,115.5.18,,,*1.00,,,*1.00,,,*1.00,,,,,,,均標,,*2.00,,,,數A自,,3,,50%,審查資料,面試,,,true,true,true,true,,true,,,,true,,,true,true,true,true,true,,,,學測自然級分,學測數學A級分,學測英文級分,指定項目甄試成績
國立嘉義大學,食品科學系,100392,18,54,2,無,3,115.5.18,,,,,,,,,,,,,,,,,,,,,,,,,,,,,,,true,true,,true,,true,true,true,,true,,,,true,true,true,true,true,,,學測自然級分,學測英文級分,面試,審查資料
國立嘉義大學,水生生物科學系,100402,22,66,1,無,3,115.5.18,,,*1.00,後標,3,*1.50,,,,,,,,,,後標,5,*1.50,,,,,,,,40%,審查資料,面試,,,true,true,true,true,,true,true,,,,true,,true,true,true,true,true,,,,學測自然級分,面試,學測英文級分,審查資料
國立嘉義大學,生物資源學系,100412,22,66,2,無,3,115.5.18,,,*1.50,,8,*1.50,,,,,,,,,,後標,3,*2.00,,,,,,,,30%,審查資料,面試,,,true,true,true,true,,true,true,,true,,,,true,true,true,true,true,true,true,,審查資料,面試,學測自然級分,學測英文級分
國立嘉義大學,生化科技學系,100422,22,66,2,無,3,115.5.18,,8,*1.50,,6,*1.50,,,,,,,,,,底標,3,*1.50,,,,,,,,40%,審查資料,面試,,,true,true,,true,,true,true,,,,,,true,true,true,true,true,,,,指定項目甄試成績,學測自然級分,學測英文級分,學測國文級分
國立嘉義大學,微生物免疫與生物藥學系,100432,17,51,3,無,2,115.5.18,,6,,後標,4,*1.50,,,,,,,,,,均標,5,*1.50,,,,國自,,3,,25%,審查資料,面試,,,true,true,true,true,,true,,,,,true,,,true,true,true,true,true,,,學測國英自級分總和,學測自然級分,學測英文級分,學測國文級分
國立嘉義大學,獸醫學系,100442,23,69,2,1,無,115.5.18,,,*1.00,均標,4,*1.25,,,*1.00,,,,,,,均標,3,*1.25,,,,國英數A自,,5,,30%,審查資料,面試,,,true,true,,true,,true,,,,true,,true,true,true,true,true,true,,,,面試,審查資料,學測自然級分,學測英文級分
國立嘉義大學,音樂學系(A組),100452,19,285,2,無,無,,,,*1.00,,,*1.00,,,,,,,,,,,,,,,,,,,,5%,審查資料,,,,true,,,,,,,,,,,,true,true,,true,,,,,主修術科考試,審查資料,學測國文級分,學測英文級分
國立嘉義大學,音樂學系(B組),100462,6,90,無,無,無,115.5.18,,15,*1.00,,15,*1.00,,,,,,,,,,,,,,,,,,,,5%,審查資料,面試,,,true,,,,,,,,,,,,true,true,,true,,,,,審查資料,學測國文級分,學測英文級分,
國立嘉義大學,視覺藝術學系,100472,21,74,1,無,無,115.5.18,後標,15,*2.00,,,,,,,,,,,,,,,,,,,,,,,20%,審查資料,面試,,,true,,true,,true,,true,,true,true,,,,true,,true,true,true,,,審查資料,面試,素描術科考試,學測國文級分
國立嘉義大學,視覺藝術學系(青年儲蓄帳戶組),100482,1,50,無,無,無,,底標,,,,,,,,,,,,,,,,,,,,,,,,,0%,審查資料,,,,true,,true,,true,,true,,true,true,,,,true,,true,true,true,true,,項目：,修課紀錄(A)、課程學習成果(C、E)、多元表現(G、I、J、N)、學習歷程自述(P、Q)、其他(R.體驗學習報告書、S.作品集) ※,項目內容請參照本簡章「貳、分則」乙、審查資料項目內容對照表,(第20頁)。
國立嘉義大學,體育與健康休閒學系,100492,20,60,2,無,無,115.5.18,後標,6,*1.00,後標,10,*1.00,,,,,,,,,,,,,,,,國英,,3,,50%,審查資料,面試,,,true,,,,,true,,,true,true,,,true,true,true,true,true,,,,學測英文級分,學測國文級分,審查資料,面試
國立高雄大學,西洋語文學系,101012,23,69,2,無,4,115.5.22至115.5.23,,,*1.00,均標,3,*2.00,,,,,,,,,,,,,,,,,,,,40%,審查資料,面試,,,true,true,,,true,true,,,,true,,true,true,true,true,true,true,,,,面試,學科能力測驗成績,審查資料,
國立高雄大學,運動健康與休閒學系,101022,31,93,2,1,無,115.5.15至115.5.16,後標,3,*1.00,後標,3,*1.00,,,,,,,,,,,,,,,,,,,,30%,審查資料,面試,,,true,true,true,,,true,true,,true,,,true,,true,,true,true,,,,學科能力測驗成績,學測英文級分,面試,審查資料
國立高雄大學,東亞語文學系日語組,101032,7,28,無,無,無,115.5.16,均標,8,*1.50,均標,4,*1.50,,,,,,,均標,5,*1.50,,,,,,,,,,,40%,審查資料,面試,,,true,true,true,,true,true,,true,,,,true,true,true,true,true,true,,,,學科能力測驗成績,面試,審查資料,
國立高雄大學,東亞語文學系韓語組,101042,8,32,無,無,無,115.5.16,均標,8,*1.50,均標,4,*1.50,,,,,,,均標,5,*1.50,,,,,,,,,,,40%,審查資料,面試,,,true,true,true,,true,true,,true,,,,true,true,true,true,true,true,,,,學科能力測驗成績,面試,審查資料,
國立高雄大學,東亞語文學系越語組,101052,7,28,無,無,無,115.5.16,均標,8,*1.50,均標,4,*1.50,,,,,,,均標,5,*1.50,,,,,,,,,,,40%,審查資料,面試,,,true,true,true,,true,true,,true,,,,true,true,true,true,true,true,,,,學科能力測驗成績,面試,審查資料,
國立高雄大學,法律學系,101062,19,57,無,無,無,115.5.22至115.5.23,均標,,*1.00,均標,,*1.00,,,,,,,均標,,*1.00,,,,,,,國英社,,3,,40%,審查資料,面試,,,true,true,,,true,true,,,true,,,true,true,true,true,true,true,,,,學測國文級分,學測英文級分,學測社會級分,面試
國立高雄大學,政治法律學系,101072,22,66,1,無,無,115.5.23至115.5.24,均標,3.5,*1.25,均標,3,*1.50,,,,,,,均標,3.5,*1.25,,,,,,,國英社,,4,,40%,審查資料,面試,,,true,true,,,true,true,true,,,true,,,true,true,true,true,true,,,,學測國英社級分總和,學測英文級分,學測國文級分,學測社會級分
國立高雄大學,財經法律學系,101082,20,60,3,無,無,115.5.22至115.5.23,均標,3,*1.25,均標,5,*1.50,,,,均標,5,*1.25,,,,,,,,,,,,,,40%,審查資料,面試,,,true,true,,,true,true,,,,true,,true,,true,true,true,true,,,,學測國英數B級分總和,學測國文級分,學測英文級分,學測數學B級分
國立高雄大學,應用經濟學系,101092,25,75,1,無,無,115.5.22至115.5.23,均標,,*1.00,均標,3,*2.00,均標,,,均標,,,,,,,,,,,,,,,,40%,審查資料,面試,,,true,true,,,true,true,true,,,true,,,true,true,true,true,true,,,,面試,學科能力測驗成績,審查資料,
國立高雄大學,亞太工商管理學系企業管理組,101102,15,45,1,無,無,115.5.15至115.5.16,均標,,*1.00,,,*1.25,,,,,,*1.25,,,,,,,,,,國英數B,,3,,45%,審查資料,面試,,,true,true,true,,true,true,true,,,,,true,true,true,true,true,true,true,true,,學測英文級分,學測數學B級分,學科能力測驗成績,面試
國立高雄大學,亞太工商管理學系工業管理組,101112,15,45,1,無,無,115.5.15至115.5.16,均標,,*1.00,,,*1.25,,,*1.25,,,,,,,,,,,,,國英數A,,3,,45%,審查資料,面試,,,true,true,true,true,,true,true,,,,,true,true,true,true,true,true,true,true,,學測英文級分,學測數學A級分,學科能力測驗成績,面試
國立高雄大學,資訊管理學系,101122,14,42,無,無,5,115.5.16,均標,3,*1.00,均標,3,*1.50,均標,,,均標,,,,,,,,,,,,,,,,45%,審查資料,面試,,,true,true,true,,,true,,,,,,,,true,true,true,true,,,,面試,學測英文級分,學測國文級分,學測國英級分總和
國立高雄大學,資訊管理學系(資安組),101132,3,9,無,無,無,115.5.16,均標,3,,均標,3,,均標,,,均標,,,,,,,,,,,,,,,,0%,審查資料,面試,,,true,true,true,,,true,,,,,,,,true,true,true,true,,,,面試,審查資料,學測英文級分,
國立高雄大學,財務金融學系,101142,20,60,3,1,10,115.5.15至115.5.16,均標,,*1.00,均標,3,*1.50,,,,均標,3,*1.50,均標,,*1.00,,,,,,,,,,,30%,審查資料,面試,,,true,true,,,,true,true,,,,,true,true,true,true,true,true,,,,面試,審查資料,學測英文級分,學測數學B級分
國立高雄大學,應用數學系,101152,29,87,2,無,無,115.5.16115.5.20,,,*1.00,,,,均標,3,*2.00,,,,,,,,,,,,,國數A,,8,,45%,審查資料,團體面談,,,true,true,,true,,true,,,,true,,true,true,true,,,,,,,學測數學A級分,審查資料,學測國文級分,
國立高雄大學,應用化學系,101162,21,63,無,無,3,115.5.15至115.5.16,,,,,,,,,,,,,,,,,,,,,,,,,,,,,,,true,,,true,,true,true,true,,,,true,,true,,,true,true,,,學測自然級分,學測數學A級分,,
國立高雄大學,應用物理學系,101172,21,63,3,無,3,115.5.23,,,,,,,,,,,,,,,,,,,,,,,,,,,,,,,true,true,true,true,,true,,true,,true,true,,,true,true,true,true,,,,審查資料,面試,,
國立高雄大學,生命科學系,101182,23,69,1,無,3,115.5.15至115.5.16,,,,,,,,,,,,,,,,,,,,,,,,,,,,,,,true,true,,true,,true,,,,,,,true,true,true,true,true,,,,學測英數A自級分總和,學測自然級分,學測英文級分,學測數學A級分
國立高雄大學,電機工程學系,101192,46,138,5,無,3,115.5.20,,,,,,,,,,,,,,,,,,,,,,,,,,,,,,,true,true,true,true,,true,,,,true,true,,,true,true,true,true,true,,,學測數學A級分,學測自然級分,學測英文級分,
國立高雄大學,電機工程學系(青年儲蓄帳戶組),101202,1,50,無,無,無,115.5.20,,,,,,,,,,,,,,,,,,,,,,,,,,,,,,,true,true,true,true,,true,,,,true,true,,,true,true,true,true,true,true,,審查資料,面試,,
國立高雄大學,土木與環境工程學系土木工程組,101212,14,42,無,1,2,115.5.22,均標,,*1.00,,,,均標,,*1.00,,,,,,,均標,,*1.00,,,,國數A自,,3,,30%,審查資料,面試,,,true,true,true,true,,true,true,,,true,,,true,true,true,true,true,true,true,,學測國數A自級分總和,學測數學A級分,學測自然級分,學科能力測驗成績
國立高雄大學,土木與環境工程學系環境工程組,101222,13,39,1,無,1,115.5.22,均標,,*1.00,,,,均標,,*1.00,,,,,,,均標,,*1.00,,,,國數A自,,3,,30%,審查資料,面試,,,true,true,true,true,,true,true,,,true,,,true,true,true,true,true,true,true,,學測國數A自級分總和,學測數學A級分,學測自然級分,學科能力測驗成績
國立高雄大學,化學工程及材料工程學系,101232,18,54,4,無,5,115.5.15,,,,,,,,,,,,,,,,,,,,,,,,,,,,,,,true,true,,true,,true,true,true,,true,,,,true,true,true,true,,,,學測自然級分,學測數學A級分,學測英文級分,
國立高雄大學,資訊工程學系,101242,20,60,無,無,無,115.5.20,,,,,,,,,,,,,,,,,,,,,,,,,,,,,,,true,true,,true,,true,,,,true,,true,true,true,true,true,true,,,,面試,審查資料,學測數學A級分,學測自然級分
國立高雄大學,資訊工程學系(資安組),101252,3,9,無,無,無,115.5.20,,,,,,,,,,,,,,,,,,,,,,,,,,,,,,,true,true,,true,,true,,,,true,,true,true,true,true,true,true,,,,面試,審查資料,學測數學A級分,學測自然級分
國立高雄大學,建築學系,101262,17,51,1,無,5,115.5.16,均標,8,*1.50,均標,5,*1.50,底標,3,*1.25,,,,,,,,,,,,,,,,,30%,審查資料,面試,,,true,true,true,true,,true,true,,true,,true,,,true,true,true,true,,,,學科能力測驗成績,學測國文級分,學測英文級分,學測數學A級分
國立高雄大學,工藝與創意設計學系,101272,24,192,3,無,無,115.5.22至115.5.23,底標,8,*1.50,底標,8,*1.50,,,,,,,底標,8,*1.50,,,,,,,,,,,30%,審查資料,面試,,,true,true,true,,true,true,,,,true,true,,true,true,true,true,true,true,,,面試,學科能力測驗成績,審查資料,
慈濟大學,醫學系,108012,30,90,無,無,無,115.5.16,頂標,4,*1.00,頂標,4,*1.00,頂標,8,*1.00,,,,,,,頂標,6,*1.00,,,,英數A自,,3,,30%,審查資料,面試,,,true,true,,true,true,true,,,true,,true,,true,true,true,true,true,,,,面試,學測自然級分,學測英文級分,學測數學A級分
慈濟大學,醫學系(公費生),108022,8,24,無,無,無,115.5.16,頂標,4,*1.00,頂標,4,*1.00,頂標,8,*1.00,,,,,,,頂標,6,*1.00,,,,英數A自,,3,,30%,審查資料,面試,,,true,true,,true,true,true,,,true,,true,,true,true,true,true,true,,,,面試,學測自然級分,學測英文級分,學測數學A級分
慈濟大學,藥學系,108032,16,48,3,無,無,115.5.23,均標,,*1.00,均標,,*1.00,均標,5,*1.00,,,,,,,均標,3,*1.00,,,,國英數A自,,4,,50%,審查資料,面試,,,true,true,,,,true,,,true,,true,,true,true,true,true,true,,,,面試,學測國英數A自級分總和,學測自然級分,學測英文級分
慈濟大學,醫學檢驗生物技術學系,108042,43,129,1,無,無,115.5.15至115.5.16,,,,,,,,,,,,,,,,,,,,,,,,,,,,,,,true,true,,,,true,true,true,,,,,true,true,true,true,true,,,,學測英文級分,學測自然級分,面試,審查資料
慈濟大學,物理治療學系,108052,23,69,3,無,無,115.5.15至115.5.17,,,,,,,,,,,,,,,,,,,,,,,,,,,,,,,true,,,true,,,true,,true,true,,true,,true,true,true,true,,,,面試,審查資料,學測英文級分,學測自然級分
慈濟大學,公共衛生學系,108062,21,63,2,無,無,115.5.16至115.5.17,,,,,,,,,,,,,,,,,,,,,,,,,,,,,,,true,true,,true,true,true,,,,,true,true,,true,,true,true,,,,面試,審查資料,指定項目甄試成績,
慈濟大學,分子生物暨人類遺傳學系,108072,20,60,2,無,無,115.5.16,,,,,,,,,,,,,,,,,,,,,,,,,,,,,,,true,true,true,true,true,true,,,,true,,true,true,true,true,true,true,,,,面試,學測自然級分,指定項目甄試成績,審查資料
慈濟大學,醫學影像暨放射科學系,108082,22,66,3,無,無,115.5.15至115.5.16,,,*1.00,後標,3,*1.00,,,,,,,,,,,,,,,,,,,,30%,審查資料,面試,,,true,true,,,,,,,true,true,,true,,true,true,true,true,,,,學測英文級分,學測國文級分,面試,審查資料
慈濟大學,護理學系,108092,63,189,9,無,無,115.5.16,,,,,,,,,,,,,,,,,,,,,,,,,,,,,,,true,true,,true,,true,true,,true,,,,,true,true,,true,,,,面試,審查資料,學測英文級分,指定項目甄試成績
慈濟大學,資訊工程學系,108102,25,75,2,無,無,115.5.15至115.5.16,,,,,,,,,,,,,,,,,,,,,,,,,,,,,,,true,true,true,true,,true,,,,true,true,,true,true,true,true,,,,,面試,學測數學A級分,指定項目甄試成績,審查資料
慈濟大學,生物醫學暨工程學系,108112,27,81,2,無,無,115.5.15至115.5.16,,,,,,,,,,,,,,,,,,,,,,,,,,,,,,,true,true,,true,,true,,,,true,true,,true,true,true,true,,,,,面試,學測自然級分,學測英文級分,審查資料
慈濟大學,傳播學系,108122,11,44,2,無,無,115.5.16,底標,4,*2.00,,,,,,,,,,,,,,,,,,,,,,,20%,審查資料,面試,,,true,true,true,,true,true,true,,,true,true,,,true,true,true,true,,,,面試,學測國文級分,指定項目甄試成績,審查資料
慈濟大學,兒童發展與家庭教育學系,108132,16,48,2,無,無,115.5.16,底標,3,*1.50,,,,,,,,,,,,,,,,,,,,,,,20%,審查資料,面試,,,true,true,,,,true,,true,true,,,,true,true,true,true,,,,,面試,審查資料,指定項目甄試成績,學測國文級分
慈濟大學,社會工作學系,108142,19,57,2,無,無,115.5.15至115.5.16,底標,3,*1.50,,,,,,,,,,,,,,,,,,,,,,,30%,審查資料,面試,,,true,,,,true,,,,true,,,,true,true,,true,true,,,,面試,學測國文級分,審查資料,指定項目甄試成績
慈濟大學,人類發展與心理學系,108152,19,57,2,無,無,115.5.16,底標,3,*2.00,,,,,,,,,,,,,,,,,,,,,,,30%,審查資料,面試,,,true,true,,,,true,true,,true,,,,true,true,true,true,true,,,,審查資料,學測國文級分,面試,指定項目甄試成績
慈濟大學,外語暨新興科技應用學系,108162,2,50,1,無,無,115.5.15,,,,,,,,,,,,,,,,,,,,,,,,,,,,,,,true,true,,,,true,true,true,,,,true,,true,true,true,true,,,,面試,審查資料,學測英文級分,指定項目甄試成績
慈濟大學,資訊科技與管理學系,108172,11,44,3,無,無,115.5.15,底標,4,*1.00,,,,,,,,,,,,,,,,,,,,,,,30%,審查資料,面試,,,true,true,true,true,true,true,true,,true,,,,true,true,true,true,true,,,,面試,審查資料,學測國文級分,指定項目甄試成績
慈濟大學,醫務暨健康管理學系,108182,10,50,2,無,無,,底標,5,*1.50,,,,,,,,,,,,,,,,,,,,,,,30%,審查資料,,,,true,true,,,,true,true,,true,,,,true,true,,true,true,,,,審查資料,學測國文級分,,
慈濟大學,經營管理學系,108192,9,50,3,無,無,,底標,5.5,*1.00,,,,,,,,,,,,,,,,,,,,,,,30%,審查資料,,,,true,true,,,,true,true,,true,,true,,,true,true,true,true,,,,審查資料,學測國文級分,,
慈濟大學,翔飛A組(醫技系、物治系),108202,2,50,無,無,無,,,,,,,,,,,,,,,,,,,,,,,,,,,,,,,,true,true,,,,,,,true,,,,,true,true,true,true,true,,,審查資料,學測英自級分總和,,
慈濟大學,翔飛B組(藥學系),108212,1,8,無,無,無,,均標,,*1.00,均標,,*1.00,均標,12,*1.25,,,,,,,均標,8,*1.00,,,,,,,,50%,審查資料,,,,true,true,,,,,,,true,,,,,true,true,true,true,true,,,審查資料,學測國英數A自級分總和,學測自然級分,學測英文級分
慈濟大學,翔飛C組(護理學系),108222,2,6,無,無,無,,,,,,,,,,,,,,,,,,,,,,,,,,,,,,,,true,true,,,,,,,true,,,,,true,true,true,true,true,,,審查資料,學測英文級分,,
慈濟大學,資訊工程學系(APCS組),108232,2,6,無,無,無,115.5.15至115.5.16,,,,,,,,,,,,,,,,,,,,,,,,,,,,,,,true,true,true,true,,true,,,,true,true,,true,true,true,true,,,,,面試,學測數學A級分,指定項目甄試成績,審查資料
臺北醫學大學,醫學系,109012,84,252,6,無,無,115.5.21至115.5.24,頂標,3,,頂標,3,,頂標,3,,,,,,,,頂標,4,,,,,國英數A自,,5,,0%,審查資料,面試,,,true,true,true,true,,true,,,true,true,true,,,true,true,true,true,,,,面試,學測自然級分,學測英文級分,審查資料
臺北醫學大學,牙醫學系,109022,57,171,無,3,無,115.5.21至115.5.23,前標,10,*1.00,前標,3,*1.25,前標,7,*1.00,,,,,,,前標,5,*1.25,,,,,,,,40%,審查資料,面試,美工術科,,true,true,true,true,,true,,,true,,,true,true,true,true,true,true,true,,,學測國英數A自級分總和,面試,美工術科,學測自然級分
臺北醫學大學,藥學系藥學組,109032,61,183,3,2,無,115.5.16至115.5.17,,,,,,,,,,,,,,,,,,,,,,,,,,,,,,,true,true,,,,true,true,,,,,true,true,true,true,true,true,,,,面試,審查資料,學測英數A自級分總和,學測自然級分
臺北醫學大學,藥學系藥學組(英語組),109042,41,123,無,無,無,115.5.16至115.5.17,,3,*1.00,頂標,3,*2.00,,3,*1.50,,,,,,,,3,*2.00,A級,,,,,,,50%,審查資料,面試,,,true,true,,,,true,true,,,,,true,true,true,true,true,true,,,,面試,審查資料,學測英文級分,學測國英數A自級分總和
臺北醫學大學,藥學系臨床藥學組,109052,41,123,無,2,無,115.5.16至115.5.17,,,,,,,,,,,,,,,,,,,,,,,,,,,,,,,true,true,,,,true,true,,,,,true,true,true,true,true,true,,,,面試,學測英數A自級分總和,審查資料,學測英文級分
臺北醫學大學,醫學檢驗暨生物技術學系,109062,33,99,2,1,無,115.5.15至115.5.16,,5,*1.00,,10,*1.25,,,*1.00,,,,,,,均標,10,*1.50,,,,國英數A自,,3,,30%,審查資料,面試,,,true,,,true,,true,,,true,,,true,true,true,true,,true,,,,學測自然級分,學測英文級分,面試,學測數學A級分
臺北醫學大學,護理學系,109072,43,129,無,無,無,115.5.16至115.5.17,,,*1.00,均標,3,*1.00,均標,,,均標,,,,,,,8,*1.50,,,,,,,,30%,審查資料,面試,,,true,,true,true,,,,true,,true,,true,true,true,true,,,,,,面試,學測自然級分,學測英文級分,
臺北醫學大學,保健營養學系,109082,39,117,無,無,無,115.5.14,,,,,,,,,,,,,,,,,,,,,,,,,,,,,,,true,true,true,true,,true,true,,true,,,,true,true,true,true,true,,,,面試,學測英自級分總和,學測自然級分,
臺北醫學大學,公共衛生學系,109092,24,72,3,無,無,115.5.16,,,,,,,,,,,,,,,,,,,,,,,,,,,,,,,true,true,true,true,true,true,true,,true,,,,true,true,true,true,true,true,,,面試,學測數學A級分,學測英文級分,學測自然級分
臺北醫學大學,醫務管理學系,109102,29,87,3,無,無,115.5.18,,4,*1.00,均標,8,*1.50,,,,均標,3,*1.00,,3,,,,,,,,,,,,45%,審查資料,面試,,,true,true,true,,true,true,,,true,,,true,true,true,true,true,true,,,,學測國英數B社級分總和,面試,學測英文級分,學測數學B級分
臺北醫學大學,呼吸治療學系,109112,26,78,無,無,無,115.5.14,,3,,,3,*1.00,,,*1.00,,,,,,,均標,3,*1.00,,,,,,,,20%,審查資料,面試,,,true,true,,true,,true,true,,,,,true,true,true,true,true,true,true,,,學測國英數A自級分總和,學測自然級分,學測英文級分,學測數學A級分
臺北醫學大學,高齡健康暨長期照護學系,109122,27,81,5,無,無,115.5.22至115.5.23,,,,,,,,,,,,,,,,,,,,,,,,,,,,,,,true,true,true,,,true,,true,true,,,true,,true,true,true,true,true,,,面試,學測英文級分,審查資料,
臺北醫學大學,牙體技術學系,109132,25,75,無,無,無,115.5.15,均標,10,*1.00,均標,7,*1.25,,,,,,,,,,均標,3,*1.25,,,,,,,,30%,審查資料,面試,美工術科,,true,,true,true,,true,,,,true,true,,true,true,true,true,true,,,,學測國英自級分總和,美工術科,面試,審查資料
臺北醫學大學,口腔衛生學系,109142,20,60,2,無,無,115.5.18,,,,,,,,,,,,,,,,,,,,,,,,,,,,,,,true,true,true,true,,true,true,,true,,true,,,true,true,true,true,,,,面試,學測英文級分,學測社會級分,
臺北醫學大學,生物醫學工程學系,109152,19,57,1,無,無,115.5.18,,10,*1.00,,,,,,*1.50,,,,,,,均標,10,*1.50,,,,國數A自,,3,,30%,審查資料,面試,,,true,,true,true,,true,true,,,true,,true,,true,true,true,true,true,,,學測數學A級分,學測自然級分,學測國文級分,面試
臺北醫學大學,食品安全學系,109162,22,66,2,無,無,115.5.14,,3,*1.00,均標,8,*1.00,,10,*1.00,,,,,,,,8,*1.00,,,,,,,,40%,審查資料,面試,,,true,true,true,true,true,true,true,,true,,,,true,true,,true,true,,,,面試,學測國英數A自級分總和,審查資料,學測英文級分
臺北醫學大學,醫學系（展翅A組）,109172,3,18,無,無,無,115.5.17,前標,6,,前標,6,,前標,6,,,,,,,,前標,7,,,,,國英數A自,,8,,0%,審查資料,面試,,,true,true,true,,,true,,,,,true,,true,true,true,true,true,true,true,,面試,審查資料,學測自然級分,學測英文級分
臺北醫學大學,牙醫學系（展翅B組）,109182,2,8,無,無,無,115.5.17,均標,,*1.00,前標,5,*1.00,均標,,*1.00,,,,,,,前標,5,*1.00,,,,國英數A自,,4,,20%,審查資料,面試,,,true,true,true,,,true,,,,,true,,true,true,true,true,true,true,true,,審查資料,面試,學測國英數A自級分總和,學測自然級分
臺北醫學大學,展翅C組,109192,7,42,無,無,無,115.5.19,,,,,,,,,,,,,,,,,,,,,,,,,,,,,,,true,true,true,,,true,,,,,true,,true,true,true,true,true,true,true,,審查資料,面試,學測英數A自級分總和,學測自然級分
臺北醫學大學,展翅D組,109202,6,48,無,無,無,115.5.19,,12,*1.00,底標,8,*1.00,,,,,,,,,,,,,,,,,,,,20%,審查資料,面試,,,true,true,true,,,true,,,,,true,,true,true,true,true,true,true,true,,審查資料,面試,學測英文級分,學測國英級分總和
臺北醫學大學,展翅E組,109212,4,40,無,無,無,115.5.19,,,,,,,,,,,,,,,,,,,,,,,,,,,,,,,true,true,true,,,true,,,,,true,,true,true,true,true,true,true,true,,審查資料,面試,學測英自級分總和,學測自然級分
開南大學,企業與創業管理學系,110012,15,45,3,無,無,115.5.15至115.5.16,,,,,,,,,,,,,,,,,,,,,,,,,,,,,,,true,true,,,,true,true,true,,,,,,true,,true,true,,,,面試,審查資料,,
開南大學,企業與創業管理學系(青年儲蓄帳戶組),110022,1,50,無,無,無,115.5.15至115.5.16,,,,,,,,,,,,,,,,,,,,,,,,,,,,,,,true,true,,,,,,,,,,,,,,,,true,,,面試,審查資料,,
開南大學,國際企業學系,110032,16,48,3,無,無,115.5.15至115.5.16,底標,3,,,,,,,,,,,,,,,,,,,,,,,,0%,審查資料,面試,,,true,true,,,,,true,,true,,,,,true,,,,,,,面試,審查資料,,
開南大學,商學院國際榮譽學士學位學程,110042,8,48,1,無,無,115.5.15至115.5.16,,,,,,,,,,,,,,,,,,,,,,,,,,,,,,,true,true,,,,true,true,,,,,,,true,,true,true,,,,面試,審查資料,,
開南大學,國際物流與運輸管理學系,110052,18,54,3,無,無,115.5.15至115.5.16,,,,,,,,,,,,,,,,,,,,,,,,,,,,,,,true,true,,,,true,,true,,,true,true,,true,true,true,true,,,,面試,審查資料,,
開南大學,空運管理學系,110062,29,87,5,無,無,115.5.15至115.5.16,,,,,,,,,,,,,,,,,,,,,,,,,,,,,,,true,true,,,,true,,,,,,,,true,true,true,true,,,,面試,審查資料,,
開南大學,觀光與餐飲旅館學系,110072,28,84,5,無,無,115.5.15至115.5.16,底標,3,,,,,,,,,,,,,,,,,,,,,,,,0%,審查資料,面試,,,true,true,,,,true,true,,,,,,true,true,,true,true,,,,面試,審查資料,,
開南大學,休閒與運動管理學系,110082,13,46,3,無,無,115.5.15至115.5.16,,,,,,,,,,,,,,,,,,,,,,,,,,,,,,,true,true,true,,true,true,true,,,true,,,true,true,,,true,,,,審查資料,面試,,
開南大學,資訊管理學系,110092,18,54,3,無,無,115.5.15至115.5.16,底標,3,,,,,,,,,,,,,,,,,,,,,,,,0%,審查資料,面試,,,true,true,,,,true,true,true,,,,true,,true,,true,true,,,,面試,審查資料,,
開南大學,資訊傳播學系,110102,18,54,3,無,無,115.5.15至115.5.16,,,,,,,,,,,,,,,,,,,,,,,,,,,,,,,true,true,true,,,true,,,true,,,,true,true,true,true,true,,,,面試,審查資料,,
開南大學,電影與創意媒體學系,110112,24,72,3,無,無,115.5.15至115.5.16,底標,3,,,,,,,,,,,,,,,,,,,,,,,,0%,審查資料,面試,,,true,true,true,,,,true,,,,,,,true,,true,,,,,面試,審查資料,,
開南大學,法律學系,110122,36,108,6,無,無,115.5.15至115.5.16,,,,,,,,,,,,,,,,,,,,,,,,,,,,,,,true,true,,,,true,true,true,true,,,,,true,true,true,true,true,,,面試,審查資料,,
開南大學,應用日語學系,110132,38,114,5,無,無,115.5.15至115.5.16,,,,,,,,,,,,,,,,,,,,,,,,,,,,,,,true,true,,,,true,true,true,,,,true,,true,true,true,true,,,,面試,審查資料,,
開南大學,應用日語學系(青年儲蓄帳戶組),110142,1,50,無,無,無,115.5.15至115.5.16,,,,,,,,,,,,,,,,,,,,,,,,,,,,,,,true,true,,,,,,,,,,,,,,,,true,,,面試,審查資料,,
開南大學,應用英語學系,110152,16,48,3,無,無,115.5.15至115.5.16,,,,,,,,,,,,,,,,,,,,,,,,,,,,,,,true,true,,,,true,true,,,true,,true,,true,,true,true,,,,面試,審查資料,,
開南大學,應用英語學系(青年儲蓄帳戶組),110162,1,50,無,無,無,115.5.15至115.5.16,,,,,,,,,,,,,,,,,,,,,,,,,,,,,,,true,true,,,,,,,,,,,,,,,,true,,,面試,審查資料,,
開南大學,保健營養學系,110172,17,51,3,無,無,115.5.15至115.5.16,底標,3,,,,,,,,,,,,,,,,,,,,,,,,0%,審查資料,面試,,,true,true,,true,,true,,,,,,,,true,,true,true,,,,面試,審查資料,,
開南大學,健康產業管理學系,110182,17,51,3,無,無,115.5.15至115.5.16,,,,,,,,,,,,,,,,,,,,,,,,,,,,,,,true,true,,,,true,true,,,,,true,true,true,,,,,,,面試,審查資料,,
開南大學,AI科技與創新設計學士學位學程,110192,13,46,3,無,無,115.5.15至115.5.16,底標,3.5,,,,,,,,,,,,,,,,,,,,,,,,0%,審查資料,面試,,,true,true,,,,true,true,true,true,,,,,true,,true,true,,,,審查資料,面試,,
康寧大學,嬰幼兒保育學系(台北校區),112012,6,48,1,無,無,,底標,,,,,,,,,,,,,,,,,,,,,國英社,,8,,0%,審查資料,,,,true,true,,,,,true,true,true,,,,true,true,true,true,true,,,,學測國英社級分總和,學測國文級分,學測社會級分,學測英文級分
康寧大學,長期照護學系(台北校區),112022,3,48,1,無,無,,底標,,,,,,,,,,,,,,,,,,,,,國英社,,16,,0%,審查資料,,,,true,true,,,,,,,true,,true,true,true,true,true,true,true,,,,學測國英社級分總和,學測國文級分,,
中信金融管理學院,財務金融學系,113012,16,48,1,無,無,,,3,*1.00,,,,均標,,,均標,,,,,,,,,,,,,,,,50%,審查資料,,,,true,,,,,true,true,,,,,,true,true,true,true,true,,,,指定項目甄試成績,學測國文級分,,
中信金融管理學院,財經法律學系,113022,15,45,1,無,無,,均標,3,*1.00,,,,,,,,,,,,,,,,,,,,,,,50%,審查資料,,,,true,,,,,true,true,,,,,,true,true,true,true,true,,,,指定項目甄試成績,學測國文級分,,
中信金融管理學院,企業管理學系,113032,10,30,1,無,無,,均標,3,*1.00,,,,,,,,,,,,,,,,,,,,,,,50%,審查資料,,,,true,,,,,true,true,,,,,,true,true,true,true,true,,,,指定項目甄試成績,學測國文級分,,
中信金融管理學院,金融管理學院學士班,113042,10,30,1,無,無,,均標,3,*1.00,,,,,,,,,,,,,,,,,,,,,,,50%,審查資料,,,,true,,,,,true,true,,,,,,true,true,true,true,true,,,,指定項目甄試成績,學測國文級分,,
中信金融管理學院,科技金融學系,113052,15,45,1,無,無,,,3,*1.00,,,,均標,,,均標,,,,,,,,,,,,,,,,50%,審查資料,,,,true,,,,,true,true,,,,,,true,true,true,true,true,,,,指定項目甄試成績,學測國文級分,,
中信金融管理學院,運動產業管理學士學位學程,113062,15,45,1,無,無,,後標,3,*1.00,,,,,,,,,,,,,,,,,,,,,,,50%,審查資料,,,,true,,,,,,true,,,true,,,true,true,true,true,true,,,,指定項目甄試成績,學測國文級分,,
中信金融管理學院,財務金融學系(青年儲蓄帳戶組),113072,1,50,無,無,無,,均標,,,,,,,,,,,,,,,,,,,,,,,,,0%,審查資料,,,,true,,,,,true,true,,,,,,true,true,true,true,true,true,,,,,,
佛光大學,建築環境設計學士學位學程(社會組),130012,3,50,1,無,無,115.5.15至115.5.16,,,*1.00,,,,,,,,,,底標,16.5,*1.00,,,,,,,,,,,10%,審查資料,面試,,,true,true,,,,true,,,,,,,,true,,true,,true,,,面試,審查資料,,
佛光大學,建築環境設計學士學位學程(自然組),130022,8,48,1,無,無,115.5.15至115.5.16,,,*1.00,,,,,,,,,,,,,底標,6,*1.00,,,,,,,,10%,審查資料,面試,,,true,true,,,,true,,,,,,,,true,,true,,true,,,面試,審查資料,,
佛光大學,傳播學系(數位媒體與智能創作組),130032,8,48,1,無,無,115.5.15至115.5.16,,,*1.00,,,,,,,,,,底標,,*2.00,,,,,,,國社,,6,,10%,審查資料,面試,,,true,true,,,,true,,,,,,,,true,,true,,true,,,面試,審查資料,學科能力測驗成績,
佛光大學,傳播學系(廣告公關與精準行銷組),130042,7,49,1,無,無,115.5.15至115.5.16,底標,7,*1.00,,,,,,,,,,,,*2.00,,,,,,,,,,,10%,審查資料,面試,,,true,true,,,,true,,,,,,,,true,,true,,true,,,面試,審查資料,學科能力測驗成績,
佛光大學,傳播學系(流行音樂傳播與策展組),130052,9,50,1,無,無,115.5.15至115.5.16,,,*1.00,,,,,,,,,,底標,5.5,*2.00,,,,,,,,,,,10%,審查資料,面試,,,true,true,,,,true,,,,,,,,true,,true,,true,,,面試,審查資料,學科能力測驗成績,
佛光大學,資訊應用學系(資訊系統開發組),130062,5,50,1,無,無,115.5.15至115.5.16,,,,,,,,,,,,,,,,,,,,,,,,,,,,,,,true,true,,,,true,,,,,true,,,true,,true,,true,,,面試,審查資料,,
佛光大學,資訊應用學系(動畫與視覺特效組),130072,12,48,1,無,無,115.5.15至115.5.16,,,,,,,,,,,,,,,,,,,,,,,,,,,,,,,true,true,,,,true,,,,,true,,,true,,true,,true,,,面試,審查資料,,
佛光大學,資訊應用學系(數位遊戲開發組),130082,5,50,1,無,無,115.5.15至115.5.16,,,,,,,,,,,,,,,,,,,,,,,,,,,,,,,true,true,,,,true,,,,,true,,,true,,true,,true,,,面試,審查資料,,
佛光大學,人工智慧技術與應用學士學位學程,130092,18,54,2,無,無,115.5.15至115.5.16,,3,,,,,底標,,,底標,,,,,,,,,,,,,,,,0%,審查資料,面試,,,true,true,,,,true,,,,,true,,,true,,true,,true,,,面試,審查資料,,
佛光大學,語文學系(華語文創組),130102,3,50,無,無,無,115.5.15至115.5.16,底標,16.5,*2.00,,,,,,,,,,,,*1.00,,,,,,,,,,,10%,審查資料,面試,,,true,true,true,,,true,,,,,,,,true,,true,,true,,,面試,審查資料,,
佛光大學,語文學系(應用英日語組),130112,6,48,1,無,無,115.5.15至115.5.16,,,*1.00,底標,,*2.00,,,,,,,,,,,,,,,,國英,,8,,10%,審查資料,面試,,,true,true,,,,true,,,,,,,,true,,true,,true,,,面試,審查資料,學科能力測驗成績,
佛光大學,語文學系(應用英韓語組),130122,6,48,1,無,無,115.5.15至115.5.16,,,*1.00,底標,8,*2.00,,,,,,,,,,,,,,,,,,,,10%,審查資料,面試,,,true,true,,,,true,,,,,,,,true,,true,,true,,,面試,審查資料,學科能力測驗成績,
佛光大學,歷史學系,130132,7,49,1,無,無,,,,,,,,,,,,,,,,,,,,,,,,,,,,,,,,true,,,,,true,,,,,,,,true,,true,,true,,,審查資料,學測社會級分,,
佛光大學,社會工作學系(A組),130142,9,50,1,無,無,115.5.15至115.5.16,底標,5.5,*1.00,,,,,,,,,,,,*1.00,,,,,,,,,,,10%,審查資料,面試,,,true,true,,,,true,,,,,,,,true,,true,,true,,,面試,學科能力測驗成績,審查資料,
佛光大學,社會工作學系(B組),130152,8,48,1,無,無,115.5.15至115.5.16,,,*1.00,,,,,,,,,,底標,,*1.00,,,,,,,國社,,6,,10%,審查資料,面試,,,true,true,,,,true,,,,,,,,true,,true,,true,,,面試,學科能力測驗成績,審查資料,
佛光大學,心理學系,130162,32,96,5,無,無,,,,*1.00,,,*1.00,,,,底標,,,,,,,,,,,,國英,,3,,30%,審查資料,,,,true,,,,,true,,,,,,,true,true,,true,true,true,,,學科能力測驗成績,審查資料,,
佛光大學,公共行政與國際事務學系,130172,8,48,1,無,無,115.5.15至115.5.16,,,,,,,,,,,,,,,,,,,,,,,,,,,,,,,true,true,,,,true,,,,,,,,true,,true,,true,,,面試,審查資料,學測社會級分,
佛光大學,運動與健康促進管理學士學位學程,130182,45,135,6,無,無,115.5.15至115.5.16,底標,3,,,,,,,,,,,,,,,,,,,,,,,,0%,審查資料,面試,,,true,true,,,,true,,,,true,,,,true,,true,,true,,,面試,審查資料,,
佛光大學,應用經濟學系(財務金融組),130192,10,50,1,無,無,115.5.15至115.5.16,,9,*1.00,,,,,,,,,,底標,5,*1.00,,,,,,,,,,,5%,審查資料,面試,,,true,true,,,,true,true,,,,,,,true,,true,,true,,,面試,審查資料,,
佛光大學,應用經濟學系(國際商務組),130202,7,49,1,無,無,115.5.15至115.5.16,,,,,,,,,,,,,,,,,,,,,,,,,,,,,,,true,true,,,,true,true,,,,,,,true,,true,,true,,,面試,審查資料,,
佛光大學,產品與媒體設計學系（智慧產品設計組）,130212,26,130,4,無,無,115.5.15至115.5.16,底標,5,,,,,,,,,,,,10,,,,,,,,,,,,0%,審查資料,面試,,,true,true,,,,true,,,,,,,,true,,true,,true,,,面試,審查資料,學測國文級分,
佛光大學,產品與媒體設計學系（視覺媒體設計組）,130222,25,250,3,無,無,115.5.15至115.5.16,底標,10,,,,,,,,,,,,,,,,,,,,,,,,0%,審查資料,面試,,,true,true,,,,true,,,,,,,,true,,true,,true,,,面試,審查資料,學測國文級分,
亞洲大學,健康產業管理學系跨領域高齡智慧照顧組,134012,30,90,4,無,無,115.5.15至115.5.17,底標,3,*1.00,,,,,,,,,,,,,,,,,,,,,,,10%,審查資料,面試,,,true,true,,,,true,true,,true,,,,true,true,true,true,true,,,,面試,審查資料,學測國文級分,
亞洲大學,健康產業管理學系醫療機構管理組,134022,37,111,4,無,無,115.5.15至115.5.17,底標,,*1.00,底標,,*1.00,,,,,,,,,,,,,,,,國英,,3,,10%,審查資料,面試,,,true,true,,,,true,true,,true,,,,true,true,true,true,true,,,,面試,審查資料,學測國英級分總和,
亞洲大學,食品營養與保健生技學系食品營養組,134032,33,99,5,無,無,115.5.16至115.5.17,底標,8,*2.00,,,,,,,,,,,,,底標,3,*1.50,,,,,,,,10%,審查資料,面試,,,true,true,,true,,true,true,,true,,true,,,true,true,true,true,true,true,true,面試,審查資料,學測國文級分,學測自然級分
亞洲大學,食品營養與保健生技學系藥用化粧品醫美組,134042,31,93,3,無,無,115.5.16至115.5.17,底標,8,*2.00,底標,3,*1.50,,,,,,,,,,,,,,,,,,,,10%,審查資料,面試,,,true,true,,true,,true,true,,true,,true,,,true,true,true,true,true,true,true,面試,審查資料,學測國文級分,學測英文級分
亞洲大學,醫學檢驗暨生物技術學系醫事檢驗組,134052,34,102,3,無,無,115.5.16至115.5.17,後標,10,*1.00,後標,8,*2.00,,,,,,,,,,後標,7,*2.00,,,,國英自,,3,,30%,審查資料,面試,,,true,true,,true,,true,,,true,,,true,true,true,true,true,true,true,true,,面試,審查資料,學測國英自級分總和,
亞洲大學,醫學檢驗暨生物技術學系生物技術組,134062,33,99,2,無,無,115.5.16至115.5.17,,,*2.00,後標,10,*1.00,,,,,,,,,,後標,8,*2.00,,,,國英自,,3,,30%,審查資料,面試,,,true,true,,true,,true,,,true,,,true,true,true,true,true,true,true,true,,面試,審查資料,學測國英自級分總和,
亞洲大學,心理學系心理師研修組,134072,12,48,無,無,無,115.5.16至115.5.17,,,,,,,,,,,,,,,,,,,,,,,,,,,,,,,true,true,,true,true,true,,,true,,,true,true,true,true,true,true,,,,面試,審查資料,學測英自級分總和,
亞洲大學,心理學系諮商與臨床心理組,134082,32,96,5,無,無,115.5.16至115.5.17,,,*1.00,底標,,*1.00,,,,,,,,,,,,,,,,國英,,3,,20%,審查資料,面試,,,true,true,,true,true,true,true,,true,,,true,,true,true,true,true,,,,面試,審查資料,學測國英級分總和,
亞洲大學,心理學系工商與社會心理組,134092,33,99,5,無,無,115.5.16至115.5.17,,,,,,,,,,,,,,,,,,,,,,,,,,,,,,,true,true,true,,true,true,true,,true,,,true,,true,true,true,true,,,,面試,審查資料,學測英社級分總和,
亞洲大學,視光學系,134102,73,219,8,無,無,115.5.15至115.5.17,底標,,*1.00,底標,,*1.00,,,,,,,,,,,,,,,,國英,,3,,40%,審查資料,面試,,,true,,,,,true,,,,,,true,,true,true,true,true,,,,面試,學測國英級分總和,學測英文級分,
亞洲大學,聽力暨語言治療學系,134112,62,186,5,無,無,115.5.15至115.5.17,底標,8,*1.00,底標,5,*1.00,,,,,,,,,,底標,3,*1.00,,,,,,,,40%,審查資料,面試,,,true,true,,,,true,,,true,,,,,true,,true,true,,,,面試,學測自然級分,學測英文級分,學測國英自級分總和
亞洲大學,職能治療學系,134122,75,225,6,無,無,115.5.15至115.5.17,,,,,,,,,,,,,,,,,,,,,,,,,,,,,,,true,true,,,,,true,true,true,,,,,true,true,true,true,,,,面試,學測英文級分,學測自然級分,
亞洲大學,物理治療學系,134132,30,90,3,無,無,115.5.16至115.5.17,後標,5,*1.00,後標,3,*2.00,,,,,,,,,,後標,4,*1.50,,,,,,,,30%,審查資料,面試,,,true,true,true,true,true,true,,,true,,,true,true,true,true,true,true,true,,,面試,學測英文級分,學測自然級分,學測國文級分
亞洲大學,護理學系國際護理組,134142,38,114,5,無,無,115.5.15至115.5.17,,,*1.00,底標,3,*1.50,,,,,,,,,,,,,,,,,,,,20%,審查資料,面試,,,true,true,,,,true,,,true,,,,true,true,,true,true,,,,面試,學測國英級分總和,審查資料,
亞洲大學,護理學系智慧護理組,134152,40,120,4,無,無,115.5.15至115.5.17,,,*1.00,,,,,,,,,,,,,底標,3,*1.00,,,,,,,,20%,審查資料,面試,,,true,true,,,,true,,,true,,,,true,true,,true,true,,,,面試,學測國自級分總和,審查資料,
亞洲大學,護理學系臨床照護組,134162,43,129,5,無,無,115.5.15至115.5.17,底標,3,*1.00,,,*1.00,,,,,,,,,,,,,,,,,,,,20%,審查資料,面試,,,true,true,,,,true,,,true,,,,true,true,,true,true,,,,面試,學測國英級分總和,審查資料,
亞洲大學,長期照護學系,134172,38,114,3,無,無,115.5.15至115.5.17,底標,3,*1.00,,,,,,,,,,,,,,,,,,,,,,,20%,審查資料,面試,,,true,true,,,,true,true,,true,,,,true,true,,true,true,,,,面試,學測國文級分,審查資料,
亞洲大學,生物資訊與醫學工程學系生醫資訊組,134182,35,105,無,無,無,115.5.15至115.5.17,,8,*1.00,底標,3,*1.00,,,,,,,,,,,,*2.00,,,,,,,,10%,審查資料,面試,,,true,,,true,,true,,,true,,,true,,true,true,true,true,true,,,面試,審查資料,學測國英自級分總和,
亞洲大學,生物資訊與醫學工程學系醫學工程組,134192,34,102,無,無,無,115.5.15至115.5.17,,8,*1.00,,3,*1.00,,,,,,,,,,底標,,*2.00,,,,,,,,10%,審查資料,面試,,,true,,,true,,true,,,true,,,true,,true,true,true,true,true,,,面試,審查資料,學測國英自級分總和,
亞洲大學,資訊工程學系人工智慧與機器人組,134202,37,111,4,無,無,115.5.16至115.5.17,底標,3,*1.00,,,*1.00,底標,,,底標,,,,,,,,,,,,,,,,40%,審查資料,面試,,,true,true,true,,,true,,,,true,,true,,true,,,true,,,,學測國文級分,學測英文級分,,
亞洲大學,資訊工程學系半導體資訊組,134212,37,111,4,無,無,115.5.16至115.5.17,,,,,,,,,,,,,,,,,,,,,,,,,,,,,,,true,true,true,,,true,,,,true,,true,,true,,,true,,,,,,,
亞洲大學,資訊工程學系(資安組),134222,3,48,無,無,無,115.5.16至115.5.17,,16,,,,*1.00,底標,,,底標,,,,,,,,*1.00,,,,,,,,40%,審查資料,面試,,,true,true,true,,,true,,,,true,,true,,true,,,true,true,,,學測英文級分,學測自然級分,,
亞洲大學,人工智慧學系,134232,73,219,8,無,無,115.5.15至115.5.17,底標,,*1.00,,,,,,,,,,底標,,*1.00,,,,,,,國社,,3,,20%,審查資料,面試,,,true,true,true,,,,true,true,true,,,,true,true,true,true,true,,,,面試,審查資料,學測國社級分總和,
亞洲大學,人工智慧學系(資安組),134242,3,30,無,無,無,115.5.15至115.5.17,底標,,*1.00,,,,,,,,,,底標,,*1.00,,,,,,,國社,,10,,20%,審查資料,面試,,,true,true,true,,,,true,true,true,,,,true,true,true,true,true,true,,,面試,審查資料,學測國社級分總和,
亞洲大學,資訊傳播學系,134252,45,135,7,無,無,115.5.15至115.5.17,底標,3,*1.00,,,,,,,,,,,,,,,,,,,,,,,30%,審查資料,面試,,,true,,true,,true,true,,,,true,true,,true,true,true,true,true,,,,面試,審查資料,學測國文級分,
亞洲大學,半導體學士學位學程,134262,37,111,3,無,無,115.5.15至115.5.17,,3,*1.00,,,*1.00,底標,,,底標,,,,,,,,,,,,,,,,20%,審查資料,面試,,,true,true,true,,,true,,,,,true,true,,true,,true,true,,,,面試,審查資料,學測國英級分總和,
亞洲大學,經營管理學系,134272,65,195,8,無,無,115.5.15至115.5.17,底標,3,*1.00,,,,,,,,,,,,,,,,,,,,,,,20%,審查資料,面試,,,,,,,,,true,,,,,,,true,,true,true,,,,面試,審查資料,學測國文級分,
亞洲大學,會計與資訊學系,134282,29,87,4,無,無,115.5.16至115.5.17,底標,,*1.00,,,,,,,,,,,3,*1.00,,,,,,,,,,,30%,審查資料,面試,,,true,,,,,true,true,,true,,,,true,true,true,true,true,,,,面試,審查資料,學測國社級分總和,
亞洲大學,財務金融學系智能投資組,134292,28,84,4,無,無,115.5.15至115.5.17,底標,3,*1.00,,,,,,,,,,,,,,,,,,,,,,,30%,審查資料,面試,,,true,true,,,,true,true,,,,true,,true,true,true,true,true,,,,面試,審查資料,學測國文級分,
亞洲大學,財務金融學系金融科技組,134302,28,84,3,無,無,115.5.15至115.5.17,底標,3,*1.00,,,,,,,,,,底標,3,*1.00,,,,,,,,,,,30%,審查資料,面試,,,true,true,,,,true,true,,,,true,,true,true,true,true,true,,,,面試,審查資料,學測國文級分,學測社會級分
亞洲大學,財經法律學系,134312,71,213,7,無,無,115.5.15至115.5.17,底標,3,*1.00,,,,,,,,,,,,,,,,,,,,,,,30%,審查資料,面試,,,true,,,,true,true,,,,,,,,true,,true,true,,,,面試,審查資料,學測國文級分,
亞洲大學,社會工作學系家庭與司法保護社工組,134322,27,81,3,無,無,115.5.16至115.5.17,,,,,,,,,,,,,,,,,,,,,,,,,,,,,,,true,true,,,true,true,true,true,true,,,,,true,true,true,true,,,,面試,審查資料,學測社會級分,
亞洲大學,社會工作學系醫務與心衛社工組,134332,27,81,3,無,無,115.5.16至115.5.17,底標,3,*1.00,,,,,,,,,,,,,,,,,,,,,,,10%,審查資料,面試,,,true,true,,,true,true,true,true,true,,,,,true,true,true,true,,,,面試,審查資料,學測國文級分,
亞洲大學,幼兒教育學系,134342,60,180,8,1,無,115.5.15至115.5.17,底標,,*2.00,,,,,,,,,,底標,,*1.00,,,,,,,國社,,3,,30%,審查資料,面試,,,true,true,true,,,,true,true,true,,,true,,true,true,true,true,,,,,,,
亞洲大學,數位媒體設計學系,134352,60,180,7,無,無,115.5.16至115.5.17,底標,3,*1.00,,,,,,,,,,底標,3,*1.00,,,,,,,,,,,20%,審查資料,面試,,,true,true,true,,true,true,,,,,true,,,true,,true,true,true,,,面試,審查資料,學測國文級分,學測社會級分
亞洲大學,創意商品設計學系,134362,21,63,4,無,無,115.5.16至115.5.17,底標,3,*1.00,,,,,,,,,,,,,,,,,,,,,,,30%,審查資料,面試,,,true,true,true,,true,true,,,,true,true,,,true,,true,true,true,,,面試,審查資料,學測國文級分,
亞洲大學,時尚設計學系,134372,26,78,4,無,無,115.5.16至115.5.17,底標,3,*1.00,,,,,,,,,,,,,,,,,,,,,,,20%,審查資料,面試,,,true,true,true,,true,true,,,,,true,,,true,,true,true,true,,,面試,審查資料,學測國文級分,
亞洲大學,室內設計學系,134382,22,66,4,無,無,115.5.16至115.5.17,底標,3,*1.00,,,,,,,,,,底標,3,*1.00,,,,,,,,,,,20%,審查資料,面試,,,true,true,true,,true,,true,,,,,true,,true,,true,true,true,,,面試,審查資料,學測國文級分,學測社會級分
國立宜蘭大學,外國語文學系,150012,10,50,2,無,2,115.5.19至115.5.20,,,*1.00,後標,5,*2.00,,,,,,,,,*1.00,,,,,,,國英社,,8,,20%,審查資料,口試,,,true,true,true,,true,true,,true,,,,true,true,true,true,true,true,true,,,學測英文級分,學測國文級分,口試,審查資料
國立宜蘭大學,應用經濟與管理學系,150022,39,117,2,無,3,115.5.19至115.5.20,後標,6,*2.00,,3,*2.00,,,,,,*1.00,,,,,,,,,,,,,,20%,審查資料,口試,,,true,true,true,,true,true,,,true,true,,true,,true,true,true,true,true,,,口試,審查資料,學科能力測驗成績,
國立宜蘭大學,休閒產業與健康促進學系,150032,18,54,2,無,無,115.5.20,後標,,*1.00,,3,*2.00,,,,,,,,,*1.00,,,,,,,國英社,,4,,30%,審查資料,口試,,,true,true,true,,,true,true,true,true,,,,,true,true,true,true,true,,,口試,學測英文級分,審查資料,學測國英社級分總和
國立宜蘭大學,土木工程學系,150042,42,126,5,無,6,115.5.19至115.5.20,,,*1.00,,,,,8,*2.00,,,,,,,後標,3,*2.00,,,,,,,,20%,審查資料,口試,,,true,true,true,true,,true,true,,true,,,,true,true,true,true,,true,,,審查資料,口試,學科能力測驗成績,
國立宜蘭大學,機械與機電工程學系,150052,32,96,1,無,3,115.5.20,,8,*1.00,,,,後標,3,*1.00,,,,,,,,5,*1.00,,,,,,,,20%,審查資料,口試,,,true,true,true,true,,true,true,,,true,,,true,true,true,true,true,true,,,口試,審查資料,學測自然級分,學測國文級分
國立宜蘭大學,化學工程與材料工程學系,150062,48,144,1,無,6,115.5.20,,,,,,,,,,,,,,,,,,,,,,,,,,,,,,,true,true,true,true,,true,true,true,,,,,true,true,true,true,true,true,,,學測數A自級分總和,學測自然級分,學測數學A級分,
國立宜蘭大學,環境工程學系,150072,21,63,1,無,1,115.5.20,,6,*1.00,,,,,5,*1.00,,,,,,,後標,3,*1.00,,,,,,,,20%,審查資料,口試,,,true,true,true,true,,true,,,true,,true,,true,true,true,true,true,true,,,審查資料,學科能力測驗成績,學測數學A級分,學測自然級分
國立宜蘭大學,生物機電工程學系,150082,21,63,1,無,2,115.5.20,,4.5,*1.00,,,*1.00,,,*1.00,,,,,,,後標,3,*1.00,,,,,,,,30%,審查資料,口試,,,true,true,true,true,,true,true,true,,,,,true,true,true,true,true,true,,,口試,審查資料,學科能力測驗成績,
國立宜蘭大學,食品科學系,150092,31,93,2,無,3,115.5.19至115.5.20,,,*1.00,,5,*1.00,,,,,,,,,,後標,3,*2.00,,,,,,,,20%,審查資料,口試,,,true,true,true,true,,true,true,true,,,,,true,true,true,true,true,true,,,口試,審查資料,學科能力測驗成績,
國立宜蘭大學,生物技術與動物科學系,150102,26,78,2,無,4,115.5.20,,,*1.00,,4,*1.50,,,,,,,,,,後標,3,*2.00,,,,,,,,30%,審查資料,口試,,,true,true,true,true,,true,true,true,,,,,true,true,true,true,true,true,,,口試,審查資料,學測自然級分,學測英文級分
國立宜蘭大學,森林暨自然資源學系,150112,15,45,2,無,3,115.5.20,,,*1.00,,,*1.00,,,,,,,,,,後標,3,*2.00,,,,國英,,6,,30%,審查資料,口試,,,true,true,true,true,,true,,,true,,true,,true,true,true,true,true,true,,,口試,學科能力測驗成績,審查資料,
國立宜蘭大學,園藝學系,150122,14,49,1,無,3,115.5.20,後標,8,*1.00,,,,,,,,,,,,,,3.5,*2.00,,,,,,,,20%,審查資料,口試,,,true,true,true,true,,true,true,true,true,,,,,true,true,true,true,true,,,口試,審查資料,學科能力測驗成績,
國立宜蘭大學,電機工程學系,150132,44,132,4,無,3,115.5.20,,,,,,,,,,,,,,,,,,,,,,,,,,,,,,,true,true,true,true,,true,true,,,true,,,true,true,true,true,true,true,,,學測數學A級分,學測自然級分,審查資料,口試
國立宜蘭大學,電子工程學系,150142,39,117,4,無,2,115.5.20,,,*1.00,,,*1.00,後標,3,*1.00,,,,,,,,5,*1.00,,,,,,,,30%,審查資料,口試,,,true,true,true,true,,true,true,true,,true,,,,true,true,true,true,true,,,學測國英數A自級分總和,學測自然級分,口試,審查資料
國立宜蘭大學,電子工程學系(APCS組),150152,4,20,無,無,無,115.5.20,,,*1.00,,,*1.00,後標,5,*1.00,,,,,,,,,*1.00,,,,,,,,30%,審查資料,口試,,,true,true,true,true,,true,true,true,,true,,,,true,true,true,true,true,,,,學測國英數A自級分總和,學測自然級分,口試
國立宜蘭大學,資訊工程學系,150162,16,48,2,無,3,115.5.20,,,*1.00,,6,*1.00,後標,3,*2.00,,,,,,,,,*1.00,,,,,,,,30%,審查資料,口試,,,true,true,true,,,true,,,,true,true,true,,true,true,true,true,true,,,學測數學A級分,學測英文級分,口試,審查資料
國立宜蘭大學,資訊工程學系(APCS組),150172,3,15,無,無,無,115.5.20,,,*1.00,,6,*1.00,後標,5,*2.00,,,,,,,,,*1.00,,,,,,,,30%,審查資料,口試,,,true,true,true,,,true,,,,true,true,true,,true,true,true,true,true,,,學測數學A級分,學測英文級分,口試,審查資料
國立宜蘭大學,資訊工程學系(資安組),150182,3,15,無,無,無,115.5.20,,,*1.00,,6,*1.00,後標,5,*2.00,,,,,,,,,*1.00,,,,,,,,30%,審查資料,口試,,,true,true,true,,,true,,,,true,true,true,,true,true,true,true,true,,,學測數學A級分,學測英文級分,口試,審查資料
國立聯合大學,機械工程學系,151012,30,90,9,無,2,115.5.15至115.5.16,,,*1.50,,,*1.00,後標,,*2.00,,,,,,,,,*1.00,,,,國數A,,3,,30%,審查資料,面試,,,true,,,,,true,,,,,,,,true,,true,true,true,,,學測數學A級分,學測英文級分,學測國文級分,指定項目甄試成績
國立聯合大學,化學工程學系,151022,46,138,3,無,無,115.5.15至115.5.16,,,,,,,,,,,,,,,,,,,,,,,,,,,,,,,true,,,,,true,,,,,,,true,true,,true,true,true,true,,學測數學A級分,學測自然級分,學科能力測驗成績,審查資料
國立聯合大學,土木與防災工程學系,151032,28,84,2,無,無,115.5.15至115.5.16,,,*1.00,,,,後標,3,*1.50,,,,,,,,,,,,,,,,,20%,審查資料,面試,,,true,,,,,true,,true,,true,,,true,true,true,true,true,true,true,,學科能力測驗成績,審查資料,學測數學A級分,學測國文級分
國立聯合大學,材料科學工程學系,151042,22,66,2,無,無,115.5.15至115.5.16,,,,,,,,,,,,,,,,,,,,,,,,,,,,,,,true,,,,,true,,,,,,,true,true,true,true,true,true,true,,學測自然級分,指定項目甄試成績,學測數學A級分,學科能力測驗成績
國立聯合大學,環境與安全衛生工程學系,151052,37,111,4,無,7,115.5.15至115.5.16,,,*1.00,,,,,,*2.00,,,,,,,後標,,*2.00,,,,數A自,,3,,50%,審查資料,團體訪談與認識本系,,,true,true,,true,,true,,,,,true,,true,true,true,true,true,true,,,學科能力測驗成績,審查資料,學測自然級分,學測數學A級分
國立聯合大學,能源工程學系,151062,32,96,2,無,無,115.5.15至115.5.16,,,,,,,,,,,,,,,,,,,,,,,,,,,,,,,true,,,,,true,,,,,,,true,true,true,true,true,true,,,學科能力測驗成績,學測數學A級分,學測英文級分,學測自然級分
國立聯合大學,建築學系,151072,24,72,2,無,2,115.5.15至115.5.16,,6,*2.00,,3,*2.00,後標,,,後標,,,,,,,,,,,,,,,,20%,審查資料,面試,,,true,,true,,,true,true,,,true,,,true,true,true,true,true,true,true,,面試,審查資料,學測國文級分,學測英文級分
國立聯合大學,工業設計學系,151082,19,57,2,無,無,115.5.15至115.5.16,後標,3,*2.00,,3,*2.00,,,,,,*1.00,,,,,,,,,,,,,,30%,審查資料,面試,,,true,true,true,,,true,,,true,,,,true,true,true,true,true,true,,,審查資料,面試,學測英文級分,學測數學B級分
國立聯合大學,電機工程學系(A組),151092,47,141,3,無,2,,,,*1.00,,,*1.00,後標,,*2.00,,,,,,,,,*1.50,,,,數A自,,3,,50%,審查資料,,,,true,true,true,,,true,,,,true,,true,,true,true,true,true,true,,,學測數學A級分,學測自然級分,學測英文級分,學測國文級分
國立聯合大學,電機工程學系(B組),151102,18,54,2,無,2,,,,*1.50,,,*1.00,後標,,*2.00,,,,,,,,,*1.00,,,,國數A,,3,,50%,審查資料,,,,true,true,true,,,true,,,,true,,true,,true,true,true,true,true,,,學測數學A級分,學測國文級分,學測英文級分,學測自然級分
國立聯合大學,電子工程學系(A組),151112,47,141,5,無,4,,,,*1.25,,,,後標,,*2.00,,,,,,,,,*1.75,,,,國數A自,,3,,50%,審查資料,,,,true,,,,,true,,,,,true,,,true,true,true,,,,,學測數學A級分,學測自然級分,學測國文級分,指定項目甄試成績
國立聯合大學,電子工程學系(B組),151122,35,105,4,無,3,,,,,,,,,,,,,,,,,,,,,,,,,,,,,,,,true,,,,,true,,,,,true,,,true,true,true,,,,,學測數學A級分,學測自然級分,指定項目甄試成績,
國立聯合大學,光電工程學系A組(光電半導體組),151132,14,42,1,無,無,,,,*1.50,,,*1.00,,,*2.00,,,,,,,後標,5,*2.00,,,,國數A自,,3,,50%,審查資料,,,,true,,,true,,true,true,true,,,,,,true,true,true,true,true,,,學科能力測驗成績,指定項目甄試成績,,
國立聯合大學,光電工程學系B組(智慧光電應用組),151142,10,30,1,無,無,,,,*1.50,,,*1.00,後標,5,*2.00,,,,,,,,,*2.00,,,,國數A自,,3,,50%,審查資料,,,,true,,,true,,true,true,true,,,,,,true,true,true,true,true,,,學科能力測驗成績,指定項目甄試成績,,
國立聯合大學,資訊工程學系,151152,17,51,2,無,無,115.5.15至115.5.16,,3,*1.00,,,*1.00,後標,3,*2.00,,,,,,,,,,,,,,,,,50%,審查資料,團體面試,,,true,,true,,,true,,,,true,,,true,true,,true,,,,,學測國英數A級分總和,學測數學A級分,學測英文級分,審查資料
國立聯合大學,經營管理學系,151162,47,141,5,無,無,115.5.15至115.5.16,後標,,*1.00,,3,*1.00,,,,,3,*1.00,,,,,,,,,,,,,,30%,審查資料,面試,,,true,,,,,true,,,,,,,,true,,true,true,,,,審查資料,面試,學測國英數B級分總和,學測英文級分
國立聯合大學,資訊管理學系,151172,30,90,4,無,無,115.5.15至115.5.16,後標,,*2.00,,,*1.75,,,,,,*2.00,,,,,,,,,,國英數B,,3,,40%,審查資料,面試,,,true,,,,,true,,,,,,,,true,true,true,true,true,,,面試,審查資料,學科能力測驗成績,學測數學B級分
國立聯合大學,資訊管理學系(APCS組),151182,2,8,無,無,無,115.5.15至115.5.16,後標,,*2.00,,,*1.75,,,,,,*2.00,,,,,,,,,,國英數B,,4,,30%,審查資料,面試,,,true,,,,,true,,,true,true,,,true,true,true,true,true,true,,,面試,審查資料,學科能力測驗成績,學測數學B級分
國立聯合大學,財務金融學系,151192,32,96,4,無,無,115.5.15至115.5.16,後標,,*1.00,,,*1.50,,,,,,,,,*1.50,,,,,,,國數B社,,3,,40%,審查資料,面試,,,true,,,,,true,true,true,,,,true,,true,,true,true,true,true,,面試,審查資料,學測國英數B社級分總和,學測英文級分
國立聯合大學,臺灣語文與傳播學系,151202,21,63,2,無,3,115.5.15至115.5.16,底標,3,*2.00,,,,,,,,,,,,,,,,,,,,,,,40%,審查資料,面試,,,true,,,,,true,true,,,true,,,,true,,true,true,true,,,面試,審查資料,學測國文級分,
國立聯合大學,華語文學系,151212,28,84,2,無,無,115.5.15至115.5.16,後標,3,*1.00,,,,,,,,,,,,,,,,,,,,,,,40%,審查資料,團體訪談,,,true,,,,,true,true,,,,,,true,true,true,true,,true,,,學測國文級分,指定項目甄試成績,團體訪談,審查資料
國立聯合大學,文化觀光產業學系,151222,32,96,3,無,無,115.5.15至115.5.16,後標,3,*2.00,,,*2.00,,,,,,,,,*1.00,,,,,,,,,,,30%,審查資料,面試,,,true,true,true,,true,true,,,true,true,,true,,true,true,true,true,true,,,面試,審查資料,學測國文級分,學測英文級分
國立聯合大學,文化創意與數位行銷學系,151232,22,66,2,無,無,115.5.15至115.5.16,底標,8,*2.00,,,,,,,,,,,3,*2.00,,,,,,,,,,,20%,審查資料,面試,,,true,true,true,,true,true,true,,,,true,true,,true,true,true,true,true,,,學測國社級分總和,學測社會級分,學測國文級分,
馬偕醫學大學,醫學系,152012,20,60,2,無,無,115.5.16,,,,,,,,,,,,,,,,,,,,,,,,,,,,,,,true,true,true,,,,true,true,true,,,,true,true,true,true,true,true,true,,面試,學測英數A社自級分總和,學測自然級分,學測英文級分
馬偕醫學大學,護理學系,152022,48,144,2,無,無,115.5.16至115.5.17,後標,,*1.00,後標,3,*1.25,,,,,,,,,,後標,8,*1.25,,,,,,,,30%,審查資料,面試,,,true,,,,,true,,true,true,,,,true,true,true,true,true,true,,,面試,學科能力測驗成績,學測英文級分,
馬偕醫學大學,聽力暨語言治療學系聽力組,152032,22,66,1,無,無,115.5.15至115.5.16,後標,,*1.00,後標,,*1.00,,,*1.00,,,,,,,後標,,*1.00,,,,國英數A自,,3,,30%,審查資料,面試,,,true,,,,,true,,,true,,true,,,true,true,true,true,true,,,面試,學科能力測驗成績,,
馬偕醫學大學,聽力暨語言治療學系語言組,152042,24,72,1,無,無,115.5.15至115.5.16,後標,4,*1.00,後標,3,*1.00,後標,,,後標,,,,,,後標,3,*1.00,,,,,,,,30%,審查資料,面試,,,true,true,true,true,true,true,,,true,,,,,true,true,true,true,true,,,面試,學科能力測驗成績,,
馬偕醫學大學,視光學系,152052,21,63,1,無,無,115.5.16,,,*1.00,,6,*1.00,,,,,,,,,,均標,3,*1.50,,,,,,,,30%,審查資料,面試,,,true,true,true,,,true,true,,true,,,,,true,true,true,true,true,,,面試,學科能力測驗成績,學測自然級分,
馬偕醫學大學,醫學檢驗暨再生醫學學系,152062,24,72,1,無,無,115.5.16,,,*1.00,均標,10,*1.00,,,,,,,,,,均標,3,*1.50,,,,,,,,30%,審查資料,面試,,,true,,,true,,true,true,true,true,,,,,true,true,true,true,true,,,面試,學科能力測驗成績,,
馬偕醫學大學,醫學系(薪傳組),152072,1,5,無,無,無,115.5.16,,,,,,,,,,,,,,,,,,,,,,,,,,,,,,,true,true,true,,,,true,true,true,,,,true,true,true,true,true,true,true,true,面試,學測英數A社自級分總和,學測自然級分,學測英文級分
馬偕醫學大學,護理學系(薪傳組),152082,2,6,無,無,無,115.5.16至115.5.17,,,,,,,,,,,,,,,,,,,,,,,,,,,,,,,true,,,,,true,true,true,true,,,,,true,true,true,true,true,true,,面試,學科能力測驗成績,學測英文級分,
馬偕醫學大學,聽力暨語言治療學系聽力組(薪傳組),152092,1,3,無,無,無,115.5.15至115.5.16,,,,,,,,,,,,,,,,,,,,,,,,,,,,,,,true,,,,,true,,,true,,true,,,true,true,true,true,true,true,,面試,學科能力測驗成績,,
馬偕醫學大學,視光學系(薪傳組),152102,1,3,無,無,無,115.5.16,,,,,,,,,,,,,,,,,,,,,,,,,,,,,,,true,true,true,,,true,true,,true,,,,,true,true,true,true,true,true,,面試,學科能力測驗成績,學測自然級分,
馬偕醫學大學,醫學檢驗暨再生醫學學系(薪傳組),152112,1,3,無,無,無,115.5.16,,,,,,,,,,,,,,,,,,,,,,,,,,,,,,,true,,,true,,true,true,true,true,,,,,true,true,true,true,true,true,,面試,學科能力測驗成績,學測自然級分,
馬偕醫學大學,護理學系(青年儲蓄帳戶組),152122,1,50,無,無,無,115.5.16,後標,,,後標,,,,,,,,,,,,後標,,,,,,,,,,0%,審查資料,面試,,,true,,,,,,,,,,,,,,,,,true,true,,面試,審查資料,,
國立金門大學,應用英語學系,153012,12,48,1,無,2,,,,*2.00,底標,4,*2.00,,,,,,,,,*1.00,,,,,,,,,,,20%,審查資料,,,,true,true,,,,true,,,,,,true,,true,,true,true,,,,審查資料,學測英文級分,學測國文級分,
國立金門大學,運動與休閒學系,153022,21,63,2,無,無,,底標,5,*2.00,,,,,,,,,,,3,*1.00,,,,,,,,,,,20%,審查資料,,,,true,true,,,,true,,,,true,,,true,true,true,true,true,,,,審查資料,學測國文級分,學測社會級分,
國立金門大學,運動與休閒學系(青年儲蓄帳戶組),153032,1,50,無,無,無,,底標,,,,,,,,,,,,,,,,,,,,,,,,,0%,審查資料,,,,true,true,,,,true,,,,true,,,true,true,true,true,true,true,,,,,,
國立金門大學,企業管理學系,153042,23,69,4,無,3,,底標,3,*2.00,,,,,,,,,,,3,*1.00,,,,,,,,,,,40%,審查資料,,,,true,true,,,,true,,,,,,true,,true,true,true,true,true,true,,審查資料,學測國文級分,學測社會級分,
國立金門大學,電機工程學系,153052,24,72,4,無,8,,,3,*2.00,,,,,,,,,,,,,後標,,*1.50,,,,,,,,20%,審查資料,,,,true,true,,,,true,,,,,,,,true,,true,true,true,,,審查資料,學測自然級分,學測國文級分,
國立金門大學,電機工程學系(APCS組),153062,3,36,無,無,無,,,15,*2.00,,,,,,,,,,,,,後標,,*1.50,,,,,,,,20%,審查資料,,,,true,true,,,,true,,,,,,,,true,,true,true,true,,,審查資料,學測自然級分,學測國文級分,
國立金門大學,食品科學系,153072,24,72,2,無,8,,,,,,,,,,,,,,,,,,,,,,,,,,,,,,,,true,true,true,true,,true,true,,true,,true,,,true,true,true,true,true,,,審查資料,學測自然級分,,
國立金門大學,食品科學系(青年儲蓄帳戶組),153082,1,50,無,無,無,,,,,,,,,,,,,,,,,,,,,,,,,,,,,,,,true,true,true,true,,true,true,,true,,true,,,true,true,true,true,true,true,,,,,
國立金門大學,土木與工程管理學系,153092,16,48,2,無,7,,,,*2.00,,,*1.00,,,,,,,,,,後標,,*1.00,,,,國自,,3,,30%,審查資料,,,,true,true,,,,true,,,,,,,,true,true,true,true,true,true,,審查資料,學測國文級分,學測自然級分,學測英文級分
國立金門大學,觀光管理學系,153102,21,63,2,無,無,,底標,3,*2.00,,,,,,,,,,,,,,,,,,,,,,,30%,審查資料,,,,true,true,,,,true,true,true,,,,,,true,true,true,,true,,,審查資料,學測國文級分,,
國立金門大學,觀光管理學系(青年儲蓄帳戶組),153112,1,50,無,無,無,,底標,,,,,,,,,,,,,,,,,,,,,,,,,0%,審查資料,,,,true,true,,,,true,true,true,,,,,,true,true,true,,true,true,,,,,
國立金門大學,資訊工程學系,153122,22,66,2,無,8,,,5,*2.00,,,,後標,3,*1.50,,,,,,,,,*1.50,,,,,,,,40%,審查資料,,,,true,true,,,,true,,,,true,true,,true,true,true,true,true,true,true,,審查資料,學科能力測驗成績,學測數學A級分,學測自然級分
國立金門大學,資訊工程學系(APCS組),153132,3,30,無,無,無,,,15,*2.00,,,,後標,14,*1.50,,,,,,,,,*1.50,,,,,,,,40%,審查資料,,,,true,true,,,,true,,,,true,true,,true,true,true,true,true,true,true,,審查資料,指定項目甄試成績,學測數學A級分,學測自然級分
國立金門大學,資訊工程學系(青年儲蓄帳戶組),153142,1,50,無,無,無,,均標,,,,,,,,,,,,,,,,,,,,,,,,,0%,審查資料,,,,true,true,,,,true,,,,true,true,,true,true,true,true,true,true,true,true,,,,
國立金門大學,建築學系,153152,27,81,2,無,6,,後標,3,*2.00,底標,3,*1.00,,,,,,,,,,,,,,,,,,,,10%,審查資料,,,,true,true,true,true,true,true,true,,true,,true,,,true,,true,true,true,true,,審查資料,學測國英級分總和,學測英文級分,
國立金門大學,國際暨大陸事務學系,153162,21,63,2,無,4,,底標,3,*2.00,,,,,,,,,,,,*2.00,,,,,,,,,,,20%,審查資料,,,,true,true,,,true,true,,true,,,true,,true,true,true,true,true,true,true,,審查資料,學測國文級分,學測社會級分,
國立金門大學,華語文學系,153172,12,48,1,無,3,,底標,4,*2.00,,,,,,,,,,,,,,,,,,,,,,,10%,審查資料,,,,true,true,,,,true,,,,,,,,true,,true,,,,,審查資料,學測國文級分,,
國立金門大學,海洋與邊境管理學系,153182,23,69,2,無,3,,底標,3,*2.00,,,,,,,,,,,,*2.00,,,,,,,,,,,20%,審查資料,,,,true,true,,,,true,true,,,,,,true,true,true,true,true,true,true,,審查資料,學測社會級分,學測國文級分,
國立金門大學,海洋與邊境管理學系(青年儲蓄帳戶組),153192,1,50,無,無,無,,底標,,,,,,,,,,,,,,,,,,,,,,,,,0%,審查資料,,,,true,true,,,,true,true,,,,,,true,true,true,true,true,true,true,true,,,,
國立金門大學,工業工程與管理學系,153202,20,60,2,無,3,,底標,3,*1.00,,,*1.00,,,,,,,,,,,,,,,,,,,,30%,審查資料,,,,true,true,,,,true,,true,true,,,,true,true,true,true,true,true,true,,審查資料,學測英文級分,學測國文級分,
國立金門大學,護理學系(A組),153212,11,50,1,無,4,,後標,6,*2.00,,,,,,,,,,,,,,4.5,*1.00,,,,,,,,30%,審查資料,,,,true,true,,,,true,,,,,,,,true,,true,true,,,,審查資料,學測國文級分,學測自然級分,
國立金門大學,護理學系(B組),153222,9,50,1,無,3,,後標,6,*2.00,,,,,,,,,,,5.5,*1.00,,,,,,,,,,,30%,審查資料,,,,true,true,,,,true,,,,,,,,true,,true,true,,,,審查資料,學測國文級分,學測社會級分,
國立金門大學,長期照護學系,153232,22,66,1,無,5,,底標,3,*2.00,,,,,,,,,,,,,,,,,,,,,,,30%,審查資料,,,,true,true,,,,true,,,true,,,,,true,true,true,true,true,,,審查資料,學測國文級分,,
國立金門大學,社會工作學系,153242,18,54,2,無,6,,底標,3,*2.00,,,,,,,,,,,,,,,,,,,,,,,30%,審查資料,,,,true,true,,,,true,true,true,true,,,,,true,true,true,true,,,,審查資料,學測國文級分,,
國立金門大學,都市計畫與景觀學系,153252,21,63,2,無,1,,底標,5,*1.00,,,,,,,,,,,3,*2.00,,,,,,,,,,,20%,審查資料,,,,true,true,true,,,true,,,,,true,,,true,,true,true,,,,審查資料,學測國社級分總和,學測社會級分,學測國文級分
